 Image mcr.microsoft.com/azure-sql-edge Pulling 
 Image mcr.microsoft.com/devcontainers/base:jammy Pulling 
 dcc7b800eec9 Pulling fs layer 0B
 57f13386bc1b Pulling fs layer 0B
 c62c3fc0300d Pulling fs layer 0B
 c62c3fc0300d Downloading 157.3MB
 dcc7b800eec9 Downloading 68.16MB
 57f13386bc1b Already exists 0B
 dcc7b800eec9 Downloading 68.16MB
 c62c3fc0300d Downloading 157.3MB
 c62c3fc0300d Downloading 157.3MB
 dcc7b800eec9 Downloading 68.16MB
 dcc7b800eec9 Downloading 68.16MB
 c62c3fc0300d Downloading 157.3MB
 dcc7b800eec9 Downloading 68.16MB
 c62c3fc0300d Downloading 157.3MB
 dcc7b800eec9 Downloading 68.16MB
 c62c3fc0300d Downloading 157.3MB
 dcc7b800eec9 Downloading 68.16MB
 c62c3fc0300d Downloading 157.3MB
 dcc7b800eec9 Downloading 68.16MB
 c62c3fc0300d Downloading 157.3MB
 dcc7b800eec9 Downloading 68.16MB
 c62c3fc0300d Downloading 157.3MB
 dcc7b800eec9 Downloading 68.16MB
 c62c3fc0300d Downloading 157.3MB
 dcc7b800eec9 Downloading 68.16MB
 c62c3fc0300d Downloading 157.3MB
 c62c3fc0300d Downloading 157.3MB
 dcc7b800eec9 Downloading 68.16MB
 Image mcr.microsoft.com/devcontainers/base:jammy Pulled 
 c62c3fc0300d Downloading 157.3MB
 dcc7b800eec9 Downloading 68.16MB
 c62c3fc0300d Downloading 157.3MB
 dcc7b800eec9 Downloading 68.16MB
 dcc7b800eec9 Downloading 68.16MB
 c62c3fc0300d Downloading 157.3MB
 dcc7b800eec9 Downloading 68.16MB
 c62c3fc0300d Downloading 157.3MB
 c62c3fc0300d Downloading 157.3MB
 dcc7b800eec9 Downloading 68.16MB
 dcc7b800eec9 Downloading 68.16MB
 c62c3fc0300d Downloading 157.3MB
 dcc7b800eec9 Downloading 68.16MB
 c62c3fc0300d Downloading 157.3MB
 dcc7b800eec9 Downloading 68.16MB
 c62c3fc0300d Downloading 157.3MB
 c62c3fc0300d Downloading 157.3MB
 dcc7b800eec9 Downloading 68.16MB
 dcc7b800eec9 Downloading 68.16MB
 c62c3fc0300d Downloading 157.3MB
 dcc7b800eec9 Downloading 68.16MB
 c62c3fc0300d Downloading 157.3MB
 dcc7b800eec9 Downloading 68.16MB
 c62c3fc0300d Downloading 157.3MB
 dcc7b800eec9 Downloading 68.16MB
 c62c3fc0300d Downloading 157.3MB
 dcc7b800eec9 Downloading 68.16MB
 c62c3fc0300d Downloading 157.3MB
 dcc7b800eec9 Downloading 68.16MB
 c62c3fc0300d Downloading 157.3MB
 dcc7b800eec9 Downloading 68.16MB
 c62c3fc0300d Downloading 157.3MB
 dcc7b800eec9 Downloading 68.16MB
 c62c3fc0300d Downloading 157.3MB
 dcc7b800eec9 Downloading 68.16MB
 c62c3fc0300d Downloading 157.3MB
 c62c3fc0300d Downloading 157.3MB
 dcc7b800eec9 Downloading 68.16MB
 c62c3fc0300d Downloading 157.3MB
 dcc7b800eec9 Downloading 68.16MB
 dcc7b800eec9 Downloading 68.16MB
 c62c3fc0300d Downloading 157.3MB
 dcc7b800eec9 Downloading 68.16MB
 c62c3fc0300d Downloading 157.3MB
 dcc7b800eec9 Downloading 68.16MB
 c62c3fc0300d Downloading 157.3MB
 dcc7b800eec9 Downloading 69.21MB
 c62c3fc0300d Downloading 158.3MB
 dcc7b800eec9 Downloading 69.21MB
 c62c3fc0300d Downloading 158.3MB
 dcc7b800eec9 Downloading 69.21MB
 c62c3fc0300d Downloading 158.3MB
 dcc7b800eec9 Downloading 69.21MB
 c62c3fc0300d Downloading 158.3MB
 dcc7b800eec9 Downloading 69.21MB
 c62c3fc0300d Downloading 158.3MB
 c62c3fc0300d Downloading 158.3MB
 dcc7b800eec9 Downloading 69.21MB
 dcc7b800eec9 Downloading 69.21MB
 c62c3fc0300d Downloading 158.3MB
 c62c3fc0300d Downloading 158.3MB
 dcc7b800eec9 Downloading 69.21MB
 c62c3fc0300d Downloading 158.3MB
 dcc7b800eec9 Downloading 69.21MB
 dcc7b800eec9 Downloading 69.21MB
 c62c3fc0300d Downloading 158.3MB
 dcc7b800eec9 Downloading 69.21MB
 c62c3fc0300d Downloading 158.3MB
 dcc7b800eec9 Downloading 69.21MB
 c62c3fc0300d Downloading 158.3MB
 c62c3fc0300d Downloading 158.3MB
 dcc7b800eec9 Downloading 69.21MB
 dcc7b800eec9 Downloading 69.21MB
 c62c3fc0300d Downloading 158.3MB
 dcc7b800eec9 Downloading 69.21MB
 c62c3fc0300d Downloading 158.3MB
 dcc7b800eec9 Downloading 69.21MB
 c62c3fc0300d Downloading 158.3MB
 c62c3fc0300d Downloading 158.3MB
 dcc7b800eec9 Downloading 69.21MB
 c62c3fc0300d Downloading 158.3MB
 dcc7b800eec9 Downloading 69.21MB
 dcc7b800eec9 Downloading 69.21MB
 c62c3fc0300d Downloading 158.3MB
 dcc7b800eec9 Downloading 69.21MB
 c62c3fc0300d Downloading 158.3MB
 dcc7b800eec9 Downloading 69.21MB
 c62c3fc0300d Downloading 158.3MB
 dcc7b800eec9 Downloading 69.21MB
 c62c3fc0300d Downloading 158.3MB
 dcc7b800eec9 Downloading 69.21MB
 c62c3fc0300d Downloading 158.3MB
 dcc7b800eec9 Downloading 69.21MB
 c62c3fc0300d Downloading 158.3MB
 dcc7b800eec9 Downloading 69.21MB
 c62c3fc0300d Downloading 158.3MB
 dcc7b800eec9 Downloading 69.21MB
 c62c3fc0300d Downloading 158.3MB
 dcc7b800eec9 Downloading 69.21MB
 c62c3fc0300d Downloading 158.3MB
 dcc7b800eec9 Downloading 69.21MB
 c62c3fc0300d Downloading 158.3MB
 dcc7b800eec9 Downloading 69.21MB
 c62c3fc0300d Downloading 158.3MB
 c62c3fc0300d Downloading 158.3MB
 dcc7b800eec9 Downloading 69.21MB
 dcc7b800eec9 Downloading 69.21MB
 c62c3fc0300d Downloading 158.3MB
 dcc7b800eec9 Downloading 69.21MB
 c62c3fc0300d Downloading 158.3MB
 dcc7b800eec9 Downloading 69.21MB
 c62c3fc0300d Downloading 158.3MB
 dcc7b800eec9 Downloading 69.21MB
 c62c3fc0300d Downloading 158.3MB
 dcc7b800eec9 Downloading 69.21MB
 c62c3fc0300d Downloading 158.3MB
 c62c3fc0300d Downloading 158.3MB
 dcc7b800eec9 Downloading 69.21MB
 c62c3fc0300d Downloading 158.3MB
 dcc7b800eec9 Downloading 69.21MB
 dcc7b800eec9 Downloading 69.21MB
 c62c3fc0300d Downloading 158.3MB
 dcc7b800eec9 Downloading 69.21MB
 c62c3fc0300d Downloading 158.3MB
 c62c3fc0300d Downloading 158.3MB
 dcc7b800eec9 Downloading 69.21MB
 dcc7b800eec9 Downloading 69.21MB
 c62c3fc0300d Downloading 158.3MB
 dcc7b800eec9 Downloading 69.21MB
 c62c3fc0300d Downloading 158.3MB
 dcc7b800eec9 Downloading 69.21MB
 c62c3fc0300d Downloading 158.3MB
 c62c3fc0300d Downloading 158.3MB
 dcc7b800eec9 Downloading 69.21MB
 dcc7b800eec9 Downloading 69.21MB
 c62c3fc0300d Downloading 158.3MB
 dcc7b800eec9 Downloading 69.21MB
 c62c3fc0300d Downloading 158.3MB
 dcc7b800eec9 Downloading 69.21MB
 c62c3fc0300d Downloading 158.3MB
 dcc7b800eec9 Downloading 69.21MB
 c62c3fc0300d Downloading 158.3MB
 dcc7b800eec9 Downloading 69.21MB
 c62c3fc0300d Downloading 158.3MB
 dcc7b800eec9 Downloading 69.21MB
 c62c3fc0300d Downloading 158.3MB
 dcc7b800eec9 Downloading 69.21MB
 c62c3fc0300d Downloading 158.3MB
 dcc7b800eec9 Downloading 70.25MB
 c62c3fc0300d Downloading 158.3MB
 dcc7b800eec9 Downloading 70.25MB
 c62c3fc0300d Downloading 158.3MB
 c62c3fc0300d Downloading 158.3MB
 dcc7b800eec9 Downloading 70.25MB
 dcc7b800eec9 Downloading 70.25MB
 c62c3fc0300d Downloading 158.3MB
 c62c3fc0300d Downloading 159.4MB
 dcc7b800eec9 Downloading 70.25MB
 dcc7b800eec9 Downloading 70.25MB
 c62c3fc0300d Downloading 159.4MB
 dcc7b800eec9 Downloading 70.25MB
 c62c3fc0300d Downloading 159.4MB
 dcc7b800eec9 Downloading 70.25MB
 c62c3fc0300d Downloading 159.4MB
 dcc7b800eec9 Downloading 70.25MB
 c62c3fc0300d Downloading 159.4MB
 c62c3fc0300d Downloading 159.4MB
 dcc7b800eec9 Downloading 70.25MB
 dcc7b800eec9 Downloading 70.25MB
 c62c3fc0300d Downloading 159.4MB
 dcc7b800eec9 Downloading 70.25MB
 c62c3fc0300d Downloading 159.4MB
 dcc7b800eec9 Downloading 70.25MB
 c62c3fc0300d Downloading 159.4MB
 dcc7b800eec9 Downloading 70.25MB
 c62c3fc0300d Downloading 159.4MB
 dcc7b800eec9 Downloading 70.25MB
 c62c3fc0300d Downloading 159.4MB
 dcc7b800eec9 Downloading 70.25MB
 c62c3fc0300d Downloading 159.4MB
 dcc7b800eec9 Downloading 70.25MB
 c62c3fc0300d Downloading 159.4MB
 dcc7b800eec9 Downloading 70.25MB
 c62c3fc0300d Downloading 159.4MB
 c62c3fc0300d Downloading 159.4MB
 dcc7b800eec9 Downloading 70.25MB
 dcc7b800eec9 Downloading 70.25MB
 c62c3fc0300d Downloading 159.4MB
 dcc7b800eec9 Downloading 70.25MB
 c62c3fc0300d Downloading 159.4MB
 dcc7b800eec9 Downloading 70.25MB
 c62c3fc0300d Downloading 159.4MB
 dcc7b800eec9 Downloading 70.25MB
 c62c3fc0300d Downloading 159.4MB
 dcc7b800eec9 Downloading 70.25MB
 c62c3fc0300d Downloading 159.4MB
 dcc7b800eec9 Downloading 70.25MB
 c62c3fc0300d Downloading 159.4MB
 dcc7b800eec9 Downloading 70.25MB
 c62c3fc0300d Downloading 159.4MB
 dcc7b800eec9 Downloading 70.25MB
 c62c3fc0300d Downloading 159.4MB
 c62c3fc0300d Downloading 159.4MB
 dcc7b800eec9 Downloading 70.25MB
 dcc7b800eec9 Downloading 70.25MB
 c62c3fc0300d Downloading 159.4MB
 dcc7b800eec9 Downloading 70.25MB
 c62c3fc0300d Downloading 159.4MB
 c62c3fc0300d Downloading 159.4MB
 dcc7b800eec9 Downloading 70.25MB
 dcc7b800eec9 Downloading 70.25MB
 c62c3fc0300d Downloading 160.4MB
 dcc7b800eec9 Downloading 70.25MB
 c62c3fc0300d Downloading 160.4MB
 dcc7b800eec9 Downloading 70.25MB
 c62c3fc0300d Downloading 160.4MB
 dcc7b800eec9 Downloading 70.25MB
 c62c3fc0300d Downloading 160.4MB
 dcc7b800eec9 Downloading 70.25MB
 c62c3fc0300d Downloading 160.4MB
 dcc7b800eec9 Downloading 70.25MB
 c62c3fc0300d Downloading 160.4MB
 dcc7b800eec9 Downloading 70.25MB
 c62c3fc0300d Downloading 160.4MB
 dcc7b800eec9 Downloading 70.25MB
 c62c3fc0300d Downloading 160.4MB
 c62c3fc0300d Downloading 160.4MB
 dcc7b800eec9 Downloading 70.25MB
 dcc7b800eec9 Downloading 70.25MB
 c62c3fc0300d Downloading 160.4MB
 dcc7b800eec9 Downloading 70.25MB
 c62c3fc0300d Downloading 160.4MB
 dcc7b800eec9 Downloading 70.25MB
 c62c3fc0300d Downloading 160.4MB
 dcc7b800eec9 Downloading 70.25MB
 c62c3fc0300d Downloading 160.4MB
 dcc7b800eec9 Downloading 70.25MB
 c62c3fc0300d Downloading 160.4MB
 dcc7b800eec9 Downloading 70.25MB
 c62c3fc0300d Downloading 160.4MB
 c62c3fc0300d Downloading 160.4MB
 dcc7b800eec9 Downloading 70.25MB
 dcc7b800eec9 Downloading 70.25MB
 c62c3fc0300d Downloading 160.4MB
 c62c3fc0300d Downloading 160.4MB
 dcc7b800eec9 Downloading 70.25MB
 dcc7b800eec9 Downloading 71.3MB
 c62c3fc0300d Downloading 160.4MB
 dcc7b800eec9 Downloading 71.3MB
 c62c3fc0300d Downloading 160.4MB
 c62c3fc0300d Downloading 160.4MB
 dcc7b800eec9 Downloading 71.3MB
 dcc7b800eec9 Downloading 71.3MB
 c62c3fc0300d Downloading 160.4MB
 c62c3fc0300d Downloading 160.4MB
 dcc7b800eec9 Downloading 71.3MB
 c62c3fc0300d Downloading 160.4MB
 dcc7b800eec9 Downloading 71.3MB
 dcc7b800eec9 Downloading 71.3MB
 c62c3fc0300d Downloading 160.4MB
 dcc7b800eec9 Downloading 71.3MB
 c62c3fc0300d Downloading 160.4MB
 c62c3fc0300d Downloading 161.5MB
 dcc7b800eec9 Downloading 71.3MB
 dcc7b800eec9 Downloading 71.3MB
 c62c3fc0300d Downloading 161.5MB
 dcc7b800eec9 Downloading 71.3MB
 c62c3fc0300d Downloading 161.5MB
 dcc7b800eec9 Downloading 71.3MB
 c62c3fc0300d Downloading 161.5MB
 c62c3fc0300d Downloading 161.5MB
 dcc7b800eec9 Downloading 71.3MB
 dcc7b800eec9 Downloading 71.3MB
 c62c3fc0300d Downloading 161.5MB
 dcc7b800eec9 Downloading 71.3MB
 c62c3fc0300d Downloading 161.5MB
 c62c3fc0300d Downloading 161.5MB
 dcc7b800eec9 Downloading 71.3MB
 dcc7b800eec9 Downloading 71.3MB
 c62c3fc0300d Downloading 161.5MB
 c62c3fc0300d Downloading 161.5MB
 dcc7b800eec9 Downloading 71.3MB
 dcc7b800eec9 Downloading 71.3MB
 c62c3fc0300d Downloading 161.5MB
 dcc7b800eec9 Downloading 71.3MB
 c62c3fc0300d Downloading 161.5MB
 dcc7b800eec9 Downloading 71.3MB
 c62c3fc0300d Downloading 161.5MB
 c62c3fc0300d Downloading 161.5MB
 dcc7b800eec9 Downloading 71.3MB
 dcc7b800eec9 Downloading 71.3MB
 c62c3fc0300d Downloading 161.5MB
 c62c3fc0300d Downloading 161.5MB
 dcc7b800eec9 Downloading 71.3MB
 dcc7b800eec9 Downloading 72.35MB
 c62c3fc0300d Downloading 161.5MB
 dcc7b800eec9 Downloading 72.35MB
 c62c3fc0300d Downloading 161.5MB
 dcc7b800eec9 Downloading 72.35MB
 c62c3fc0300d Downloading 161.5MB
 dcc7b800eec9 Downloading 72.35MB
 c62c3fc0300d Downloading 161.5MB
 dcc7b800eec9 Downloading 72.35MB
 c62c3fc0300d Downloading 161.5MB
 dcc7b800eec9 Downloading 72.35MB
 c62c3fc0300d Downloading 161.5MB
 dcc7b800eec9 Downloading 72.35MB
 c62c3fc0300d Downloading 161.5MB
 dcc7b800eec9 Downloading 72.35MB
 c62c3fc0300d Downloading 161.5MB
 dcc7b800eec9 Downloading 72.35MB
 c62c3fc0300d Downloading 161.5MB
 dcc7b800eec9 Downloading 72.35MB
 c62c3fc0300d Downloading 162.5MB
 c62c3fc0300d Downloading 162.5MB
 dcc7b800eec9 Downloading 72.35MB
 dcc7b800eec9 Downloading 72.35MB
 c62c3fc0300d Downloading 162.5MB
 dcc7b800eec9 Downloading 72.35MB
 c62c3fc0300d Downloading 162.5MB
 c62c3fc0300d Downloading 162.5MB
 dcc7b800eec9 Downloading 72.35MB
 c62c3fc0300d Downloading 162.5MB
 dcc7b800eec9 Downloading 72.35MB
 c62c3fc0300d Downloading 162.5MB
 dcc7b800eec9 Downloading 72.35MB
 c62c3fc0300d Downloading 162.5MB
 dcc7b800eec9 Downloading 72.35MB
 dcc7b800eec9 Downloading 72.35MB
 c62c3fc0300d Downloading 162.5MB
 dcc7b800eec9 Downloading 72.35MB
 c62c3fc0300d Downloading 162.5MB
 dcc7b800eec9 Downloading 72.35MB
 c62c3fc0300d Downloading 162.5MB
 c62c3fc0300d Downloading 162.5MB
 dcc7b800eec9 Downloading 72.35MB
 dcc7b800eec9 Downloading 72.35MB
 c62c3fc0300d Downloading 162.5MB
 dcc7b800eec9 Downloading 72.35MB
 c62c3fc0300d Downloading 162.5MB
 dcc7b800eec9 Downloading 72.35MB
 c62c3fc0300d Downloading 162.5MB
 dcc7b800eec9 Downloading 72.35MB
 c62c3fc0300d Downloading 162.5MB
 dcc7b800eec9 Downloading 72.35MB
 c62c3fc0300d Downloading 162.5MB
 dcc7b800eec9 Downloading 72.35MB
 c62c3fc0300d Downloading 162.5MB
 dcc7b800eec9 Downloading 72.35MB
 c62c3fc0300d Downloading 162.5MB
 c62c3fc0300d Downloading 162.5MB
 dcc7b800eec9 Downloading 73.4MB
 c62c3fc0300d Downloading 162.5MB
 dcc7b800eec9 Downloading 73.4MB
 c62c3fc0300d Downloading 162.5MB
 dcc7b800eec9 Downloading 73.4MB
 dcc7b800eec9 Downloading 73.4MB
 c62c3fc0300d Downloading 162.5MB
 dcc7b800eec9 Downloading 73.4MB
 c62c3fc0300d Downloading 162.5MB
 dcc7b800eec9 Downloading 73.4MB
 c62c3fc0300d Downloading 162.5MB
 c62c3fc0300d Downloading 162.5MB
 dcc7b800eec9 Downloading 73.4MB
 dcc7b800eec9 Downloading 73.4MB
 c62c3fc0300d Downloading 162.5MB
 dcc7b800eec9 Downloading 73.4MB
 c62c3fc0300d Downloading 162.5MB
 dcc7b800eec9 Downloading 73.4MB
 c62c3fc0300d Downloading 162.5MB
 c62c3fc0300d Downloading 162.5MB
 dcc7b800eec9 Downloading 73.4MB
 dcc7b800eec9 Downloading 73.4MB
 c62c3fc0300d Downloading 162.5MB
 dcc7b800eec9 Downloading 73.4MB
 c62c3fc0300d Downloading 162.5MB
 dcc7b800eec9 Downloading 73.4MB
 c62c3fc0300d Downloading 162.5MB
 dcc7b800eec9 Downloading 73.4MB
 c62c3fc0300d Downloading 162.5MB
 c62c3fc0300d Downloading 162.5MB
 dcc7b800eec9 Downloading 73.4MB
 c62c3fc0300d Downloading 162.5MB
 dcc7b800eec9 Downloading 73.4MB
 dcc7b800eec9 Downloading 73.4MB
 c62c3fc0300d Downloading 162.5MB
 dcc7b800eec9 Downloading 73.4MB
 c62c3fc0300d Downloading 162.5MB
 dcc7b800eec9 Downloading 73.4MB
 c62c3fc0300d Downloading 162.5MB
 dcc7b800eec9 Downloading 73.4MB
 c62c3fc0300d Downloading 162.5MB
 dcc7b800eec9 Downloading 73.4MB
 c62c3fc0300d Downloading 162.5MB
 c62c3fc0300d Downloading 162.5MB
 dcc7b800eec9 Downloading 73.4MB
 dcc7b800eec9 Downloading 73.4MB
 c62c3fc0300d Downloading 162.5MB
 dcc7b800eec9 Downloading 73.4MB
 c62c3fc0300d Downloading 162.5MB
 dcc7b800eec9 Downloading 73.4MB
 c62c3fc0300d Downloading 162.5MB
 dcc7b800eec9 Downloading 73.4MB
 c62c3fc0300d Downloading 162.5MB
 c62c3fc0300d Downloading 162.5MB
 dcc7b800eec9 Downloading 73.4MB
 c62c3fc0300d Downloading 162.5MB
 dcc7b800eec9 Downloading 73.4MB
 dcc7b800eec9 Downloading 73.4MB
 c62c3fc0300d Downloading 162.5MB
 dcc7b800eec9 Downloading 73.4MB
 c62c3fc0300d Downloading 162.5MB
 dcc7b800eec9 Downloading 73.4MB
 c62c3fc0300d Downloading 162.5MB
 dcc7b800eec9 Downloading 73.4MB
 c62c3fc0300d Downloading 162.5MB
 c62c3fc0300d Downloading 162.5MB
 dcc7b800eec9 Downloading 73.4MB
 dcc7b800eec9 Downloading 73.4MB
 c62c3fc0300d Downloading 162.5MB
 c62c3fc0300d Downloading 162.5MB
 dcc7b800eec9 Downloading 73.4MB
 dcc7b800eec9 Downloading 73.4MB
 c62c3fc0300d Downloading 162.5MB
 c62c3fc0300d Downloading 162.5MB
 dcc7b800eec9 Downloading 73.4MB
 dcc7b800eec9 Downloading 73.4MB
 c62c3fc0300d Downloading 162.5MB
 dcc7b800eec9 Downloading 73.4MB
 c62c3fc0300d Downloading 162.5MB
 dcc7b800eec9 Downloading 73.4MB
 c62c3fc0300d Downloading 162.5MB
 dcc7b800eec9 Downloading 73.4MB
 c62c3fc0300d Downloading 162.5MB
 c62c3fc0300d Downloading 162.5MB
 dcc7b800eec9 Downloading 74.45MB
 dcc7b800eec9 Downloading 74.45MB
 c62c3fc0300d Downloading 163.6MB
 c62c3fc0300d Downloading 163.6MB
 dcc7b800eec9 Downloading 74.45MB
 dcc7b800eec9 Downloading 74.45MB
 c62c3fc0300d Downloading 163.6MB
 dcc7b800eec9 Downloading 74.45MB
 c62c3fc0300d Downloading 163.6MB
 dcc7b800eec9 Downloading 74.45MB
 c62c3fc0300d Downloading 163.6MB
 c62c3fc0300d Downloading 163.6MB
 dcc7b800eec9 Downloading 74.45MB
 c62c3fc0300d Downloading 163.6MB
 dcc7b800eec9 Downloading 74.45MB
 dcc7b800eec9 Downloading 74.45MB
 c62c3fc0300d Downloading 163.6MB
 dcc7b800eec9 Downloading 74.45MB
 c62c3fc0300d Downloading 163.6MB
 dcc7b800eec9 Downloading 74.45MB
 c62c3fc0300d Downloading 163.6MB
 c62c3fc0300d Downloading 163.6MB
 dcc7b800eec9 Downloading 74.45MB
 dcc7b800eec9 Downloading 74.45MB
 c62c3fc0300d Downloading 163.6MB
 dcc7b800eec9 Downloading 74.45MB
 c62c3fc0300d Downloading 163.6MB
 dcc7b800eec9 Downloading 74.45MB
 c62c3fc0300d Downloading 163.6MB
 dcc7b800eec9 Downloading 74.45MB
 c62c3fc0300d Downloading 163.6MB
 c62c3fc0300d Downloading 163.6MB
 dcc7b800eec9 Downloading 74.45MB
 dcc7b800eec9 Downloading 74.45MB
 c62c3fc0300d Downloading 163.6MB
 dcc7b800eec9 Downloading 74.45MB
 c62c3fc0300d Downloading 164.6MB
 c62c3fc0300d Downloading 164.6MB
 dcc7b800eec9 Downloading 74.45MB
 dcc7b800eec9 Downloading 74.45MB
 c62c3fc0300d Downloading 164.6MB
 dcc7b800eec9 Downloading 74.45MB
 c62c3fc0300d Downloading 164.6MB
 c62c3fc0300d Downloading 164.6MB
 dcc7b800eec9 Downloading 74.45MB
 dcc7b800eec9 Downloading 74.45MB
 c62c3fc0300d Downloading 164.6MB
 dcc7b800eec9 Downloading 74.45MB
 c62c3fc0300d Downloading 164.6MB
 dcc7b800eec9 Downloading 74.45MB
 c62c3fc0300d Downloading 164.6MB
 dcc7b800eec9 Downloading 74.45MB
 c62c3fc0300d Downloading 164.6MB
 dcc7b800eec9 Downloading 74.45MB
 c62c3fc0300d Downloading 164.6MB
 dcc7b800eec9 Downloading 74.45MB
 c62c3fc0300d Downloading 164.6MB
 dcc7b800eec9 Downloading 74.45MB
 c62c3fc0300d Downloading 164.6MB
 dcc7b800eec9 Downloading 75.5MB
 c62c3fc0300d Downloading 164.6MB
 c62c3fc0300d Downloading 164.6MB
 dcc7b800eec9 Downloading 75.5MB
 dcc7b800eec9 Downloading 75.5MB
 c62c3fc0300d Downloading 164.6MB
 dcc7b800eec9 Downloading 75.5MB
 c62c3fc0300d Downloading 164.6MB
 c62c3fc0300d Downloading 164.6MB
 dcc7b800eec9 Downloading 75.5MB
 c62c3fc0300d Downloading 164.6MB
 dcc7b800eec9 Downloading 75.5MB
 dcc7b800eec9 Downloading 75.5MB
 c62c3fc0300d Downloading 164.6MB
 dcc7b800eec9 Downloading 75.5MB
 c62c3fc0300d Downloading 164.6MB
 dcc7b800eec9 Downloading 75.5MB
 c62c3fc0300d Downloading 164.6MB
 c62c3fc0300d Downloading 165.7MB
 dcc7b800eec9 Downloading 75.5MB
 c62c3fc0300d Downloading 165.7MB
 dcc7b800eec9 Downloading 75.5MB
 c62c3fc0300d Downloading 165.7MB
 dcc7b800eec9 Downloading 75.5MB
 dcc7b800eec9 Downloading 75.5MB
 c62c3fc0300d Downloading 165.7MB
 dcc7b800eec9 Downloading 75.5MB
 c62c3fc0300d Downloading 165.7MB
 dcc7b800eec9 Downloading 75.5MB
 c62c3fc0300d Downloading 165.7MB
 dcc7b800eec9 Downloading 75.5MB
 c62c3fc0300d Downloading 165.7MB
 dcc7b800eec9 Downloading 75.5MB
 c62c3fc0300d Downloading 165.7MB
 dcc7b800eec9 Downloading 75.5MB
 c62c3fc0300d Downloading 165.7MB
 dcc7b800eec9 Downloading 75.5MB
 c62c3fc0300d Downloading 165.7MB
 dcc7b800eec9 Downloading 75.5MB
 c62c3fc0300d Downloading 165.7MB
 dcc7b800eec9 Downloading 75.5MB
 c62c3fc0300d Downloading 165.7MB
 dcc7b800eec9 Downloading 75.5MB
 c62c3fc0300d Downloading 165.7MB
 dcc7b800eec9 Downloading 75.5MB
 c62c3fc0300d Downloading 165.7MB
 c62c3fc0300d Downloading 165.7MB
 dcc7b800eec9 Downloading 75.5MB
 dcc7b800eec9 Downloading 75.5MB
 c62c3fc0300d Downloading 165.7MB
 dcc7b800eec9 Downloading 75.5MB
 c62c3fc0300d Downloading 165.7MB
 dcc7b800eec9 Downloading 75.5MB
 c62c3fc0300d Downloading 165.7MB
 dcc7b800eec9 Downloading 75.5MB
 c62c3fc0300d Downloading 165.7MB
 c62c3fc0300d Downloading 165.7MB
 dcc7b800eec9 Downloading 75.5MB
 dcc7b800eec9 Downloading 76.55MB
 c62c3fc0300d Downloading 165.7MB
 dcc7b800eec9 Downloading 76.55MB
 c62c3fc0300d Downloading 165.7MB
 dcc7b800eec9 Downloading 76.55MB
 c62c3fc0300d Downloading 165.7MB
 c62c3fc0300d Downloading 165.7MB
 dcc7b800eec9 Downloading 76.55MB
 dcc7b800eec9 Downloading 76.55MB
 c62c3fc0300d Downloading 165.7MB
 dcc7b800eec9 Downloading 76.55MB
 c62c3fc0300d Downloading 165.7MB
 dcc7b800eec9 Downloading 76.55MB
 c62c3fc0300d Downloading 165.7MB
 c62c3fc0300d Downloading 165.7MB
 dcc7b800eec9 Downloading 76.55MB
 dcc7b800eec9 Downloading 76.55MB
 c62c3fc0300d Downloading 165.7MB
 c62c3fc0300d Downloading 165.7MB
 dcc7b800eec9 Downloading 76.55MB
 c62c3fc0300d Downloading 166.7MB
 dcc7b800eec9 Downloading 76.55MB
 c62c3fc0300d Downloading 166.7MB
 dcc7b800eec9 Downloading 76.55MB
 c62c3fc0300d Downloading 166.7MB
 dcc7b800eec9 Downloading 76.55MB
 c62c3fc0300d Downloading 166.7MB
 dcc7b800eec9 Downloading 76.55MB
 dcc7b800eec9 Downloading 76.55MB
 c62c3fc0300d Downloading 166.7MB
 dcc7b800eec9 Downloading 76.55MB
 c62c3fc0300d Downloading 166.7MB
 dcc7b800eec9 Downloading 76.55MB
 c62c3fc0300d Downloading 166.7MB
 dcc7b800eec9 Downloading 76.55MB
 c62c3fc0300d Downloading 166.7MB
 c62c3fc0300d Downloading 166.7MB
 dcc7b800eec9 Downloading 76.55MB
 dcc7b800eec9 Downloading 76.55MB
 c62c3fc0300d Downloading 166.7MB
 dcc7b800eec9 Downloading 76.55MB
 c62c3fc0300d Downloading 166.7MB
 c62c3fc0300d Downloading 166.7MB
 dcc7b800eec9 Downloading 76.55MB
 dcc7b800eec9 Downloading 76.55MB
 c62c3fc0300d Downloading 166.7MB
 dcc7b800eec9 Downloading 76.55MB
 c62c3fc0300d Downloading 166.7MB
 dcc7b800eec9 Downloading 76.55MB
 c62c3fc0300d Downloading 166.7MB
 dcc7b800eec9 Downloading 76.55MB
 c62c3fc0300d Downloading 166.7MB
 c62c3fc0300d Downloading 166.7MB
 dcc7b800eec9 Downloading 76.55MB
 c62c3fc0300d Downloading 166.7MB
 dcc7b800eec9 Downloading 76.55MB
 dcc7b800eec9 Downloading 77.59MB
 c62c3fc0300d Downloading 166.7MB
 dcc7b800eec9 Downloading 77.59MB
 c62c3fc0300d Downloading 166.7MB
 dcc7b800eec9 Downloading 77.59MB
 c62c3fc0300d Downloading 166.7MB
 dcc7b800eec9 Downloading 77.59MB
 c62c3fc0300d Downloading 166.7MB
 dcc7b800eec9 Downloading 77.59MB
 c62c3fc0300d Downloading 166.7MB
 c62c3fc0300d Downloading 166.7MB
 dcc7b800eec9 Downloading 77.59MB
 c62c3fc0300d Downloading 166.7MB
 dcc7b800eec9 Downloading 77.59MB
 dcc7b800eec9 Downloading 77.59MB
 c62c3fc0300d Downloading 166.7MB
 dcc7b800eec9 Downloading 77.59MB
 c62c3fc0300d Downloading 166.7MB
 dcc7b800eec9 Downloading 77.59MB
 c62c3fc0300d Downloading 166.7MB
 dcc7b800eec9 Downloading 77.59MB
 c62c3fc0300d Downloading 166.7MB
 c62c3fc0300d Downloading 166.7MB
 dcc7b800eec9 Downloading 77.59MB
 dcc7b800eec9 Downloading 77.59MB
 c62c3fc0300d Downloading 166.7MB
 c62c3fc0300d Downloading 166.7MB
 dcc7b800eec9 Downloading 77.59MB
 dcc7b800eec9 Downloading 77.59MB
 c62c3fc0300d Downloading 166.7MB
 c62c3fc0300d Downloading 167.8MB
 dcc7b800eec9 Downloading 77.59MB
 c62c3fc0300d Downloading 167.8MB
 dcc7b800eec9 Downloading 77.59MB
 dcc7b800eec9 Downloading 77.59MB
 c62c3fc0300d Downloading 167.8MB
 c62c3fc0300d Downloading 167.8MB
 dcc7b800eec9 Downloading 77.59MB
 c62c3fc0300d Downloading 167.8MB
 dcc7b800eec9 Downloading 77.59MB
 dcc7b800eec9 Downloading 77.59MB
 c62c3fc0300d Downloading 167.8MB
 dcc7b800eec9 Downloading 77.59MB
 c62c3fc0300d Downloading 167.8MB
 c62c3fc0300d Downloading 167.8MB
 dcc7b800eec9 Downloading 77.59MB
 c62c3fc0300d Downloading 167.8MB
 dcc7b800eec9 Downloading 77.59MB
 dcc7b800eec9 Downloading 77.59MB
 c62c3fc0300d Downloading 167.8MB
 dcc7b800eec9 Downloading 78.64MB
 c62c3fc0300d Downloading 167.8MB
 dcc7b800eec9 Downloading 78.64MB
 c62c3fc0300d Downloading 167.8MB
 c62c3fc0300d Downloading 167.8MB
 dcc7b800eec9 Downloading 78.64MB
 c62c3fc0300d Downloading 167.8MB
 dcc7b800eec9 Downloading 78.64MB
 dcc7b800eec9 Downloading 78.64MB
 c62c3fc0300d Downloading 167.8MB
 dcc7b800eec9 Downloading 78.64MB
 c62c3fc0300d Downloading 167.8MB
 c62c3fc0300d Downloading 167.8MB
 dcc7b800eec9 Downloading 78.64MB
 c62c3fc0300d Downloading 167.8MB
 dcc7b800eec9 Downloading 78.64MB
 dcc7b800eec9 Downloading 78.64MB
 c62c3fc0300d Downloading 167.8MB
 dcc7b800eec9 Downloading 78.64MB
 c62c3fc0300d Downloading 167.8MB
 dcc7b800eec9 Downloading 78.64MB
 c62c3fc0300d Downloading 167.8MB
 dcc7b800eec9 Downloading 78.64MB
 c62c3fc0300d Downloading 167.8MB
 dcc7b800eec9 Downloading 78.64MB
 c62c3fc0300d Downloading 167.8MB
 dcc7b800eec9 Downloading 78.64MB
 c62c3fc0300d Downloading 167.8MB
 dcc7b800eec9 Downloading 78.64MB
 c62c3fc0300d Downloading 167.8MB
 dcc7b800eec9 Downloading 78.64MB
 c62c3fc0300d Downloading 167.8MB
 c62c3fc0300d Downloading 167.8MB
 dcc7b800eec9 Downloading 78.64MB
 c62c3fc0300d Downloading 167.8MB
 dcc7b800eec9 Downloading 78.64MB
 dcc7b800eec9 Downloading 78.64MB
 c62c3fc0300d Downloading 167.8MB
 dcc7b800eec9 Downloading 78.64MB
 c62c3fc0300d Downloading 167.8MB
 dcc7b800eec9 Downloading 78.64MB
 c62c3fc0300d Downloading 167.8MB
 dcc7b800eec9 Downloading 78.64MB
 c62c3fc0300d Downloading 167.8MB
 dcc7b800eec9 Downloading 78.64MB
 c62c3fc0300d Downloading 167.8MB
 dcc7b800eec9 Downloading 78.64MB
 c62c3fc0300d Downloading 167.8MB
 dcc7b800eec9 Downloading 78.64MB
 c62c3fc0300d Downloading 167.8MB
 c62c3fc0300d Downloading 167.8MB
 dcc7b800eec9 Downloading 78.64MB
 c62c3fc0300d Downloading 167.8MB
 dcc7b800eec9 Downloading 78.64MB
 dcc7b800eec9 Downloading 78.64MB
 c62c3fc0300d Downloading 167.8MB
 c62c3fc0300d Downloading 167.8MB
 dcc7b800eec9 Downloading 78.64MB
 dcc7b800eec9 Downloading 78.64MB
 c62c3fc0300d Downloading 167.8MB
 c62c3fc0300d Downloading 167.8MB
 dcc7b800eec9 Downloading 78.64MB
 dcc7b800eec9 Downloading 78.64MB
 c62c3fc0300d Downloading 167.8MB
 c62c3fc0300d Downloading 167.8MB
 dcc7b800eec9 Downloading 78.64MB
 dcc7b800eec9 Downloading 78.64MB
 c62c3fc0300d Downloading 167.8MB
 dcc7b800eec9 Downloading 78.64MB
 c62c3fc0300d Downloading 167.8MB
 dcc7b800eec9 Downloading 78.64MB
 c62c3fc0300d Downloading 167.8MB
 c62c3fc0300d Downloading 167.8MB
 dcc7b800eec9 Downloading 78.64MB
 c62c3fc0300d Downloading 167.8MB
 dcc7b800eec9 Downloading 78.64MB
 dcc7b800eec9 Downloading 79.69MB
 c62c3fc0300d Downloading 167.8MB
 dcc7b800eec9 Downloading 79.69MB
 c62c3fc0300d Downloading 167.8MB
 dcc7b800eec9 Downloading 79.69MB
 c62c3fc0300d Downloading 167.8MB
 dcc7b800eec9 Downloading 79.69MB
 c62c3fc0300d Downloading 167.8MB
 dcc7b800eec9 Downloading 79.69MB
 c62c3fc0300d Downloading 167.8MB
 c62c3fc0300d Downloading 168.8MB
 dcc7b800eec9 Downloading 79.69MB
 dcc7b800eec9 Downloading 79.69MB
 c62c3fc0300d Downloading 168.8MB
 dcc7b800eec9 Downloading 79.69MB
 c62c3fc0300d Downloading 168.8MB
 dcc7b800eec9 Downloading 79.69MB
 c62c3fc0300d Downloading 168.8MB
 dcc7b800eec9 Downloading 79.69MB
 c62c3fc0300d Downloading 168.8MB
 dcc7b800eec9 Downloading 79.69MB
 c62c3fc0300d Downloading 168.8MB
 dcc7b800eec9 Downloading 79.69MB
 c62c3fc0300d Downloading 168.8MB
 dcc7b800eec9 Downloading 79.69MB
 c62c3fc0300d Downloading 168.8MB
 dcc7b800eec9 Downloading 79.69MB
 c62c3fc0300d Downloading 168.8MB
 dcc7b800eec9 Downloading 79.69MB
 c62c3fc0300d Downloading 168.8MB
 dcc7b800eec9 Downloading 79.69MB
 c62c3fc0300d Downloading 168.8MB
 dcc7b800eec9 Downloading 79.69MB
 c62c3fc0300d Downloading 168.8MB
 dcc7b800eec9 Downloading 79.69MB
 c62c3fc0300d Downloading 168.8MB
 dcc7b800eec9 Downloading 79.69MB
 c62c3fc0300d Downloading 168.8MB
 c62c3fc0300d Downloading 168.8MB
 dcc7b800eec9 Downloading 79.69MB
 dcc7b800eec9 Downloading 79.69MB
 c62c3fc0300d Downloading 168.8MB
 dcc7b800eec9 Downloading 79.69MB
 c62c3fc0300d Downloading 168.8MB
 dcc7b800eec9 Downloading 79.69MB
 c62c3fc0300d Downloading 168.8MB
 c62c3fc0300d Downloading 168.8MB
 dcc7b800eec9 Downloading 79.69MB
 c62c3fc0300d Downloading 168.8MB
 dcc7b800eec9 Downloading 79.69MB
 dcc7b800eec9 Downloading 80.74MB
 c62c3fc0300d Downloading 168.8MB
 dcc7b800eec9 Downloading 80.74MB
 c62c3fc0300d Downloading 168.8MB
 dcc7b800eec9 Downloading 80.74MB
 c62c3fc0300d Downloading 169.9MB
 c62c3fc0300d Downloading 169.9MB
 dcc7b800eec9 Downloading 80.74MB
 c62c3fc0300d Downloading 169.9MB
 dcc7b800eec9 Downloading 80.74MB
 dcc7b800eec9 Downloading 80.74MB
 c62c3fc0300d Downloading 169.9MB
 c62c3fc0300d Downloading 169.9MB
 dcc7b800eec9 Downloading 80.74MB
 dcc7b800eec9 Downloading 80.74MB
 c62c3fc0300d Downloading 169.9MB
 dcc7b800eec9 Downloading 80.74MB
 c62c3fc0300d Downloading 169.9MB
 dcc7b800eec9 Downloading 80.74MB
 c62c3fc0300d Downloading 169.9MB
 c62c3fc0300d Downloading 169.9MB
 dcc7b800eec9 Downloading 80.74MB
 dcc7b800eec9 Downloading 80.74MB
 c62c3fc0300d Downloading 169.9MB
 dcc7b800eec9 Downloading 80.74MB
 c62c3fc0300d Downloading 169.9MB
 c62c3fc0300d Downloading 169.9MB
 dcc7b800eec9 Downloading 80.74MB
 dcc7b800eec9 Downloading 80.74MB
 c62c3fc0300d Downloading 169.9MB
 c62c3fc0300d Downloading 169.9MB
 dcc7b800eec9 Downloading 80.74MB
 dcc7b800eec9 Downloading 80.74MB
 c62c3fc0300d Downloading 169.9MB
 dcc7b800eec9 Downloading 80.74MB
 c62c3fc0300d Downloading 169.9MB
 dcc7b800eec9 Downloading 80.74MB
 c62c3fc0300d Downloading 169.9MB
 dcc7b800eec9 Downloading 80.74MB
 c62c3fc0300d Downloading 169.9MB
 dcc7b800eec9 Downloading 80.74MB
 c62c3fc0300d Downloading 169.9MB
 dcc7b800eec9 Downloading 80.74MB
 c62c3fc0300d Downloading 169.9MB
 dcc7b800eec9 Downloading 80.74MB
 c62c3fc0300d Downloading 169.9MB
 dcc7b800eec9 Downloading 80.74MB
 c62c3fc0300d Downloading 169.9MB
 dcc7b800eec9 Downloading 80.74MB
 c62c3fc0300d Downloading 169.9MB
 dcc7b800eec9 Downloading 80.74MB
 c62c3fc0300d Downloading 169.9MB
 c62c3fc0300d Downloading 169.9MB
 dcc7b800eec9 Downloading 80.74MB
 dcc7b800eec9 Downloading 80.74MB
 c62c3fc0300d Downloading 169.9MB
 dcc7b800eec9 Downloading 80.74MB
 c62c3fc0300d Downloading 169.9MB
 dcc7b800eec9 Downloading 80.74MB
 c62c3fc0300d Downloading 169.9MB
 dcc7b800eec9 Downloading 81.79MB
 c62c3fc0300d Downloading 169.9MB
 c62c3fc0300d Downloading 169.9MB
 dcc7b800eec9 Downloading 81.79MB
 c62c3fc0300d Downloading 169.9MB
 dcc7b800eec9 Downloading 81.79MB
 dcc7b800eec9 Downloading 81.79MB
 c62c3fc0300d Downloading 169.9MB
 c62c3fc0300d Downloading 169.9MB
 dcc7b800eec9 Downloading 81.79MB
 dcc7b800eec9 Downloading 81.79MB
 c62c3fc0300d Downloading 169.9MB
 dcc7b800eec9 Downloading 81.79MB
 c62c3fc0300d Downloading 170.9MB
 dcc7b800eec9 Downloading 81.79MB
 c62c3fc0300d Downloading 170.9MB
 dcc7b800eec9 Downloading 81.79MB
 c62c3fc0300d Downloading 170.9MB
 c62c3fc0300d Downloading 170.9MB
 dcc7b800eec9 Downloading 81.79MB
 dcc7b800eec9 Downloading 81.79MB
 c62c3fc0300d Downloading 170.9MB
 c62c3fc0300d Downloading 170.9MB
 dcc7b800eec9 Downloading 81.79MB
 dcc7b800eec9 Downloading 81.79MB
 c62c3fc0300d Downloading 170.9MB
 dcc7b800eec9 Downloading 81.79MB
 c62c3fc0300d Downloading 170.9MB
 dcc7b800eec9 Downloading 81.79MB
 c62c3fc0300d Downloading 170.9MB
 dcc7b800eec9 Downloading 81.79MB
 c62c3fc0300d Downloading 170.9MB
 dcc7b800eec9 Downloading 81.79MB
 c62c3fc0300d Downloading 170.9MB
 dcc7b800eec9 Downloading 81.79MB
 c62c3fc0300d Downloading 170.9MB
 dcc7b800eec9 Downloading 81.79MB
 c62c3fc0300d Downloading 170.9MB
 dcc7b800eec9 Downloading 81.79MB
 c62c3fc0300d Downloading 170.9MB
 dcc7b800eec9 Downloading 81.79MB
 c62c3fc0300d Downloading 170.9MB
 dcc7b800eec9 Downloading 81.79MB
 c62c3fc0300d Downloading 170.9MB
 dcc7b800eec9 Downloading 81.79MB
 c62c3fc0300d Downloading 170.9MB
 c62c3fc0300d Downloading 170.9MB
 dcc7b800eec9 Downloading 81.79MB
 dcc7b800eec9 Downloading 81.79MB
 c62c3fc0300d Downloading 170.9MB
 c62c3fc0300d Downloading 170.9MB
 dcc7b800eec9 Downloading 81.79MB
 dcc7b800eec9 Downloading 81.79MB
 c62c3fc0300d Downloading 170.9MB
 dcc7b800eec9 Downloading 81.79MB
 c62c3fc0300d Downloading 170.9MB
 c62c3fc0300d Downloading 170.9MB
 dcc7b800eec9 Downloading 81.79MB
 dcc7b800eec9 Downloading 81.79MB
 c62c3fc0300d Downloading 170.9MB
 dcc7b800eec9 Downloading 81.79MB
 c62c3fc0300d Downloading 170.9MB
 dcc7b800eec9 Downloading 81.79MB
 c62c3fc0300d Downloading 170.9MB
 dcc7b800eec9 Downloading 81.79MB
 c62c3fc0300d Downloading 170.9MB
 dcc7b800eec9 Downloading 82.84MB
 c62c3fc0300d Downloading 170.9MB
 dcc7b800eec9 Downloading 82.84MB
 c62c3fc0300d Downloading 170.9MB
 dcc7b800eec9 Downloading 82.84MB
 c62c3fc0300d Downloading 170.9MB
 dcc7b800eec9 Downloading 82.84MB
 c62c3fc0300d Downloading 170.9MB
 dcc7b800eec9 Downloading 82.84MB
 c62c3fc0300d Downloading 170.9MB
 dcc7b800eec9 Downloading 82.84MB
 c62c3fc0300d Downloading 170.9MB
 c62c3fc0300d Downloading 170.9MB
 dcc7b800eec9 Downloading 82.84MB
 c62c3fc0300d Downloading 170.9MB
 dcc7b800eec9 Downloading 82.84MB
 dcc7b800eec9 Downloading 82.84MB
 c62c3fc0300d Downloading 170.9MB
 c62c3fc0300d Downloading 170.9MB
 dcc7b800eec9 Downloading 82.84MB
 c62c3fc0300d Downloading 170.9MB
 dcc7b800eec9 Downloading 82.84MB
 dcc7b800eec9 Downloading 82.84MB
 c62c3fc0300d Downloading 170.9MB
 dcc7b800eec9 Downloading 82.84MB
 c62c3fc0300d Downloading 170.9MB
 dcc7b800eec9 Downloading 82.84MB
 c62c3fc0300d Downloading 170.9MB
 dcc7b800eec9 Downloading 82.84MB
 c62c3fc0300d Downloading 170.9MB
 dcc7b800eec9 Downloading 82.84MB
 c62c3fc0300d Downloading 170.9MB
 dcc7b800eec9 Downloading 82.84MB
 c62c3fc0300d Downloading 170.9MB
 dcc7b800eec9 Downloading 82.84MB
 c62c3fc0300d Downloading 170.9MB
 dcc7b800eec9 Downloading 82.84MB
 c62c3fc0300d Downloading 170.9MB
 c62c3fc0300d Downloading 170.9MB
 dcc7b800eec9 Downloading 82.84MB
 dcc7b800eec9 Downloading 82.84MB
 c62c3fc0300d Downloading 170.9MB
 dcc7b800eec9 Downloading 82.84MB
 c62c3fc0300d Downloading 172MB
 dcc7b800eec9 Downloading 82.84MB
 c62c3fc0300d Downloading 172MB
 dcc7b800eec9 Downloading 82.84MB
 c62c3fc0300d Downloading 172MB
 dcc7b800eec9 Downloading 82.84MB
 c62c3fc0300d Downloading 172MB
 dcc7b800eec9 Downloading 82.84MB
 c62c3fc0300d Downloading 172MB
 dcc7b800eec9 Downloading 82.84MB
 c62c3fc0300d Downloading 172MB
 dcc7b800eec9 Downloading 82.84MB
 c62c3fc0300d Downloading 172MB
 dcc7b800eec9 Downloading 82.84MB
 c62c3fc0300d Downloading 172MB
 c62c3fc0300d Downloading 172MB
 dcc7b800eec9 Downloading 82.84MB
 dcc7b800eec9 Downloading 82.84MB
 c62c3fc0300d Downloading 172MB
 dcc7b800eec9 Downloading 82.84MB
 c62c3fc0300d Downloading 172MB
 dcc7b800eec9 Downloading 82.84MB
 c62c3fc0300d Downloading 172MB
 dcc7b800eec9 Downloading 82.84MB
 c62c3fc0300d Downloading 172MB
 dcc7b800eec9 Downloading 82.84MB
 c62c3fc0300d Downloading 172MB
 dcc7b800eec9 Downloading 82.84MB
 c62c3fc0300d Downloading 172MB
 dcc7b800eec9 Downloading 82.84MB
 c62c3fc0300d Downloading 172MB
 dcc7b800eec9 Downloading 82.84MB
 c62c3fc0300d Downloading 172MB
 dcc7b800eec9 Downloading 83.89MB
 c62c3fc0300d Downloading 172MB
 c62c3fc0300d Downloading 172MB
 dcc7b800eec9 Downloading 83.89MB
 dcc7b800eec9 Downloading 83.89MB
 c62c3fc0300d Downloading 172MB
 dcc7b800eec9 Downloading 83.89MB
 c62c3fc0300d Downloading 172MB
 c62c3fc0300d Downloading 172MB
 dcc7b800eec9 Downloading 83.89MB
 dcc7b800eec9 Downloading 83.89MB
 c62c3fc0300d Downloading 172MB
 dcc7b800eec9 Downloading 83.89MB
 c62c3fc0300d Downloading 172MB
 dcc7b800eec9 Downloading 83.89MB
 c62c3fc0300d Downloading 172MB
 dcc7b800eec9 Downloading 83.89MB
 c62c3fc0300d Downloading 172MB
 c62c3fc0300d Downloading 172MB
 dcc7b800eec9 Downloading 83.89MB
 dcc7b800eec9 Downloading 83.89MB
 c62c3fc0300d Downloading 172MB
 dcc7b800eec9 Downloading 83.89MB
 c62c3fc0300d Downloading 172MB
 dcc7b800eec9 Downloading 83.89MB
 c62c3fc0300d Downloading 172MB
 dcc7b800eec9 Downloading 83.89MB
 c62c3fc0300d Downloading 172MB
 dcc7b800eec9 Downloading 83.89MB
 c62c3fc0300d Downloading 172MB
 dcc7b800eec9 Downloading 83.89MB
 c62c3fc0300d Downloading 172MB
 dcc7b800eec9 Downloading 83.89MB
 c62c3fc0300d Downloading 172MB
 c62c3fc0300d Downloading 172MB
 dcc7b800eec9 Downloading 83.89MB
 c62c3fc0300d Downloading 172MB
 dcc7b800eec9 Downloading 83.89MB
 dcc7b800eec9 Downloading 83.89MB
 c62c3fc0300d Downloading 172MB
 dcc7b800eec9 Downloading 83.89MB
 c62c3fc0300d Downloading 172MB
 dcc7b800eec9 Downloading 83.89MB
 c62c3fc0300d Downloading 172MB
 dcc7b800eec9 Downloading 83.89MB
 c62c3fc0300d Downloading 172MB
 dcc7b800eec9 Downloading 83.89MB
 c62c3fc0300d Downloading 172MB
 dcc7b800eec9 Downloading 83.89MB
 c62c3fc0300d Downloading 172MB
 c62c3fc0300d Downloading 172MB
 dcc7b800eec9 Downloading 83.89MB
 dcc7b800eec9 Downloading 83.89MB
 c62c3fc0300d Downloading 172MB
 c62c3fc0300d Downloading 172MB
 dcc7b800eec9 Downloading 83.89MB
 dcc7b800eec9 Downloading 83.89MB
 c62c3fc0300d Downloading 172MB
 dcc7b800eec9 Downloading 83.89MB
 c62c3fc0300d Downloading 172MB
 dcc7b800eec9 Downloading 83.89MB
 c62c3fc0300d Downloading 173MB
 dcc7b800eec9 Downloading 83.89MB
 c62c3fc0300d Downloading 173MB
 c62c3fc0300d Downloading 173MB
 dcc7b800eec9 Downloading 83.89MB
 dcc7b800eec9 Downloading 83.89MB
 c62c3fc0300d Downloading 173MB
 dcc7b800eec9 Downloading 83.89MB
 c62c3fc0300d Downloading 173MB
 dcc7b800eec9 Downloading 83.89MB
 c62c3fc0300d Downloading 173MB
 dcc7b800eec9 Downloading 83.89MB
 c62c3fc0300d Downloading 173MB
 dcc7b800eec9 Downloading 83.89MB
 c62c3fc0300d Downloading 173MB
 c62c3fc0300d Downloading 173MB
 dcc7b800eec9 Downloading 83.89MB
 dcc7b800eec9 Downloading 83.89MB
 c62c3fc0300d Downloading 173MB
 dcc7b800eec9 Downloading 83.89MB
 c62c3fc0300d Downloading 173MB
 dcc7b800eec9 Downloading 83.89MB
 c62c3fc0300d Downloading 173MB
 dcc7b800eec9 Downloading 83.89MB
 c62c3fc0300d Downloading 173MB
 dcc7b800eec9 Downloading 83.89MB
 c62c3fc0300d Downloading 173MB
 dcc7b800eec9 Downloading 83.89MB
 c62c3fc0300d Downloading 173MB
 dcc7b800eec9 Downloading 83.89MB
 c62c3fc0300d Downloading 173MB
 dcc7b800eec9 Downloading 83.89MB
 c62c3fc0300d Downloading 173MB
 dcc7b800eec9 Downloading 83.89MB
 c62c3fc0300d Downloading 173MB
 dcc7b800eec9 Downloading 83.89MB
 c62c3fc0300d Downloading 173MB
 dcc7b800eec9 Downloading 83.89MB
 c62c3fc0300d Downloading 173MB
 dcc7b800eec9 Downloading 83.89MB
 c62c3fc0300d Downloading 173MB
 dcc7b800eec9 Downloading 83.89MB
 c62c3fc0300d Downloading 173MB
 c62c3fc0300d Downloading 173MB
 dcc7b800eec9 Downloading 84.93MB
 dcc7b800eec9 Downloading 84.93MB
 c62c3fc0300d Downloading 173MB
 dcc7b800eec9 Downloading 84.93MB
 c62c3fc0300d Downloading 173MB
 dcc7b800eec9 Downloading 84.93MB
 c62c3fc0300d Downloading 173MB
 c62c3fc0300d Downloading 173MB
 dcc7b800eec9 Downloading 84.93MB
 c62c3fc0300d Downloading 173MB
 dcc7b800eec9 Downloading 84.93MB
 dcc7b800eec9 Downloading 84.93MB
 c62c3fc0300d Downloading 173MB
 c62c3fc0300d Downloading 173MB
 dcc7b800eec9 Downloading 84.93MB
 dcc7b800eec9 Downloading 84.93MB
 c62c3fc0300d Downloading 173MB
 dcc7b800eec9 Downloading 84.93MB
 c62c3fc0300d Downloading 173MB
 dcc7b800eec9 Downloading 84.93MB
 c62c3fc0300d Downloading 173MB
 c62c3fc0300d Downloading 173MB
 dcc7b800eec9 Downloading 84.93MB
 c62c3fc0300d Downloading 173MB
 dcc7b800eec9 Downloading 84.93MB
 c62c3fc0300d Downloading 173MB
 dcc7b800eec9 Downloading 84.93MB
 dcc7b800eec9 Downloading 84.93MB
 c62c3fc0300d Downloading 173MB
 dcc7b800eec9 Downloading 84.93MB
 c62c3fc0300d Downloading 173MB
 dcc7b800eec9 Downloading 84.93MB
 c62c3fc0300d Downloading 173MB
 dcc7b800eec9 Downloading 84.93MB
 c62c3fc0300d Downloading 173MB
 dcc7b800eec9 Downloading 84.93MB
 c62c3fc0300d Downloading 173MB
 dcc7b800eec9 Downloading 84.93MB
 c62c3fc0300d Downloading 173MB
 dcc7b800eec9 Downloading 84.93MB
 c62c3fc0300d Downloading 173MB
 dcc7b800eec9 Downloading 84.93MB
 c62c3fc0300d Downloading 173MB
 c62c3fc0300d Downloading 173MB
 dcc7b800eec9 Downloading 84.93MB
 c62c3fc0300d Downloading 173MB
 dcc7b800eec9 Downloading 84.93MB
 dcc7b800eec9 Downloading 84.93MB
 c62c3fc0300d Downloading 173MB
 dcc7b800eec9 Downloading 84.93MB
 c62c3fc0300d Downloading 173MB
 dcc7b800eec9 Downloading 84.93MB
 c62c3fc0300d Downloading 173MB
 dcc7b800eec9 Downloading 84.93MB
 c62c3fc0300d Downloading 173MB
 dcc7b800eec9 Downloading 84.93MB
 c62c3fc0300d Downloading 173MB
 dcc7b800eec9 Downloading 84.93MB
 c62c3fc0300d Downloading 173MB
 dcc7b800eec9 Downloading 84.93MB
 c62c3fc0300d Downloading 174.1MB
 dcc7b800eec9 Downloading 84.93MB
 c62c3fc0300d Downloading 174.1MB
 dcc7b800eec9 Downloading 84.93MB
 c62c3fc0300d Downloading 174.1MB
 dcc7b800eec9 Downloading 84.93MB
 c62c3fc0300d Downloading 174.1MB
 dcc7b800eec9 Downloading 84.93MB
 c62c3fc0300d Downloading 174.1MB
 dcc7b800eec9 Downloading 84.93MB
 c62c3fc0300d Downloading 174.1MB
 dcc7b800eec9 Downloading 84.93MB
 c62c3fc0300d Downloading 174.1MB
 c62c3fc0300d Downloading 174.1MB
 dcc7b800eec9 Downloading 84.93MB
 dcc7b800eec9 Downloading 84.93MB
 c62c3fc0300d Downloading 174.1MB
 c62c3fc0300d Downloading 174.1MB
 dcc7b800eec9 Downloading 84.93MB
 c62c3fc0300d Downloading 174.1MB
 dcc7b800eec9 Downloading 85.98MB
 c62c3fc0300d Downloading 174.1MB
 dcc7b800eec9 Downloading 85.98MB
 c62c3fc0300d Downloading 174.1MB
 dcc7b800eec9 Downloading 85.98MB
 dcc7b800eec9 Downloading 85.98MB
 c62c3fc0300d Downloading 174.1MB
 dcc7b800eec9 Downloading 85.98MB
 c62c3fc0300d Downloading 174.1MB
 dcc7b800eec9 Downloading 85.98MB
 c62c3fc0300d Downloading 174.1MB
 dcc7b800eec9 Downloading 85.98MB
 c62c3fc0300d Downloading 174.1MB
 dcc7b800eec9 Downloading 85.98MB
 c62c3fc0300d Downloading 174.1MB
 dcc7b800eec9 Downloading 85.98MB
 c62c3fc0300d Downloading 174.1MB
 c62c3fc0300d Downloading 174.1MB
 dcc7b800eec9 Downloading 85.98MB
 dcc7b800eec9 Downloading 85.98MB
 c62c3fc0300d Downloading 174.1MB
 c62c3fc0300d Downloading 174.1MB
 dcc7b800eec9 Downloading 85.98MB
 dcc7b800eec9 Downloading 85.98MB
 c62c3fc0300d Downloading 174.1MB
 dcc7b800eec9 Downloading 85.98MB
 c62c3fc0300d Downloading 174.1MB
 dcc7b800eec9 Downloading 85.98MB
 c62c3fc0300d Downloading 174.1MB
 dcc7b800eec9 Downloading 85.98MB
 c62c3fc0300d Downloading 174.1MB
 c62c3fc0300d Downloading 174.1MB
 dcc7b800eec9 Downloading 85.98MB
 c62c3fc0300d Downloading 174.1MB
 dcc7b800eec9 Downloading 85.98MB
 dcc7b800eec9 Downloading 85.98MB
 c62c3fc0300d Downloading 174.1MB
 dcc7b800eec9 Downloading 85.98MB
 c62c3fc0300d Downloading 174.1MB
 dcc7b800eec9 Downloading 85.98MB
 c62c3fc0300d Downloading 174.1MB
 dcc7b800eec9 Downloading 85.98MB
 c62c3fc0300d Downloading 174.1MB
 c62c3fc0300d Downloading 174.1MB
 dcc7b800eec9 Downloading 85.98MB
 c62c3fc0300d Downloading 174.1MB
 dcc7b800eec9 Downloading 85.98MB
 dcc7b800eec9 Downloading 85.98MB
 c62c3fc0300d Downloading 174.1MB
 dcc7b800eec9 Downloading 85.98MB
 c62c3fc0300d Downloading 174.1MB
 dcc7b800eec9 Downloading 85.98MB
 c62c3fc0300d Downloading 174.1MB
 dcc7b800eec9 Downloading 85.98MB
 c62c3fc0300d Downloading 174.1MB
 c62c3fc0300d Downloading 174.1MB
 dcc7b800eec9 Downloading 85.98MB
 c62c3fc0300d Downloading 174.1MB
 dcc7b800eec9 Downloading 85.98MB
 dcc7b800eec9 Downloading 85.98MB
 c62c3fc0300d Downloading 174.1MB
 dcc7b800eec9 Downloading 85.98MB
 c62c3fc0300d Downloading 174.1MB
 dcc7b800eec9 Downloading 85.98MB
 c62c3fc0300d Downloading 174.1MB
 c62c3fc0300d Downloading 174.1MB
 dcc7b800eec9 Downloading 85.98MB
 dcc7b800eec9 Downloading 85.98MB
 c62c3fc0300d Downloading 174.1MB
 dcc7b800eec9 Downloading 85.98MB
 c62c3fc0300d Downloading 174.1MB
 dcc7b800eec9 Downloading 85.98MB
 c62c3fc0300d Downloading 174.1MB
 dcc7b800eec9 Downloading 85.98MB
 c62c3fc0300d Downloading 174.1MB
 c62c3fc0300d Downloading 174.1MB
 dcc7b800eec9 Downloading 85.98MB
 dcc7b800eec9 Downloading 85.98MB
 c62c3fc0300d Downloading 174.1MB
 dcc7b800eec9 Downloading 85.98MB
 c62c3fc0300d Downloading 174.1MB
 c62c3fc0300d Downloading 174.1MB
 dcc7b800eec9 Downloading 85.98MB
 dcc7b800eec9 Downloading 85.98MB
 c62c3fc0300d Downloading 174.1MB
 dcc7b800eec9 Downloading 85.98MB
 c62c3fc0300d Downloading 174.1MB
 dcc7b800eec9 Downloading 85.98MB
 c62c3fc0300d Downloading 174.1MB
 dcc7b800eec9 Downloading 85.98MB
 c62c3fc0300d Downloading 174.1MB
 c62c3fc0300d Downloading 174.1MB
 dcc7b800eec9 Downloading 85.98MB
 dcc7b800eec9 Downloading 85.98MB
 c62c3fc0300d Downloading 174.1MB
 dcc7b800eec9 Downloading 85.98MB
 c62c3fc0300d Downloading 174.1MB
 c62c3fc0300d Downloading 174.1MB
 dcc7b800eec9 Downloading 85.98MB
 dcc7b800eec9 Downloading 85.98MB
 c62c3fc0300d Downloading 174.1MB
 c62c3fc0300d Downloading 174.1MB
 dcc7b800eec9 Downloading 85.98MB
 c62c3fc0300d Downloading 174.1MB
 dcc7b800eec9 Downloading 85.98MB
 c62c3fc0300d Downloading 174.1MB
 dcc7b800eec9 Downloading 85.98MB
 c62c3fc0300d Downloading 174.1MB
 dcc7b800eec9 Downloading 85.98MB
 dcc7b800eec9 Downloading 85.98MB
 c62c3fc0300d Downloading 174.1MB
 dcc7b800eec9 Downloading 85.98MB
 c62c3fc0300d Downloading 174.1MB
 dcc7b800eec9 Downloading 85.98MB
 c62c3fc0300d Downloading 174.1MB
 dcc7b800eec9 Downloading 85.98MB
 c62c3fc0300d Downloading 174.1MB
 dcc7b800eec9 Downloading 85.98MB
 c62c3fc0300d Downloading 174.1MB
 c62c3fc0300d Downloading 174.1MB
 dcc7b800eec9 Downloading 85.98MB
 c62c3fc0300d Downloading 174.1MB
 dcc7b800eec9 Downloading 85.98MB
 dcc7b800eec9 Downloading 85.98MB
 c62c3fc0300d Downloading 174.1MB
 dcc7b800eec9 Downloading 85.98MB
 c62c3fc0300d Downloading 174.1MB
 dcc7b800eec9 Downloading 85.98MB
 c62c3fc0300d Downloading 174.1MB
 c62c3fc0300d Downloading 174.1MB
 dcc7b800eec9 Downloading 85.98MB
 dcc7b800eec9 Downloading 87.03MB
 c62c3fc0300d Downloading 175.1MB
 dcc7b800eec9 Downloading 87.03MB
 c62c3fc0300d Downloading 175.1MB
 dcc7b800eec9 Downloading 87.03MB
 c62c3fc0300d Downloading 175.1MB
 dcc7b800eec9 Downloading 87.03MB
 c62c3fc0300d Downloading 175.1MB
 dcc7b800eec9 Downloading 87.03MB
 c62c3fc0300d Downloading 175.1MB
 dcc7b800eec9 Downloading 87.03MB
 c62c3fc0300d Downloading 175.1MB
 dcc7b800eec9 Downloading 87.03MB
 c62c3fc0300d Downloading 175.1MB
 dcc7b800eec9 Downloading 87.03MB
 c62c3fc0300d Downloading 175.1MB
 dcc7b800eec9 Downloading 87.03MB
 c62c3fc0300d Downloading 175.1MB
 dcc7b800eec9 Downloading 87.03MB
 c62c3fc0300d Downloading 175.1MB
 dcc7b800eec9 Downloading 87.03MB
 c62c3fc0300d Downloading 175.1MB
 dcc7b800eec9 Downloading 87.03MB
 c62c3fc0300d Downloading 175.1MB
 dcc7b800eec9 Downloading 87.03MB
 c62c3fc0300d Downloading 175.1MB
 dcc7b800eec9 Downloading 87.03MB
 c62c3fc0300d Downloading 175.1MB
 dcc7b800eec9 Downloading 87.03MB
 c62c3fc0300d Downloading 175.1MB
 dcc7b800eec9 Downloading 87.03MB
 c62c3fc0300d Downloading 175.1MB
 dcc7b800eec9 Downloading 87.03MB
 c62c3fc0300d Downloading 175.1MB
 dcc7b800eec9 Downloading 87.03MB
 c62c3fc0300d Downloading 175.1MB
 c62c3fc0300d Downloading 175.1MB
 dcc7b800eec9 Downloading 87.03MB
 dcc7b800eec9 Downloading 87.03MB
 c62c3fc0300d Downloading 175.1MB
 c62c3fc0300d Downloading 175.1MB
 dcc7b800eec9 Downloading 87.03MB
 dcc7b800eec9 Downloading 87.03MB
 c62c3fc0300d Downloading 175.1MB
 c62c3fc0300d Downloading 175.1MB
 dcc7b800eec9 Downloading 87.03MB
 dcc7b800eec9 Downloading 87.03MB
 c62c3fc0300d Downloading 175.1MB
 dcc7b800eec9 Downloading 87.03MB
 c62c3fc0300d Downloading 175.1MB
 c62c3fc0300d Downloading 175.1MB
 dcc7b800eec9 Downloading 87.03MB
 dcc7b800eec9 Downloading 87.03MB
 c62c3fc0300d Downloading 175.1MB
 dcc7b800eec9 Downloading 87.03MB
 c62c3fc0300d Downloading 175.1MB
 dcc7b800eec9 Downloading 87.03MB
 c62c3fc0300d Downloading 175.1MB
 dcc7b800eec9 Downloading 87.03MB
 c62c3fc0300d Downloading 175.1MB
 c62c3fc0300d Downloading 175.1MB
 dcc7b800eec9 Downloading 87.03MB
 dcc7b800eec9 Downloading 87.03MB
 c62c3fc0300d Downloading 175.1MB
 dcc7b800eec9 Downloading 87.03MB
 c62c3fc0300d Downloading 175.1MB
 dcc7b800eec9 Downloading 87.03MB
 c62c3fc0300d Downloading 175.1MB
 dcc7b800eec9 Downloading 87.03MB
 c62c3fc0300d Downloading 175.1MB
 dcc7b800eec9 Downloading 88.08MB
 c62c3fc0300d Downloading 175.1MB
 dcc7b800eec9 Downloading 88.08MB
 c62c3fc0300d Downloading 175.1MB
 dcc7b800eec9 Downloading 88.08MB
 c62c3fc0300d Downloading 176.2MB
 dcc7b800eec9 Downloading 88.08MB
 c62c3fc0300d Downloading 176.2MB
 dcc7b800eec9 Downloading 88.08MB
 c62c3fc0300d Downloading 176.2MB
 dcc7b800eec9 Downloading 88.08MB
 c62c3fc0300d Downloading 176.2MB
 dcc7b800eec9 Downloading 88.08MB
 c62c3fc0300d Downloading 176.2MB
 dcc7b800eec9 Downloading 88.08MB
 c62c3fc0300d Downloading 176.2MB
 c62c3fc0300d Downloading 176.2MB
 dcc7b800eec9 Downloading 88.08MB
 dcc7b800eec9 Downloading 88.08MB
 c62c3fc0300d Downloading 176.2MB
 c62c3fc0300d Downloading 176.2MB
 dcc7b800eec9 Downloading 88.08MB
 c62c3fc0300d Downloading 176.2MB
 dcc7b800eec9 Downloading 88.08MB
 c62c3fc0300d Downloading 176.2MB
 dcc7b800eec9 Downloading 88.08MB
 dcc7b800eec9 Downloading 88.08MB
 c62c3fc0300d Downloading 176.2MB
 c62c3fc0300d Downloading 176.2MB
 dcc7b800eec9 Downloading 88.08MB
 dcc7b800eec9 Downloading 88.08MB
 c62c3fc0300d Downloading 176.2MB
 dcc7b800eec9 Downloading 88.08MB
 c62c3fc0300d Downloading 176.2MB
 dcc7b800eec9 Downloading 88.08MB
 c62c3fc0300d Downloading 176.2MB
 dcc7b800eec9 Downloading 88.08MB
 c62c3fc0300d Downloading 176.2MB
 dcc7b800eec9 Downloading 88.08MB
 c62c3fc0300d Downloading 176.2MB
 dcc7b800eec9 Downloading 88.08MB
 c62c3fc0300d Downloading 176.2MB
 dcc7b800eec9 Downloading 88.08MB
 c62c3fc0300d Downloading 176.2MB
 dcc7b800eec9 Downloading 88.08MB
 c62c3fc0300d Downloading 176.2MB
 c62c3fc0300d Downloading 176.2MB
 dcc7b800eec9 Downloading 88.08MB
 dcc7b800eec9 Downloading 88.08MB
 c62c3fc0300d Downloading 176.2MB
 c62c3fc0300d Downloading 176.2MB
 dcc7b800eec9 Downloading 88.08MB
 dcc7b800eec9 Downloading 88.08MB
 c62c3fc0300d Downloading 176.2MB
 dcc7b800eec9 Downloading 88.08MB
 c62c3fc0300d Downloading 176.2MB
 dcc7b800eec9 Downloading 88.08MB
 c62c3fc0300d Downloading 176.2MB
 c62c3fc0300d Downloading 176.2MB
 dcc7b800eec9 Downloading 88.08MB
 dcc7b800eec9 Downloading 89.13MB
 c62c3fc0300d Downloading 176.2MB
 c62c3fc0300d Downloading 176.2MB
 dcc7b800eec9 Downloading 89.13MB
 dcc7b800eec9 Downloading 89.13MB
 c62c3fc0300d Downloading 176.2MB
 dcc7b800eec9 Downloading 89.13MB
 c62c3fc0300d Downloading 176.2MB
 dcc7b800eec9 Downloading 89.13MB
 c62c3fc0300d Downloading 176.2MB
 c62c3fc0300d Downloading 176.2MB
 dcc7b800eec9 Downloading 89.13MB
 dcc7b800eec9 Downloading 89.13MB
 c62c3fc0300d Downloading 176.2MB
 dcc7b800eec9 Downloading 89.13MB
 c62c3fc0300d Downloading 176.2MB
 c62c3fc0300d Downloading 176.2MB
 dcc7b800eec9 Downloading 89.13MB
 c62c3fc0300d Downloading 176.2MB
 dcc7b800eec9 Downloading 89.13MB
 dcc7b800eec9 Downloading 89.13MB
 c62c3fc0300d Downloading 176.2MB
 dcc7b800eec9 Downloading 89.13MB
 c62c3fc0300d Downloading 176.2MB
 dcc7b800eec9 Downloading 89.13MB
 c62c3fc0300d Downloading 176.2MB
 c62c3fc0300d Downloading 176.2MB
 dcc7b800eec9 Downloading 89.13MB
 dcc7b800eec9 Downloading 89.13MB
 c62c3fc0300d Downloading 176.2MB
 dcc7b800eec9 Downloading 89.13MB
 c62c3fc0300d Downloading 176.2MB
 dcc7b800eec9 Downloading 89.13MB
 c62c3fc0300d Downloading 176.2MB
 c62c3fc0300d Downloading 176.2MB
 dcc7b800eec9 Downloading 89.13MB
 dcc7b800eec9 Downloading 89.13MB
 c62c3fc0300d Downloading 176.2MB
 c62c3fc0300d Downloading 176.2MB
 dcc7b800eec9 Downloading 89.13MB
 dcc7b800eec9 Downloading 89.13MB
 c62c3fc0300d Downloading 176.2MB
 dcc7b800eec9 Downloading 89.13MB
 c62c3fc0300d Downloading 176.2MB
 dcc7b800eec9 Downloading 89.13MB
 c62c3fc0300d Downloading 176.2MB
 dcc7b800eec9 Downloading 89.13MB
 c62c3fc0300d Downloading 176.2MB
 dcc7b800eec9 Downloading 89.13MB
 c62c3fc0300d Downloading 176.2MB
 dcc7b800eec9 Downloading 89.13MB
 c62c3fc0300d Downloading 176.2MB
 dcc7b800eec9 Downloading 89.13MB
 c62c3fc0300d Downloading 176.2MB
 c62c3fc0300d Downloading 176.2MB
 dcc7b800eec9 Downloading 89.13MB
 c62c3fc0300d Downloading 176.2MB
 dcc7b800eec9 Downloading 89.13MB
 dcc7b800eec9 Downloading 89.13MB
 c62c3fc0300d Downloading 176.2MB
 dcc7b800eec9 Downloading 89.13MB
 c62c3fc0300d Downloading 176.2MB
 dcc7b800eec9 Downloading 89.13MB
 c62c3fc0300d Downloading 176.2MB
 dcc7b800eec9 Downloading 89.13MB
 c62c3fc0300d Downloading 176.2MB
 dcc7b800eec9 Downloading 89.13MB
 c62c3fc0300d Downloading 177.2MB
 dcc7b800eec9 Downloading 89.13MB
 c62c3fc0300d Downloading 177.2MB
 dcc7b800eec9 Downloading 89.13MB
 c62c3fc0300d Downloading 177.2MB
 dcc7b800eec9 Downloading 89.13MB
 c62c3fc0300d Downloading 177.2MB
 dcc7b800eec9 Downloading 89.13MB
 c62c3fc0300d Downloading 177.2MB
 dcc7b800eec9 Downloading 89.13MB
 c62c3fc0300d Downloading 177.2MB
 c62c3fc0300d Downloading 177.2MB
 dcc7b800eec9 Downloading 89.13MB
 c62c3fc0300d Downloading 177.2MB
 dcc7b800eec9 Downloading 89.13MB
 dcc7b800eec9 Downloading 90.18MB
 c62c3fc0300d Downloading 177.2MB
 dcc7b800eec9 Downloading 90.18MB
 c62c3fc0300d Downloading 177.2MB
 c62c3fc0300d Downloading 177.2MB
 dcc7b800eec9 Downloading 90.18MB
 dcc7b800eec9 Downloading 90.18MB
 c62c3fc0300d Downloading 177.2MB
 dcc7b800eec9 Downloading 90.18MB
 c62c3fc0300d Downloading 177.2MB
 dcc7b800eec9 Downloading 90.18MB
 c62c3fc0300d Downloading 177.2MB
 dcc7b800eec9 Downloading 90.18MB
 c62c3fc0300d Downloading 177.2MB
 dcc7b800eec9 Downloading 90.18MB
 c62c3fc0300d Downloading 177.2MB
 dcc7b800eec9 Downloading 90.18MB
 c62c3fc0300d Downloading 177.2MB
 dcc7b800eec9 Downloading 90.18MB
 c62c3fc0300d Downloading 177.2MB
 dcc7b800eec9 Downloading 90.18MB
 c62c3fc0300d Downloading 177.2MB
 dcc7b800eec9 Downloading 90.18MB
 c62c3fc0300d Downloading 177.2MB
 c62c3fc0300d Downloading 177.2MB
 dcc7b800eec9 Downloading 90.18MB
 c62c3fc0300d Downloading 177.2MB
 dcc7b800eec9 Downloading 90.18MB
 dcc7b800eec9 Downloading 90.18MB
 c62c3fc0300d Downloading 177.2MB
 dcc7b800eec9 Downloading 90.18MB
 c62c3fc0300d Downloading 177.2MB
 dcc7b800eec9 Downloading 90.18MB
 c62c3fc0300d Downloading 177.2MB
 dcc7b800eec9 Downloading 90.18MB
 c62c3fc0300d Downloading 177.2MB
 dcc7b800eec9 Downloading 90.18MB
 c62c3fc0300d Downloading 177.2MB
 dcc7b800eec9 Downloading 90.18MB
 c62c3fc0300d Downloading 177.2MB
 dcc7b800eec9 Downloading 90.18MB
 c62c3fc0300d Downloading 177.2MB
 dcc7b800eec9 Downloading 90.18MB
 c62c3fc0300d Downloading 177.2MB
 c62c3fc0300d Downloading 177.2MB
 dcc7b800eec9 Downloading 90.18MB
 dcc7b800eec9 Downloading 90.18MB
 c62c3fc0300d Downloading 177.2MB
 c62c3fc0300d Downloading 177.2MB
 dcc7b800eec9 Downloading 90.18MB
 c62c3fc0300d Downloading 177.2MB
 dcc7b800eec9 Downloading 90.18MB
 dcc7b800eec9 Downloading 90.18MB
 c62c3fc0300d Downloading 177.2MB
 dcc7b800eec9 Downloading 90.18MB
 c62c3fc0300d Downloading 177.2MB
 dcc7b800eec9 Downloading 91.23MB
 c62c3fc0300d Downloading 177.2MB
 dcc7b800eec9 Downloading 91.23MB
 c62c3fc0300d Downloading 177.2MB
 dcc7b800eec9 Downloading 91.23MB
 c62c3fc0300d Downloading 177.2MB
 c62c3fc0300d Downloading 177.2MB
 dcc7b800eec9 Downloading 91.23MB
 dcc7b800eec9 Downloading 91.23MB
 c62c3fc0300d Downloading 177.2MB
 dcc7b800eec9 Downloading 91.23MB
 c62c3fc0300d Downloading 177.2MB
 dcc7b800eec9 Downloading 91.23MB
 c62c3fc0300d Downloading 177.2MB
 dcc7b800eec9 Downloading 91.23MB
 c62c3fc0300d Downloading 177.2MB
 dcc7b800eec9 Downloading 91.23MB
 c62c3fc0300d Downloading 177.2MB
 dcc7b800eec9 Downloading 91.23MB
 c62c3fc0300d Downloading 177.2MB
 dcc7b800eec9 Downloading 91.23MB
 c62c3fc0300d Downloading 177.2MB
 dcc7b800eec9 Downloading 91.23MB
 c62c3fc0300d Downloading 177.2MB
 dcc7b800eec9 Downloading 91.23MB
 c62c3fc0300d Downloading 177.2MB
 c62c3fc0300d Downloading 177.2MB
 dcc7b800eec9 Downloading 91.23MB
 dcc7b800eec9 Downloading 91.23MB
 c62c3fc0300d Downloading 177.2MB
 c62c3fc0300d Downloading 177.2MB
 dcc7b800eec9 Downloading 91.23MB
 c62c3fc0300d Downloading 177.2MB
 dcc7b800eec9 Downloading 91.23MB
 c62c3fc0300d Downloading 177.2MB
 dcc7b800eec9 Downloading 91.23MB
 dcc7b800eec9 Downloading 91.23MB
 c62c3fc0300d Downloading 177.2MB
 dcc7b800eec9 Downloading 91.23MB
 c62c3fc0300d Downloading 177.2MB
 c62c3fc0300d Downloading 177.2MB
 dcc7b800eec9 Downloading 91.23MB
 c62c3fc0300d Downloading 177.2MB
 dcc7b800eec9 Downloading 91.23MB
 dcc7b800eec9 Downloading 91.23MB
 c62c3fc0300d Downloading 177.2MB
 dcc7b800eec9 Downloading 91.23MB
 c62c3fc0300d Downloading 177.2MB
 c62c3fc0300d Downloading 177.2MB
 dcc7b800eec9 Downloading 91.23MB
 c62c3fc0300d Downloading 177.2MB
 dcc7b800eec9 Downloading 91.23MB
 c62c3fc0300d Downloading 177.2MB
 dcc7b800eec9 Downloading 91.23MB
 c62c3fc0300d Downloading 177.2MB
 dcc7b800eec9 Downloading 91.23MB
 c62c3fc0300d Downloading 178.3MB
 dcc7b800eec9 Downloading 91.23MB
 dcc7b800eec9 Downloading 91.23MB
 c62c3fc0300d Downloading 178.3MB
 dcc7b800eec9 Downloading 91.23MB
 c62c3fc0300d Downloading 178.3MB
 c62c3fc0300d Downloading 178.3MB
 dcc7b800eec9 Downloading 91.23MB
 dcc7b800eec9 Downloading 91.23MB
 c62c3fc0300d Downloading 178.3MB
 dcc7b800eec9 Downloading 91.23MB
 c62c3fc0300d Downloading 178.3MB
 c62c3fc0300d Downloading 178.3MB
 dcc7b800eec9 Downloading 91.23MB
 dcc7b800eec9 Downloading 91.23MB
 c62c3fc0300d Downloading 178.3MB
 dcc7b800eec9 Downloading 92.27MB
 c62c3fc0300d Downloading 178.3MB
 c62c3fc0300d Downloading 178.3MB
 dcc7b800eec9 Downloading 92.27MB
 dcc7b800eec9 Downloading 92.27MB
 c62c3fc0300d Downloading 178.3MB
 dcc7b800eec9 Downloading 92.27MB
 c62c3fc0300d Downloading 178.3MB
 dcc7b800eec9 Downloading 92.27MB
 c62c3fc0300d Downloading 178.3MB
 dcc7b800eec9 Downloading 92.27MB
 c62c3fc0300d Downloading 178.3MB
 dcc7b800eec9 Downloading 92.27MB
 c62c3fc0300d Downloading 178.3MB
 dcc7b800eec9 Downloading 92.27MB
 c62c3fc0300d Downloading 178.3MB
 dcc7b800eec9 Downloading 92.27MB
 c62c3fc0300d Downloading 178.3MB
 c62c3fc0300d Downloading 178.3MB
 dcc7b800eec9 Downloading 92.27MB
 dcc7b800eec9 Downloading 92.27MB
 c62c3fc0300d Downloading 178.3MB
 dcc7b800eec9 Downloading 92.27MB
 c62c3fc0300d Downloading 178.3MB
 c62c3fc0300d Downloading 178.3MB
 dcc7b800eec9 Downloading 92.27MB
 dcc7b800eec9 Downloading 92.27MB
 c62c3fc0300d Downloading 178.3MB
 dcc7b800eec9 Downloading 92.27MB
 c62c3fc0300d Downloading 178.3MB
 c62c3fc0300d Downloading 178.3MB
 dcc7b800eec9 Downloading 92.27MB
 dcc7b800eec9 Downloading 92.27MB
 c62c3fc0300d Downloading 178.3MB
 c62c3fc0300d Downloading 178.3MB
 dcc7b800eec9 Downloading 92.27MB
 dcc7b800eec9 Downloading 92.27MB
 c62c3fc0300d Downloading 178.3MB
 dcc7b800eec9 Downloading 92.27MB
 c62c3fc0300d Downloading 178.3MB
 dcc7b800eec9 Downloading 92.27MB
 c62c3fc0300d Downloading 178.3MB
 dcc7b800eec9 Downloading 92.27MB
 c62c3fc0300d Downloading 178.3MB
 dcc7b800eec9 Downloading 92.27MB
 c62c3fc0300d Downloading 178.3MB
 dcc7b800eec9 Downloading 92.27MB
 c62c3fc0300d Downloading 178.3MB
 c62c3fc0300d Downloading 178.3MB
 dcc7b800eec9 Downloading 92.27MB
 c62c3fc0300d Downloading 178.3MB
 dcc7b800eec9 Downloading 92.27MB
 dcc7b800eec9 Downloading 92.27MB
 c62c3fc0300d Downloading 178.3MB
 c62c3fc0300d Downloading 178.3MB
 dcc7b800eec9 Downloading 92.27MB
 dcc7b800eec9 Downloading 92.27MB
 c62c3fc0300d Downloading 178.3MB
 dcc7b800eec9 Downloading 92.27MB
 c62c3fc0300d Downloading 178.3MB
 dcc7b800eec9 Downloading 92.27MB
 c62c3fc0300d Downloading 178.3MB
 dcc7b800eec9 Downloading 92.27MB
 c62c3fc0300d Downloading 178.3MB
 c62c3fc0300d Downloading 178.3MB
 dcc7b800eec9 Downloading 92.27MB
 dcc7b800eec9 Downloading 92.27MB
 c62c3fc0300d Downloading 178.3MB
 dcc7b800eec9 Downloading 92.27MB
 c62c3fc0300d Downloading 178.3MB
 dcc7b800eec9 Downloading 92.27MB
 c62c3fc0300d Downloading 178.3MB
 c62c3fc0300d Downloading 178.3MB
 dcc7b800eec9 Downloading 92.27MB
 dcc7b800eec9 Downloading 92.27MB
 c62c3fc0300d Downloading 178.3MB
 c62c3fc0300d Downloading 179.3MB
 dcc7b800eec9 Downloading 92.27MB
 dcc7b800eec9 Downloading 92.27MB
 c62c3fc0300d Downloading 179.3MB
 dcc7b800eec9 Downloading 92.27MB
 c62c3fc0300d Downloading 179.3MB
 dcc7b800eec9 Downloading 93.32MB
 c62c3fc0300d Downloading 179.3MB
 dcc7b800eec9 Downloading 93.32MB
 c62c3fc0300d Downloading 179.3MB
 dcc7b800eec9 Downloading 93.32MB
 c62c3fc0300d Downloading 179.3MB
 dcc7b800eec9 Downloading 93.32MB
 c62c3fc0300d Downloading 179.3MB
 dcc7b800eec9 Downloading 93.32MB
 c62c3fc0300d Downloading 179.3MB
 dcc7b800eec9 Downloading 93.32MB
 c62c3fc0300d Downloading 179.3MB
 c62c3fc0300d Downloading 179.3MB
 dcc7b800eec9 Downloading 93.32MB
 c62c3fc0300d Downloading 179.3MB
 dcc7b800eec9 Downloading 93.32MB
 dcc7b800eec9 Downloading 93.32MB
 c62c3fc0300d Downloading 179.3MB
 dcc7b800eec9 Downloading 93.32MB
 c62c3fc0300d Downloading 179.3MB
 dcc7b800eec9 Downloading 93.32MB
 c62c3fc0300d Downloading 179.3MB
 dcc7b800eec9 Downloading 93.32MB
 c62c3fc0300d Downloading 179.3MB
 dcc7b800eec9 Downloading 93.32MB
 c62c3fc0300d Downloading 179.3MB
 dcc7b800eec9 Downloading 93.32MB
 c62c3fc0300d Downloading 179.3MB
 dcc7b800eec9 Downloading 93.32MB
 c62c3fc0300d Downloading 179.3MB
 dcc7b800eec9 Downloading 93.32MB
 c62c3fc0300d Downloading 179.3MB
 dcc7b800eec9 Downloading 93.32MB
 c62c3fc0300d Downloading 179.3MB
 c62c3fc0300d Downloading 179.3MB
 dcc7b800eec9 Downloading 93.32MB
 dcc7b800eec9 Downloading 93.32MB
 c62c3fc0300d Downloading 179.3MB
 dcc7b800eec9 Downloading 93.32MB
 c62c3fc0300d Downloading 179.3MB
 dcc7b800eec9 Downloading 93.32MB
 c62c3fc0300d Downloading 179.3MB
 c62c3fc0300d Downloading 179.3MB
 dcc7b800eec9 Downloading 93.32MB
 c62c3fc0300d Downloading 179.3MB
 dcc7b800eec9 Downloading 93.32MB
 dcc7b800eec9 Downloading 93.32MB
 c62c3fc0300d Downloading 179.3MB
 c62c3fc0300d Downloading 179.3MB
 dcc7b800eec9 Downloading 93.32MB
 c62c3fc0300d Downloading 179.3MB
 dcc7b800eec9 Downloading 93.32MB
 dcc7b800eec9 Downloading 93.32MB
 c62c3fc0300d Downloading 179.3MB
 dcc7b800eec9 Downloading 93.32MB
 c62c3fc0300d Downloading 179.3MB
 dcc7b800eec9 Downloading 93.32MB
 c62c3fc0300d Downloading 179.3MB
 dcc7b800eec9 Downloading 93.32MB
 c62c3fc0300d Downloading 179.3MB
 dcc7b800eec9 Downloading 93.32MB
 c62c3fc0300d Downloading 179.3MB
 c62c3fc0300d Downloading 179.3MB
 dcc7b800eec9 Downloading 93.32MB
 c62c3fc0300d Downloading 179.3MB
 dcc7b800eec9 Downloading 93.32MB
 c62c3fc0300d Downloading 179.3MB
 dcc7b800eec9 Downloading 93.32MB
 dcc7b800eec9 Downloading 93.32MB
 c62c3fc0300d Downloading 179.3MB
 dcc7b800eec9 Downloading 94.37MB
 c62c3fc0300d Downloading 179.3MB
 c62c3fc0300d Downloading 179.3MB
 dcc7b800eec9 Downloading 94.37MB
 c62c3fc0300d Downloading 179.3MB
 dcc7b800eec9 Downloading 94.37MB
 dcc7b800eec9 Downloading 94.37MB
 c62c3fc0300d Downloading 179.3MB
 dcc7b800eec9 Downloading 94.37MB
 c62c3fc0300d Downloading 179.3MB
 dcc7b800eec9 Downloading 94.37MB
 c62c3fc0300d Downloading 179.3MB
 dcc7b800eec9 Downloading 94.37MB
 c62c3fc0300d Downloading 179.3MB
 c62c3fc0300d Downloading 179.3MB
 dcc7b800eec9 Downloading 94.37MB
 dcc7b800eec9 Downloading 94.37MB
 c62c3fc0300d Downloading 179.3MB
 dcc7b800eec9 Downloading 94.37MB
 c62c3fc0300d Downloading 179.3MB
 c62c3fc0300d Downloading 180.4MB
 dcc7b800eec9 Downloading 94.37MB
 c62c3fc0300d Downloading 180.4MB
 dcc7b800eec9 Downloading 94.37MB
 c62c3fc0300d Downloading 180.4MB
 dcc7b800eec9 Downloading 94.37MB
 c62c3fc0300d Downloading 180.4MB
 dcc7b800eec9 Downloading 94.37MB
 c62c3fc0300d Downloading 180.4MB
 dcc7b800eec9 Downloading 94.37MB
 dcc7b800eec9 Downloading 94.37MB
 c62c3fc0300d Downloading 180.4MB
 c62c3fc0300d Downloading 180.4MB
 dcc7b800eec9 Downloading 94.37MB
 dcc7b800eec9 Downloading 94.37MB
 c62c3fc0300d Downloading 180.4MB
 c62c3fc0300d Downloading 180.4MB
 dcc7b800eec9 Downloading 94.37MB
 c62c3fc0300d Downloading 180.4MB
 dcc7b800eec9 Downloading 94.37MB
 c62c3fc0300d Downloading 180.4MB
 dcc7b800eec9 Downloading 94.37MB
 c62c3fc0300d Downloading 180.4MB
 dcc7b800eec9 Downloading 94.37MB
 dcc7b800eec9 Downloading 94.37MB
 c62c3fc0300d Downloading 180.4MB
 dcc7b800eec9 Downloading 94.37MB
 c62c3fc0300d Downloading 180.4MB
 dcc7b800eec9 Downloading 94.37MB
 c62c3fc0300d Downloading 180.4MB
 dcc7b800eec9 Downloading 94.37MB
 c62c3fc0300d Downloading 180.4MB
 dcc7b800eec9 Downloading 95.42MB
 c62c3fc0300d Downloading 180.4MB
 dcc7b800eec9 Downloading 95.42MB
 c62c3fc0300d Downloading 180.4MB
 dcc7b800eec9 Downloading 95.42MB
 c62c3fc0300d Downloading 180.4MB
 dcc7b800eec9 Downloading 95.42MB
 c62c3fc0300d Downloading 180.4MB
 dcc7b800eec9 Downloading 95.42MB
 c62c3fc0300d Downloading 180.4MB
 dcc7b800eec9 Downloading 95.42MB
 c62c3fc0300d Downloading 180.4MB
 dcc7b800eec9 Downloading 95.42MB
 c62c3fc0300d Downloading 180.4MB
 dcc7b800eec9 Downloading 95.42MB
 c62c3fc0300d Downloading 180.4MB
 c62c3fc0300d Downloading 180.4MB
 dcc7b800eec9 Downloading 95.42MB
 dcc7b800eec9 Downloading 95.42MB
 c62c3fc0300d Downloading 180.4MB
 dcc7b800eec9 Downloading 95.42MB
 c62c3fc0300d Downloading 180.4MB
 dcc7b800eec9 Downloading 95.42MB
 c62c3fc0300d Downloading 180.4MB
 c62c3fc0300d Downloading 180.4MB
 dcc7b800eec9 Downloading 95.42MB
 dcc7b800eec9 Downloading 95.42MB
 c62c3fc0300d Downloading 180.4MB
 dcc7b800eec9 Downloading 95.42MB
 c62c3fc0300d Downloading 180.4MB
 c62c3fc0300d Downloading 180.4MB
 dcc7b800eec9 Downloading 95.42MB
 dcc7b800eec9 Downloading 95.42MB
 c62c3fc0300d Downloading 180.4MB
 dcc7b800eec9 Downloading 95.42MB
 c62c3fc0300d Downloading 180.4MB
 c62c3fc0300d Downloading 180.4MB
 dcc7b800eec9 Downloading 95.42MB
 dcc7b800eec9 Downloading 95.42MB
 c62c3fc0300d Downloading 180.4MB
 dcc7b800eec9 Downloading 95.42MB
 c62c3fc0300d Downloading 180.4MB
 dcc7b800eec9 Downloading 95.42MB
 c62c3fc0300d Downloading 180.4MB
 dcc7b800eec9 Downloading 95.42MB
 c62c3fc0300d Downloading 180.4MB
 c62c3fc0300d Downloading 180.4MB
 dcc7b800eec9 Downloading 95.42MB
 c62c3fc0300d Downloading 180.4MB
 dcc7b800eec9 Downloading 95.42MB
 dcc7b800eec9 Downloading 95.42MB
 c62c3fc0300d Downloading 180.4MB
 c62c3fc0300d Downloading 180.4MB
 dcc7b800eec9 Downloading 95.42MB
 dcc7b800eec9 Downloading 95.42MB
 c62c3fc0300d Downloading 180.4MB
 c62c3fc0300d Downloading 180.4MB
 dcc7b800eec9 Downloading 95.42MB
 dcc7b800eec9 Downloading 95.42MB
 c62c3fc0300d Downloading 180.4MB
 c62c3fc0300d Downloading 180.4MB
 dcc7b800eec9 Downloading 95.42MB
 dcc7b800eec9 Downloading 95.42MB
 c62c3fc0300d Downloading 180.4MB
 dcc7b800eec9 Downloading 95.42MB
 c62c3fc0300d Downloading 180.4MB
 dcc7b800eec9 Downloading 95.42MB
 c62c3fc0300d Downloading 180.4MB
 dcc7b800eec9 Downloading 95.42MB
 c62c3fc0300d Downloading 181.4MB
 dcc7b800eec9 Downloading 95.42MB
 c62c3fc0300d Downloading 181.4MB
 dcc7b800eec9 Downloading 95.42MB
 c62c3fc0300d Downloading 181.4MB
 c62c3fc0300d Downloading 181.4MB
 dcc7b800eec9 Downloading 95.42MB
 c62c3fc0300d Downloading 181.4MB
 dcc7b800eec9 Downloading 95.42MB
 c62c3fc0300d Downloading 181.4MB
 dcc7b800eec9 Downloading 96.47MB
 c62c3fc0300d Downloading 181.4MB
 dcc7b800eec9 Downloading 96.47MB
 dcc7b800eec9 Downloading 96.47MB
 c62c3fc0300d Downloading 181.4MB
 dcc7b800eec9 Downloading 96.47MB
 c62c3fc0300d Downloading 181.4MB
 dcc7b800eec9 Downloading 96.47MB
 c62c3fc0300d Downloading 181.4MB
 dcc7b800eec9 Downloading 96.47MB
 c62c3fc0300d Downloading 181.4MB
 dcc7b800eec9 Downloading 96.47MB
 c62c3fc0300d Downloading 181.4MB
 c62c3fc0300d Downloading 181.4MB
 dcc7b800eec9 Downloading 96.47MB
 dcc7b800eec9 Downloading 96.47MB
 c62c3fc0300d Downloading 181.4MB
 dcc7b800eec9 Downloading 96.47MB
 c62c3fc0300d Downloading 181.4MB
 c62c3fc0300d Downloading 181.4MB
 dcc7b800eec9 Downloading 96.47MB
 c62c3fc0300d Downloading 181.4MB
 dcc7b800eec9 Downloading 96.47MB
 dcc7b800eec9 Downloading 96.47MB
 c62c3fc0300d Downloading 181.4MB
 dcc7b800eec9 Downloading 96.47MB
 c62c3fc0300d Downloading 181.4MB
 dcc7b800eec9 Downloading 96.47MB
 c62c3fc0300d Downloading 181.4MB
 dcc7b800eec9 Downloading 96.47MB
 c62c3fc0300d Downloading 181.4MB
 dcc7b800eec9 Downloading 96.47MB
 c62c3fc0300d Downloading 181.4MB
 c62c3fc0300d Downloading 181.4MB
 dcc7b800eec9 Downloading 96.47MB
 dcc7b800eec9 Downloading 96.47MB
 c62c3fc0300d Downloading 181.4MB
 dcc7b800eec9 Downloading 96.47MB
 c62c3fc0300d Downloading 181.4MB
 c62c3fc0300d Downloading 181.4MB
 dcc7b800eec9 Downloading 96.47MB
 c62c3fc0300d Downloading 181.4MB
 dcc7b800eec9 Downloading 96.47MB
 dcc7b800eec9 Downloading 96.47MB
 c62c3fc0300d Downloading 181.4MB
 dcc7b800eec9 Downloading 96.47MB
 c62c3fc0300d Downloading 181.4MB
 dcc7b800eec9 Downloading 96.47MB
 c62c3fc0300d Downloading 181.4MB
 dcc7b800eec9 Downloading 96.47MB
 c62c3fc0300d Downloading 181.4MB
 dcc7b800eec9 Downloading 96.47MB
 c62c3fc0300d Downloading 181.4MB
 c62c3fc0300d Downloading 181.4MB
 dcc7b800eec9 Downloading 96.47MB
 c62c3fc0300d Downloading 181.4MB
 dcc7b800eec9 Downloading 97.52MB
 dcc7b800eec9 Downloading 97.52MB
 c62c3fc0300d Downloading 181.4MB
 dcc7b800eec9 Downloading 97.52MB
 c62c3fc0300d Downloading 181.4MB
 c62c3fc0300d Downloading 181.4MB
 dcc7b800eec9 Downloading 97.52MB
 dcc7b800eec9 Downloading 97.52MB
 c62c3fc0300d Downloading 181.4MB
 dcc7b800eec9 Downloading 97.52MB
 c62c3fc0300d Downloading 181.4MB
 dcc7b800eec9 Downloading 97.52MB
 c62c3fc0300d Downloading 181.4MB
 dcc7b800eec9 Downloading 97.52MB
 c62c3fc0300d Downloading 181.4MB
 dcc7b800eec9 Downloading 97.52MB
 c62c3fc0300d Downloading 181.4MB
 dcc7b800eec9 Downloading 97.52MB
 c62c3fc0300d Downloading 182.5MB
 c62c3fc0300d Downloading 182.5MB
 dcc7b800eec9 Downloading 97.52MB
 c62c3fc0300d Downloading 182.5MB
 dcc7b800eec9 Downloading 97.52MB
 dcc7b800eec9 Downloading 97.52MB
 c62c3fc0300d Downloading 182.5MB
 c62c3fc0300d Downloading 182.5MB
 dcc7b800eec9 Downloading 97.52MB
 dcc7b800eec9 Downloading 97.52MB
 c62c3fc0300d Downloading 182.5MB
 dcc7b800eec9 Downloading 97.52MB
 c62c3fc0300d Downloading 182.5MB
 c62c3fc0300d Downloading 182.5MB
 dcc7b800eec9 Downloading 97.52MB
 dcc7b800eec9 Downloading 97.52MB
 c62c3fc0300d Downloading 182.5MB
 dcc7b800eec9 Downloading 97.52MB
 c62c3fc0300d Downloading 182.5MB
 c62c3fc0300d Downloading 182.5MB
 dcc7b800eec9 Downloading 97.52MB
 dcc7b800eec9 Downloading 97.52MB
 c62c3fc0300d Downloading 182.5MB
 dcc7b800eec9 Downloading 97.52MB
 c62c3fc0300d Downloading 182.5MB
 dcc7b800eec9 Downloading 97.52MB
 c62c3fc0300d Downloading 182.5MB
 dcc7b800eec9 Downloading 97.52MB
 c62c3fc0300d Downloading 182.5MB
 dcc7b800eec9 Downloading 97.52MB
 c62c3fc0300d Downloading 182.5MB
 dcc7b800eec9 Downloading 97.52MB
 c62c3fc0300d Downloading 182.5MB
 dcc7b800eec9 Downloading 97.52MB
 c62c3fc0300d Downloading 182.5MB
 dcc7b800eec9 Downloading 97.52MB
 c62c3fc0300d Downloading 182.5MB
 dcc7b800eec9 Downloading 97.52MB
 c62c3fc0300d Downloading 182.5MB
 c62c3fc0300d Downloading 182.5MB
 dcc7b800eec9 Downloading 97.52MB
 dcc7b800eec9 Downloading 97.52MB
 c62c3fc0300d Downloading 182.5MB
 dcc7b800eec9 Downloading 97.52MB
 c62c3fc0300d Downloading 182.5MB
 dcc7b800eec9 Downloading 97.52MB
 c62c3fc0300d Downloading 182.5MB
 dcc7b800eec9 Downloading 97.52MB
 c62c3fc0300d Downloading 182.5MB
 dcc7b800eec9 Downloading 97.52MB
 c62c3fc0300d Downloading 182.5MB
 c62c3fc0300d Downloading 182.5MB
 dcc7b800eec9 Downloading 97.52MB
 dcc7b800eec9 Downloading 97.52MB
 c62c3fc0300d Downloading 182.5MB
 dcc7b800eec9 Downloading 97.52MB
 c62c3fc0300d Downloading 182.5MB
 dcc7b800eec9 Downloading 97.52MB
 c62c3fc0300d Downloading 182.5MB
 dcc7b800eec9 Downloading 97.52MB
 c62c3fc0300d Downloading 182.5MB
 c62c3fc0300d Downloading 182.5MB
 dcc7b800eec9 Downloading 98.57MB
 c62c3fc0300d Downloading 182.5MB
 dcc7b800eec9 Downloading 98.57MB
 dcc7b800eec9 Downloading 98.57MB
 c62c3fc0300d Downloading 182.5MB
 c62c3fc0300d Downloading 182.5MB
 dcc7b800eec9 Downloading 98.57MB
 dcc7b800eec9 Downloading 98.57MB
 c62c3fc0300d Downloading 182.5MB
 c62c3fc0300d Downloading 182.5MB
 dcc7b800eec9 Downloading 98.57MB
 dcc7b800eec9 Downloading 98.57MB
 c62c3fc0300d Downloading 182.5MB
 dcc7b800eec9 Downloading 98.57MB
 c62c3fc0300d Downloading 182.5MB
 dcc7b800eec9 Downloading 98.57MB
 c62c3fc0300d Downloading 182.5MB
 dcc7b800eec9 Downloading 98.57MB
 c62c3fc0300d Downloading 182.5MB
 dcc7b800eec9 Downloading 98.57MB
 c62c3fc0300d Downloading 182.5MB
 dcc7b800eec9 Downloading 98.57MB
 c62c3fc0300d Downloading 182.5MB
 dcc7b800eec9 Downloading 98.57MB
 c62c3fc0300d Downloading 182.5MB
 dcc7b800eec9 Downloading 98.57MB
 c62c3fc0300d Downloading 182.5MB
 dcc7b800eec9 Downloading 98.57MB
 c62c3fc0300d Downloading 182.5MB
 dcc7b800eec9 Downloading 98.57MB
 c62c3fc0300d Downloading 182.5MB
 c62c3fc0300d Downloading 182.5MB
 dcc7b800eec9 Downloading 98.57MB
 dcc7b800eec9 Downloading 98.57MB
 c62c3fc0300d Downloading 182.5MB
 dcc7b800eec9 Downloading 98.57MB
 c62c3fc0300d Downloading 183.5MB
 dcc7b800eec9 Downloading 98.57MB
 c62c3fc0300d Downloading 183.5MB
 dcc7b800eec9 Downloading 98.57MB
 c62c3fc0300d Downloading 183.5MB
 dcc7b800eec9 Downloading 98.57MB
 c62c3fc0300d Downloading 183.5MB
 dcc7b800eec9 Downloading 98.57MB
 c62c3fc0300d Downloading 183.5MB
 dcc7b800eec9 Downloading 98.57MB
 c62c3fc0300d Downloading 183.5MB
 dcc7b800eec9 Downloading 98.57MB
 c62c3fc0300d Downloading 183.5MB
 dcc7b800eec9 Downloading 98.57MB
 c62c3fc0300d Downloading 183.5MB
 dcc7b800eec9 Downloading 98.57MB
 c62c3fc0300d Downloading 183.5MB
 dcc7b800eec9 Downloading 98.57MB
 c62c3fc0300d Downloading 183.5MB
 c62c3fc0300d Downloading 183.5MB
 dcc7b800eec9 Downloading 98.57MB
 c62c3fc0300d Downloading 183.5MB
 dcc7b800eec9 Downloading 98.57MB
 dcc7b800eec9 Downloading 99.61MB
 c62c3fc0300d Downloading 183.5MB
 dcc7b800eec9 Downloading 99.61MB
 c62c3fc0300d Downloading 183.5MB
 dcc7b800eec9 Downloading 99.61MB
 c62c3fc0300d Downloading 183.5MB
 c62c3fc0300d Downloading 183.5MB
 dcc7b800eec9 Downloading 99.61MB
 dcc7b800eec9 Downloading 99.61MB
 c62c3fc0300d Downloading 183.5MB
 dcc7b800eec9 Downloading 99.61MB
 c62c3fc0300d Downloading 183.5MB
 dcc7b800eec9 Downloading 99.61MB
 c62c3fc0300d Downloading 183.5MB
 dcc7b800eec9 Downloading 99.61MB
 c62c3fc0300d Downloading 183.5MB
 dcc7b800eec9 Downloading 99.61MB
 c62c3fc0300d Downloading 183.5MB
 dcc7b800eec9 Downloading 99.61MB
 c62c3fc0300d Downloading 183.5MB
 dcc7b800eec9 Downloading 99.61MB
 c62c3fc0300d Downloading 183.5MB
 dcc7b800eec9 Downloading 99.61MB
 c62c3fc0300d Downloading 183.5MB
 c62c3fc0300d Downloading 183.5MB
 dcc7b800eec9 Downloading 99.61MB
 dcc7b800eec9 Downloading 99.61MB
 c62c3fc0300d Downloading 183.5MB
 c62c3fc0300d Downloading 183.5MB
 dcc7b800eec9 Downloading 99.61MB
 dcc7b800eec9 Downloading 99.61MB
 c62c3fc0300d Downloading 183.5MB
 dcc7b800eec9 Downloading 99.61MB
 c62c3fc0300d Downloading 183.5MB
 dcc7b800eec9 Downloading 99.61MB
 c62c3fc0300d Downloading 183.5MB
 dcc7b800eec9 Downloading 99.61MB
 c62c3fc0300d Downloading 183.5MB
 c62c3fc0300d Downloading 183.5MB
 dcc7b800eec9 Downloading 99.61MB
 c62c3fc0300d Downloading 183.5MB
 dcc7b800eec9 Downloading 99.61MB
 c62c3fc0300d Downloading 183.5MB
 dcc7b800eec9 Downloading 99.61MB
 dcc7b800eec9 Downloading 99.61MB
 c62c3fc0300d Downloading 183.5MB
 dcc7b800eec9 Downloading 99.61MB
 c62c3fc0300d Downloading 183.5MB
 dcc7b800eec9 Downloading 99.61MB
 c62c3fc0300d Downloading 183.5MB
 dcc7b800eec9 Downloading 99.61MB
 c62c3fc0300d Downloading 183.5MB
 dcc7b800eec9 Downloading 99.61MB
 c62c3fc0300d Downloading 183.5MB
 dcc7b800eec9 Downloading 99.61MB
 c62c3fc0300d Downloading 183.5MB
 c62c3fc0300d Downloading 183.5MB
 dcc7b800eec9 Downloading 99.61MB
 dcc7b800eec9 Downloading 99.61MB
 c62c3fc0300d Downloading 183.5MB
 c62c3fc0300d Downloading 183.5MB
 dcc7b800eec9 Downloading 99.61MB
 dcc7b800eec9 Downloading 99.61MB
 c62c3fc0300d Downloading 183.5MB
 c62c3fc0300d Downloading 183.5MB
 dcc7b800eec9 Downloading 99.61MB
 dcc7b800eec9 Downloading 99.61MB
 c62c3fc0300d Downloading 183.5MB
 dcc7b800eec9 Downloading 99.61MB
 c62c3fc0300d Downloading 183.5MB
 dcc7b800eec9 Downloading 99.61MB
 c62c3fc0300d Downloading 184.5MB
 dcc7b800eec9 Downloading 99.61MB
 c62c3fc0300d Downloading 184.5MB
 dcc7b800eec9 Downloading 99.61MB
 c62c3fc0300d Downloading 184.5MB
 dcc7b800eec9 Downloading 99.61MB
 c62c3fc0300d Downloading 184.5MB
 dcc7b800eec9 Downloading 99.61MB
 c62c3fc0300d Downloading 184.5MB
 c62c3fc0300d Downloading 184.5MB
 dcc7b800eec9 Downloading 99.61MB
 dcc7b800eec9 Downloading 99.61MB
 c62c3fc0300d Downloading 184.5MB
 dcc7b800eec9 Downloading 99.61MB
 c62c3fc0300d Downloading 184.5MB
 dcc7b800eec9 Downloading 99.61MB
 c62c3fc0300d Downloading 184.5MB
 dcc7b800eec9 Downloading 99.61MB
 c62c3fc0300d Downloading 184.5MB
 c62c3fc0300d Downloading 184.5MB
 dcc7b800eec9 Downloading 99.61MB
 c62c3fc0300d Downloading 184.5MB
 dcc7b800eec9 Downloading 99.61MB
 c62c3fc0300d Downloading 184.5MB
 dcc7b800eec9 Downloading 99.61MB
 c62c3fc0300d Downloading 184.5MB
 dcc7b800eec9 Downloading 99.61MB
 dcc7b800eec9 Downloading 99.61MB
 c62c3fc0300d Downloading 184.5MB
 dcc7b800eec9 Downloading 99.61MB
 c62c3fc0300d Downloading 184.5MB
 dcc7b800eec9 Downloading 99.61MB
 c62c3fc0300d Downloading 184.5MB
 dcc7b800eec9 Downloading 99.61MB
 c62c3fc0300d Downloading 184.5MB
 dcc7b800eec9 Downloading 99.61MB
 c62c3fc0300d Downloading 184.5MB
 dcc7b800eec9 Downloading 99.61MB
 c62c3fc0300d Downloading 184.5MB
 c62c3fc0300d Downloading 184.5MB
 dcc7b800eec9 Downloading 99.61MB
 c62c3fc0300d Downloading 184.5MB
 dcc7b800eec9 Downloading 99.61MB
 dcc7b800eec9 Downloading 99.61MB
 c62c3fc0300d Downloading 184.5MB
 c62c3fc0300d Downloading 184.5MB
 dcc7b800eec9 Downloading 99.61MB
 dcc7b800eec9 Downloading 99.61MB
 c62c3fc0300d Downloading 184.5MB
 dcc7b800eec9 Downloading 99.61MB
 c62c3fc0300d Downloading 184.5MB
 dcc7b800eec9 Downloading 99.61MB
 c62c3fc0300d Downloading 184.5MB
 dcc7b800eec9 Downloading 99.61MB
 c62c3fc0300d Downloading 184.5MB
 dcc7b800eec9 Downloading 99.61MB
 c62c3fc0300d Downloading 184.5MB
 dcc7b800eec9 Downloading 100.7MB
 c62c3fc0300d Downloading 184.5MB
 c62c3fc0300d Downloading 184.5MB
 dcc7b800eec9 Downloading 100.7MB
 dcc7b800eec9 Downloading 100.7MB
 c62c3fc0300d Downloading 184.5MB
 c62c3fc0300d Downloading 184.5MB
 dcc7b800eec9 Downloading 100.7MB
 dcc7b800eec9 Downloading 100.7MB
 c62c3fc0300d Downloading 184.5MB
 dcc7b800eec9 Downloading 100.7MB
 c62c3fc0300d Downloading 184.5MB
 dcc7b800eec9 Downloading 100.7MB
 c62c3fc0300d Downloading 184.5MB
 dcc7b800eec9 Downloading 100.7MB
 c62c3fc0300d Downloading 184.5MB
 dcc7b800eec9 Downloading 100.7MB
 c62c3fc0300d Downloading 184.5MB
 dcc7b800eec9 Downloading 100.7MB
 c62c3fc0300d Downloading 184.5MB
 dcc7b800eec9 Downloading 100.7MB
 c62c3fc0300d Downloading 184.5MB
 dcc7b800eec9 Downloading 100.7MB
 c62c3fc0300d Downloading 184.5MB
 dcc7b800eec9 Downloading 100.7MB
 c62c3fc0300d Downloading 184.5MB
 dcc7b800eec9 Downloading 100.7MB
 c62c3fc0300d Downloading 184.5MB
 dcc7b800eec9 Downloading 100.7MB
 c62c3fc0300d Downloading 184.5MB
 dcc7b800eec9 Downloading 100.7MB
 c62c3fc0300d Downloading 184.5MB
 dcc7b800eec9 Downloading 100.7MB
 c62c3fc0300d Downloading 184.5MB
 c62c3fc0300d Downloading 184.5MB
 dcc7b800eec9 Downloading 100.7MB
 dcc7b800eec9 Downloading 100.7MB
 c62c3fc0300d Downloading 184.5MB
 c62c3fc0300d Downloading 184.5MB
 dcc7b800eec9 Downloading 100.7MB
 c62c3fc0300d Downloading 184.5MB
 dcc7b800eec9 Downloading 100.7MB
 dcc7b800eec9 Downloading 100.7MB
 c62c3fc0300d Downloading 184.5MB
 dcc7b800eec9 Downloading 100.7MB
 c62c3fc0300d Downloading 184.5MB
 dcc7b800eec9 Downloading 100.7MB
 c62c3fc0300d Downloading 184.5MB
 dcc7b800eec9 Downloading 100.7MB
 c62c3fc0300d Downloading 184.5MB
 dcc7b800eec9 Downloading 100.7MB
 c62c3fc0300d Downloading 184.5MB
 dcc7b800eec9 Downloading 100.7MB
 c62c3fc0300d Downloading 184.5MB
 dcc7b800eec9 Downloading 100.7MB
 c62c3fc0300d Downloading 184.5MB
 dcc7b800eec9 Downloading 100.7MB
 c62c3fc0300d Downloading 184.5MB
 dcc7b800eec9 Downloading 100.7MB
 c62c3fc0300d Downloading 184.5MB
 dcc7b800eec9 Downloading 100.7MB
 c62c3fc0300d Downloading 184.5MB
 c62c3fc0300d Downloading 184.5MB
 dcc7b800eec9 Downloading 100.7MB
 c62c3fc0300d Downloading 184.5MB
 dcc7b800eec9 Downloading 100.7MB
 dcc7b800eec9 Downloading 100.7MB
 c62c3fc0300d Downloading 184.5MB
 dcc7b800eec9 Downloading 100.7MB
 c62c3fc0300d Downloading 184.5MB
 c62c3fc0300d Downloading 184.5MB
 dcc7b800eec9 Downloading 100.7MB
 c62c3fc0300d Downloading 184.5MB
 dcc7b800eec9 Downloading 100.7MB
 c62c3fc0300d Downloading 184.5MB
 dcc7b800eec9 Downloading 100.7MB
 dcc7b800eec9 Downloading 100.7MB
 c62c3fc0300d Downloading 184.5MB
 dcc7b800eec9 Downloading 100.7MB
 c62c3fc0300d Downloading 184.5MB
 c62c3fc0300d Downloading 184.5MB
 dcc7b800eec9 Downloading 100.7MB
 c62c3fc0300d Downloading 184.5MB
 dcc7b800eec9 Downloading 100.7MB
 dcc7b800eec9 Downloading 100.7MB
 c62c3fc0300d Downloading 184.5MB
 dcc7b800eec9 Downloading 100.7MB
 c62c3fc0300d Downloading 184.5MB
 dcc7b800eec9 Downloading 100.7MB
 c62c3fc0300d Downloading 185.6MB
 c62c3fc0300d Downloading 185.6MB
 dcc7b800eec9 Downloading 100.7MB
 dcc7b800eec9 Downloading 100.7MB
 c62c3fc0300d Downloading 185.6MB
 dcc7b800eec9 Downloading 100.7MB
 c62c3fc0300d Downloading 185.6MB
 c62c3fc0300d Downloading 185.6MB
 dcc7b800eec9 Downloading 100.7MB
 c62c3fc0300d Downloading 185.6MB
 dcc7b800eec9 Downloading 100.7MB
 dcc7b800eec9 Downloading 100.7MB
 c62c3fc0300d Downloading 185.6MB
 dcc7b800eec9 Downloading 100.7MB
 c62c3fc0300d Downloading 185.6MB
 c62c3fc0300d Downloading 185.6MB
 dcc7b800eec9 Downloading 100.7MB
 dcc7b800eec9 Downloading 100.7MB
 c62c3fc0300d Downloading 185.6MB
 dcc7b800eec9 Downloading 100.7MB
 c62c3fc0300d Downloading 185.6MB
 c62c3fc0300d Downloading 185.6MB
 dcc7b800eec9 Downloading 100.7MB
 c62c3fc0300d Downloading 185.6MB
 dcc7b800eec9 Downloading 100.7MB
 dcc7b800eec9 Downloading 100.7MB
 c62c3fc0300d Downloading 185.6MB
 c62c3fc0300d Downloading 185.6MB
 dcc7b800eec9 Downloading 100.7MB
 dcc7b800eec9 Downloading 100.7MB
 c62c3fc0300d Downloading 185.6MB
 dcc7b800eec9 Downloading 100.7MB
 c62c3fc0300d Downloading 185.6MB
 dcc7b800eec9 Downloading 100.7MB
 c62c3fc0300d Downloading 185.6MB
 dcc7b800eec9 Downloading 100.7MB
 c62c3fc0300d Downloading 185.6MB
 dcc7b800eec9 Downloading 100.7MB
 c62c3fc0300d Downloading 185.6MB
 dcc7b800eec9 Downloading 100.7MB
 c62c3fc0300d Downloading 185.6MB
 c62c3fc0300d Downloading 185.6MB
 dcc7b800eec9 Downloading 100.7MB
 c62c3fc0300d Downloading 185.6MB
 dcc7b800eec9 Downloading 100.7MB
 dcc7b800eec9 Downloading 100.7MB
 c62c3fc0300d Downloading 185.6MB
 dcc7b800eec9 Downloading 100.7MB
 c62c3fc0300d Downloading 185.6MB
 dcc7b800eec9 Downloading 101.7MB
 c62c3fc0300d Downloading 185.6MB
 c62c3fc0300d Downloading 185.6MB
 dcc7b800eec9 Downloading 101.7MB
 dcc7b800eec9 Downloading 101.7MB
 c62c3fc0300d Downloading 185.6MB
 c62c3fc0300d Downloading 185.6MB
 dcc7b800eec9 Downloading 101.7MB
 c62c3fc0300d Downloading 185.6MB
 dcc7b800eec9 Downloading 101.7MB
 dcc7b800eec9 Downloading 101.7MB
 c62c3fc0300d Downloading 185.6MB
 dcc7b800eec9 Downloading 101.7MB
 c62c3fc0300d Downloading 185.6MB
 dcc7b800eec9 Downloading 101.7MB
 c62c3fc0300d Downloading 185.6MB
 dcc7b800eec9 Downloading 101.7MB
 c62c3fc0300d Downloading 185.6MB
 c62c3fc0300d Downloading 185.6MB
 dcc7b800eec9 Downloading 101.7MB
 dcc7b800eec9 Downloading 101.7MB
 c62c3fc0300d Downloading 185.6MB
 dcc7b800eec9 Downloading 101.7MB
 c62c3fc0300d Downloading 185.6MB
 c62c3fc0300d Downloading 185.6MB
 dcc7b800eec9 Downloading 101.7MB
 dcc7b800eec9 Downloading 101.7MB
 c62c3fc0300d Downloading 185.6MB
 dcc7b800eec9 Downloading 101.7MB
 c62c3fc0300d Downloading 185.6MB
 dcc7b800eec9 Downloading 101.7MB
 c62c3fc0300d Downloading 185.6MB
 dcc7b800eec9 Downloading 101.7MB
 c62c3fc0300d Downloading 185.6MB
 dcc7b800eec9 Downloading 101.7MB
 c62c3fc0300d Downloading 185.6MB
 c62c3fc0300d Downloading 185.6MB
 dcc7b800eec9 Downloading 101.7MB
 dcc7b800eec9 Downloading 101.7MB
 c62c3fc0300d Downloading 185.6MB
 dcc7b800eec9 Downloading 101.7MB
 c62c3fc0300d Downloading 185.6MB
 dcc7b800eec9 Downloading 101.7MB
 c62c3fc0300d Downloading 186.6MB
 dcc7b800eec9 Downloading 101.7MB
 c62c3fc0300d Downloading 186.6MB
 dcc7b800eec9 Downloading 101.7MB
 c62c3fc0300d Downloading 186.6MB
 dcc7b800eec9 Downloading 101.7MB
 c62c3fc0300d Downloading 186.6MB
 dcc7b800eec9 Downloading 101.7MB
 c62c3fc0300d Downloading 186.6MB
 dcc7b800eec9 Downloading 101.7MB
 c62c3fc0300d Downloading 186.6MB
 dcc7b800eec9 Downloading 101.7MB
 c62c3fc0300d Downloading 186.6MB
 dcc7b800eec9 Downloading 101.7MB
 c62c3fc0300d Downloading 186.6MB
 dcc7b800eec9 Downloading 101.7MB
 c62c3fc0300d Downloading 186.6MB
 dcc7b800eec9 Downloading 101.7MB
 c62c3fc0300d Downloading 186.6MB
 dcc7b800eec9 Downloading 101.7MB
 c62c3fc0300d Downloading 186.6MB
 dcc7b800eec9 Downloading 101.7MB
 c62c3fc0300d Downloading 186.6MB
 c62c3fc0300d Downloading 186.6MB
 dcc7b800eec9 Downloading 101.7MB
 dcc7b800eec9 Downloading 101.7MB
 c62c3fc0300d Downloading 187.7MB
 dcc7b800eec9 Downloading 101.7MB
 c62c3fc0300d Downloading 187.7MB
 dcc7b800eec9 Downloading 101.7MB
 c62c3fc0300d Downloading 187.7MB
 c62c3fc0300d Downloading 187.7MB
 dcc7b800eec9 Downloading 101.7MB
 c62c3fc0300d Downloading 187.7MB
 dcc7b800eec9 Downloading 101.7MB
 dcc7b800eec9 Downloading 102.8MB
 c62c3fc0300d Downloading 187.7MB
 dcc7b800eec9 Downloading 102.8MB
 c62c3fc0300d Downloading 187.7MB
 dcc7b800eec9 Downloading 102.8MB
 c62c3fc0300d Downloading 187.7MB
 dcc7b800eec9 Downloading 102.8MB
 c62c3fc0300d Downloading 187.7MB
 dcc7b800eec9 Downloading 102.8MB
 c62c3fc0300d Downloading 187.7MB
 dcc7b800eec9 Downloading 102.8MB
 c62c3fc0300d Downloading 187.7MB
 dcc7b800eec9 Downloading 102.8MB
 c62c3fc0300d Downloading 187.7MB
 dcc7b800eec9 Downloading 102.8MB
 c62c3fc0300d Downloading 187.7MB
 c62c3fc0300d Downloading 187.7MB
 dcc7b800eec9 Downloading 102.8MB
 dcc7b800eec9 Downloading 102.8MB
 c62c3fc0300d Downloading 188.7MB
 dcc7b800eec9 Downloading 102.8MB
 c62c3fc0300d Downloading 188.7MB
 dcc7b800eec9 Downloading 102.8MB
 c62c3fc0300d Downloading 188.7MB
 dcc7b800eec9 Downloading 102.8MB
 c62c3fc0300d Downloading 188.7MB
 c62c3fc0300d Downloading 188.7MB
 dcc7b800eec9 Downloading 102.8MB
 c62c3fc0300d Downloading 188.7MB
 dcc7b800eec9 Downloading 102.8MB
 c62c3fc0300d Downloading 188.7MB
 dcc7b800eec9 Downloading 102.8MB
 dcc7b800eec9 Downloading 102.8MB
 c62c3fc0300d Downloading 188.7MB
 dcc7b800eec9 Downloading 102.8MB
 c62c3fc0300d Downloading 188.7MB
 dcc7b800eec9 Downloading 102.8MB
 c62c3fc0300d Downloading 188.7MB
 dcc7b800eec9 Downloading 102.8MB
 c62c3fc0300d Downloading 188.7MB
 dcc7b800eec9 Downloading 102.8MB
 c62c3fc0300d Downloading 188.7MB
 dcc7b800eec9 Downloading 102.8MB
 c62c3fc0300d Downloading 188.7MB
 dcc7b800eec9 Downloading 102.8MB
 c62c3fc0300d Downloading 188.7MB
 dcc7b800eec9 Downloading 102.8MB
 c62c3fc0300d Downloading 188.7MB
 dcc7b800eec9 Downloading 102.8MB
 c62c3fc0300d Downloading 188.7MB
 dcc7b800eec9 Downloading 102.8MB
 c62c3fc0300d Downloading 188.7MB
 c62c3fc0300d Downloading 188.7MB
 dcc7b800eec9 Downloading 102.8MB
 dcc7b800eec9 Downloading 102.8MB
 c62c3fc0300d Downloading 188.7MB
 dcc7b800eec9 Downloading 102.8MB
 c62c3fc0300d Downloading 188.7MB
 dcc7b800eec9 Downloading 102.8MB
 c62c3fc0300d Downloading 188.7MB
 dcc7b800eec9 Downloading 102.8MB
 c62c3fc0300d Downloading 188.7MB
 c62c3fc0300d Downloading 188.7MB
 dcc7b800eec9 Downloading 102.8MB
 dcc7b800eec9 Downloading 102.8MB
 c62c3fc0300d Downloading 188.7MB
 dcc7b800eec9 Downloading 102.8MB
 c62c3fc0300d Downloading 188.7MB
 c62c3fc0300d Downloading 188.7MB
 dcc7b800eec9 Downloading 102.8MB
 dcc7b800eec9 Downloading 102.8MB
 c62c3fc0300d Downloading 188.7MB
 dcc7b800eec9 Downloading 102.8MB
 c62c3fc0300d Downloading 188.7MB
 dcc7b800eec9 Downloading 102.8MB
 c62c3fc0300d Downloading 188.7MB
 dcc7b800eec9 Downloading 102.8MB
 c62c3fc0300d Downloading 188.7MB
 dcc7b800eec9 Downloading 103.8MB
 c62c3fc0300d Downloading 188.7MB
 c62c3fc0300d Downloading 188.7MB
 dcc7b800eec9 Downloading 103.8MB
 dcc7b800eec9 Downloading 103.8MB
 c62c3fc0300d Downloading 188.7MB
 dcc7b800eec9 Downloading 103.8MB
 c62c3fc0300d Downloading 188.7MB
 dcc7b800eec9 Downloading 103.8MB
 c62c3fc0300d Downloading 188.7MB
 dcc7b800eec9 Downloading 103.8MB
 c62c3fc0300d Downloading 188.7MB
 c62c3fc0300d Downloading 188.7MB
 dcc7b800eec9 Downloading 103.8MB
 dcc7b800eec9 Downloading 103.8MB
 c62c3fc0300d Downloading 188.7MB
 dcc7b800eec9 Downloading 103.8MB
 c62c3fc0300d Downloading 188.7MB
 dcc7b800eec9 Downloading 103.8MB
 c62c3fc0300d Downloading 188.7MB
 dcc7b800eec9 Downloading 103.8MB
 c62c3fc0300d Downloading 188.7MB
 c62c3fc0300d Downloading 188.7MB
 dcc7b800eec9 Downloading 103.8MB
 c62c3fc0300d Downloading 188.7MB
 dcc7b800eec9 Downloading 103.8MB
 dcc7b800eec9 Downloading 103.8MB
 c62c3fc0300d Downloading 188.7MB
 dcc7b800eec9 Downloading 103.8MB
 c62c3fc0300d Downloading 188.7MB
 dcc7b800eec9 Downloading 103.8MB
 c62c3fc0300d Downloading 189.8MB
 dcc7b800eec9 Downloading 103.8MB
 c62c3fc0300d Downloading 189.8MB
 dcc7b800eec9 Downloading 103.8MB
 c62c3fc0300d Downloading 189.8MB
 dcc7b800eec9 Downloading 103.8MB
 c62c3fc0300d Downloading 189.8MB
 dcc7b800eec9 Downloading 103.8MB
 c62c3fc0300d Downloading 189.8MB
 dcc7b800eec9 Downloading 103.8MB
 c62c3fc0300d Downloading 189.8MB
 dcc7b800eec9 Downloading 103.8MB
 c62c3fc0300d Downloading 189.8MB
 c62c3fc0300d Downloading 189.8MB
 dcc7b800eec9 Downloading 103.8MB
 c62c3fc0300d Downloading 189.8MB
 dcc7b800eec9 Downloading 103.8MB
 dcc7b800eec9 Downloading 103.8MB
 c62c3fc0300d Downloading 189.8MB
 dcc7b800eec9 Downloading 103.8MB
 c62c3fc0300d Downloading 189.8MB
 c62c3fc0300d Downloading 189.8MB
 dcc7b800eec9 Downloading 103.8MB
 dcc7b800eec9 Downloading 103.8MB
 c62c3fc0300d Downloading 189.8MB
 dcc7b800eec9 Downloading 103.8MB
 c62c3fc0300d Downloading 189.8MB
 dcc7b800eec9 Downloading 103.8MB
 c62c3fc0300d Downloading 189.8MB
 dcc7b800eec9 Downloading 103.8MB
 c62c3fc0300d Downloading 189.8MB
 c62c3fc0300d Downloading 189.8MB
 dcc7b800eec9 Downloading 103.8MB
 dcc7b800eec9 Downloading 103.8MB
 c62c3fc0300d Downloading 189.8MB
 dcc7b800eec9 Downloading 103.8MB
 c62c3fc0300d Downloading 189.8MB
 c62c3fc0300d Downloading 189.8MB
 dcc7b800eec9 Downloading 103.8MB
 dcc7b800eec9 Downloading 104.9MB
 c62c3fc0300d Downloading 189.8MB
 dcc7b800eec9 Downloading 104.9MB
 c62c3fc0300d Downloading 189.8MB
 dcc7b800eec9 Downloading 104.9MB
 c62c3fc0300d Downloading 189.8MB
 dcc7b800eec9 Downloading 104.9MB
 c62c3fc0300d Downloading 189.8MB
 c62c3fc0300d Downloading 189.8MB
 dcc7b800eec9 Downloading 104.9MB
 dcc7b800eec9 Downloading 104.9MB
 c62c3fc0300d Downloading 189.8MB
 dcc7b800eec9 Downloading 104.9MB
 c62c3fc0300d Downloading 189.8MB
 dcc7b800eec9 Downloading 104.9MB
 c62c3fc0300d Downloading 189.8MB
 dcc7b800eec9 Downloading 104.9MB
 c62c3fc0300d Downloading 189.8MB
 dcc7b800eec9 Downloading 104.9MB
 c62c3fc0300d Downloading 189.8MB
 dcc7b800eec9 Downloading 104.9MB
 c62c3fc0300d Downloading 189.8MB
 dcc7b800eec9 Downloading 104.9MB
 c62c3fc0300d Downloading 189.8MB
 dcc7b800eec9 Downloading 104.9MB
 c62c3fc0300d Downloading 189.8MB
 dcc7b800eec9 Downloading 104.9MB
 c62c3fc0300d Downloading 189.8MB
 dcc7b800eec9 Downloading 104.9MB
 c62c3fc0300d Downloading 189.8MB
 dcc7b800eec9 Downloading 104.9MB
 c62c3fc0300d Downloading 189.8MB
 dcc7b800eec9 Downloading 104.9MB
 c62c3fc0300d Downloading 189.8MB
 dcc7b800eec9 Downloading 104.9MB
 c62c3fc0300d Downloading 189.8MB
 c62c3fc0300d Downloading 189.8MB
 dcc7b800eec9 Downloading 104.9MB
 dcc7b800eec9 Downloading 104.9MB
 c62c3fc0300d Downloading 189.8MB
 dcc7b800eec9 Downloading 104.9MB
 c62c3fc0300d Downloading 189.8MB
 dcc7b800eec9 Downloading 104.9MB
 c62c3fc0300d Downloading 190.8MB
 dcc7b800eec9 Downloading 104.9MB
 c62c3fc0300d Downloading 190.8MB
 dcc7b800eec9 Downloading 104.9MB
 c62c3fc0300d Downloading 190.8MB
 dcc7b800eec9 Downloading 104.9MB
 c62c3fc0300d Downloading 190.8MB
 c62c3fc0300d Downloading 190.8MB
 dcc7b800eec9 Downloading 104.9MB
 dcc7b800eec9 Downloading 104.9MB
 c62c3fc0300d Downloading 190.8MB
 dcc7b800eec9 Downloading 104.9MB
 c62c3fc0300d Downloading 190.8MB
 dcc7b800eec9 Downloading 104.9MB
 c62c3fc0300d Downloading 190.8MB
 dcc7b800eec9 Downloading 104.9MB
 c62c3fc0300d Downloading 190.8MB
 dcc7b800eec9 Downloading 104.9MB
 c62c3fc0300d Downloading 190.8MB
 c62c3fc0300d Downloading 190.8MB
 dcc7b800eec9 Downloading 104.9MB
 dcc7b800eec9 Downloading 104.9MB
 c62c3fc0300d Downloading 190.8MB
 dcc7b800eec9 Downloading 104.9MB
 c62c3fc0300d Downloading 190.8MB
 c62c3fc0300d Downloading 190.8MB
 dcc7b800eec9 Downloading 104.9MB
 dcc7b800eec9 Downloading 104.9MB
 c62c3fc0300d Downloading 190.8MB
 dcc7b800eec9 Downloading 104.9MB
 c62c3fc0300d Downloading 190.8MB
 c62c3fc0300d Downloading 190.8MB
 dcc7b800eec9 Downloading 104.9MB
 dcc7b800eec9 Downloading 104.9MB
 c62c3fc0300d Downloading 190.8MB
 dcc7b800eec9 Downloading 104.9MB
 c62c3fc0300d Downloading 190.8MB
 dcc7b800eec9 Downloading 104.9MB
 c62c3fc0300d Downloading 190.8MB
 dcc7b800eec9 Downloading 104.9MB
 c62c3fc0300d Downloading 190.8MB
 c62c3fc0300d Downloading 190.8MB
 dcc7b800eec9 Downloading 104.9MB
 dcc7b800eec9 Downloading 104.9MB
 c62c3fc0300d Downloading 190.8MB
 dcc7b800eec9 Downloading 104.9MB
 c62c3fc0300d Downloading 190.8MB
 dcc7b800eec9 Downloading 104.9MB
 c62c3fc0300d Downloading 190.8MB
 dcc7b800eec9 Downloading 105.9MB
 c62c3fc0300d Downloading 190.8MB
 dcc7b800eec9 Downloading 105.9MB
 c62c3fc0300d Downloading 190.8MB
 c62c3fc0300d Downloading 190.8MB
 dcc7b800eec9 Downloading 105.9MB
 dcc7b800eec9 Downloading 105.9MB
 c62c3fc0300d Downloading 190.8MB
 dcc7b800eec9 Downloading 105.9MB
 c62c3fc0300d Downloading 190.8MB
 dcc7b800eec9 Downloading 105.9MB
 c62c3fc0300d Downloading 190.8MB
 dcc7b800eec9 Downloading 105.9MB
 c62c3fc0300d Downloading 190.8MB
 c62c3fc0300d Downloading 190.8MB
 dcc7b800eec9 Downloading 105.9MB
 c62c3fc0300d Downloading 190.8MB
 dcc7b800eec9 Downloading 105.9MB
 c62c3fc0300d Downloading 190.8MB
 dcc7b800eec9 Downloading 105.9MB
 dcc7b800eec9 Downloading 105.9MB
 c62c3fc0300d Downloading 190.8MB
 dcc7b800eec9 Downloading 105.9MB
 c62c3fc0300d Downloading 190.8MB
 dcc7b800eec9 Downloading 105.9MB
 c62c3fc0300d Downloading 190.8MB
 dcc7b800eec9 Downloading 105.9MB
 c62c3fc0300d Downloading 190.8MB
 dcc7b800eec9 Downloading 105.9MB
 c62c3fc0300d Downloading 190.8MB
 dcc7b800eec9 Downloading 105.9MB
 c62c3fc0300d Downloading 190.8MB
 dcc7b800eec9 Downloading 105.9MB
 c62c3fc0300d Downloading 190.8MB
 dcc7b800eec9 Downloading 105.9MB
 c62c3fc0300d Downloading 190.8MB
 c62c3fc0300d Downloading 190.8MB
 dcc7b800eec9 Downloading 105.9MB
 c62c3fc0300d Downloading 190.8MB
 dcc7b800eec9 Downloading 105.9MB
 dcc7b800eec9 Downloading 105.9MB
 c62c3fc0300d Downloading 190.8MB
 dcc7b800eec9 Downloading 105.9MB
 c62c3fc0300d Downloading 190.8MB
 dcc7b800eec9 Downloading 105.9MB
 c62c3fc0300d Downloading 190.8MB
 c62c3fc0300d Downloading 191.9MB
 dcc7b800eec9 Downloading 105.9MB
 c62c3fc0300d Downloading 191.9MB
 dcc7b800eec9 Downloading 105.9MB
 c62c3fc0300d Downloading 191.9MB
 dcc7b800eec9 Downloading 105.9MB
 dcc7b800eec9 Downloading 105.9MB
 c62c3fc0300d Downloading 191.9MB
 dcc7b800eec9 Downloading 105.9MB
 c62c3fc0300d Downloading 191.9MB
 dcc7b800eec9 Downloading 105.9MB
 c62c3fc0300d Downloading 191.9MB
 c62c3fc0300d Downloading 191.9MB
 dcc7b800eec9 Downloading 105.9MB
 dcc7b800eec9 Downloading 105.9MB
 c62c3fc0300d Downloading 191.9MB
 c62c3fc0300d Downloading 191.9MB
 dcc7b800eec9 Downloading 105.9MB
 dcc7b800eec9 Downloading 105.9MB
 c62c3fc0300d Downloading 191.9MB
 dcc7b800eec9 Downloading 105.9MB
 c62c3fc0300d Downloading 191.9MB
 c62c3fc0300d Downloading 191.9MB
 dcc7b800eec9 Downloading 105.9MB
 dcc7b800eec9 Downloading 105.9MB
 c62c3fc0300d Downloading 191.9MB
 dcc7b800eec9 Downloading 105.9MB
 c62c3fc0300d Downloading 191.9MB
 dcc7b800eec9 Downloading 105.9MB
 c62c3fc0300d Downloading 191.9MB
 dcc7b800eec9 Downloading 105.9MB
 c62c3fc0300d Downloading 191.9MB
 dcc7b800eec9 Downloading 105.9MB
 c62c3fc0300d Downloading 191.9MB
 c62c3fc0300d Downloading 191.9MB
 dcc7b800eec9 Downloading 105.9MB
 c62c3fc0300d Downloading 191.9MB
 dcc7b800eec9 Downloading 105.9MB
 c62c3fc0300d Downloading 191.9MB
 dcc7b800eec9 Downloading 105.9MB
 dcc7b800eec9 Downloading 105.9MB
 c62c3fc0300d Downloading 191.9MB
 dcc7b800eec9 Downloading 105.9MB
 c62c3fc0300d Downloading 191.9MB
 dcc7b800eec9 Downloading 105.9MB
 c62c3fc0300d Downloading 191.9MB
 c62c3fc0300d Downloading 191.9MB
 dcc7b800eec9 Downloading 105.9MB
 dcc7b800eec9 Downloading 105.9MB
 c62c3fc0300d Downloading 191.9MB
 dcc7b800eec9 Downloading 105.9MB
 c62c3fc0300d Downloading 191.9MB
 c62c3fc0300d Downloading 191.9MB
 dcc7b800eec9 Downloading 107MB
 dcc7b800eec9 Downloading 107MB
 c62c3fc0300d Downloading 191.9MB
 dcc7b800eec9 Downloading 107MB
 c62c3fc0300d Downloading 191.9MB
 dcc7b800eec9 Downloading 107MB
 c62c3fc0300d Downloading 191.9MB
 dcc7b800eec9 Downloading 107MB
 c62c3fc0300d Downloading 191.9MB
 dcc7b800eec9 Downloading 107MB
 c62c3fc0300d Downloading 191.9MB
 dcc7b800eec9 Downloading 107MB
 c62c3fc0300d Downloading 191.9MB
 dcc7b800eec9 Downloading 107MB
 c62c3fc0300d Downloading 191.9MB
 c62c3fc0300d Downloading 191.9MB
 dcc7b800eec9 Downloading 107MB
 c62c3fc0300d Downloading 191.9MB
 dcc7b800eec9 Downloading 107MB
 c62c3fc0300d Downloading 191.9MB
 dcc7b800eec9 Downloading 107MB
 c62c3fc0300d Downloading 191.9MB
 dcc7b800eec9 Downloading 107MB
 c62c3fc0300d Downloading 191.9MB
 dcc7b800eec9 Downloading 107MB
 dcc7b800eec9 Downloading 107MB
 c62c3fc0300d Downloading 191.9MB
 dcc7b800eec9 Downloading 107MB
 c62c3fc0300d Downloading 191.9MB
 c62c3fc0300d Downloading 191.9MB
 dcc7b800eec9 Downloading 107MB
 dcc7b800eec9 Downloading 107MB
 c62c3fc0300d Downloading 191.9MB
 dcc7b800eec9 Downloading 107MB
 c62c3fc0300d Downloading 191.9MB
 c62c3fc0300d Downloading 191.9MB
 dcc7b800eec9 Downloading 107MB
 dcc7b800eec9 Downloading 107MB
 c62c3fc0300d Downloading 191.9MB
 c62c3fc0300d Downloading 192.9MB
 dcc7b800eec9 Downloading 108MB
 c62c3fc0300d Downloading 192.9MB
 dcc7b800eec9 Downloading 108MB
 dcc7b800eec9 Downloading 108MB
 c62c3fc0300d Downloading 192.9MB
 dcc7b800eec9 Downloading 108MB
 c62c3fc0300d Downloading 192.9MB
 dcc7b800eec9 Downloading 108MB
 c62c3fc0300d Downloading 192.9MB
 dcc7b800eec9 Downloading 108MB
 c62c3fc0300d Downloading 192.9MB
 c62c3fc0300d Downloading 192.9MB
 dcc7b800eec9 Downloading 108MB
 dcc7b800eec9 Downloading 108MB
 c62c3fc0300d Downloading 192.9MB
 c62c3fc0300d Downloading 192.9MB
 dcc7b800eec9 Downloading 108MB
 dcc7b800eec9 Downloading 108MB
 c62c3fc0300d Downloading 192.9MB
 dcc7b800eec9 Downloading 108MB
 c62c3fc0300d Downloading 192.9MB
 dcc7b800eec9 Downloading 108MB
 c62c3fc0300d Downloading 192.9MB
 dcc7b800eec9 Downloading 108MB
 c62c3fc0300d Downloading 192.9MB
 c62c3fc0300d Downloading 192.9MB
 dcc7b800eec9 Downloading 108MB
 dcc7b800eec9 Downloading 108MB
 c62c3fc0300d Downloading 192.9MB
 dcc7b800eec9 Downloading 108MB
 c62c3fc0300d Downloading 192.9MB
 c62c3fc0300d Downloading 192.9MB
 dcc7b800eec9 Downloading 108MB
 dcc7b800eec9 Downloading 108MB
 c62c3fc0300d Downloading 192.9MB
 dcc7b800eec9 Downloading 108MB
 c62c3fc0300d Downloading 192.9MB
 dcc7b800eec9 Downloading 108MB
 c62c3fc0300d Downloading 192.9MB
 c62c3fc0300d Downloading 192.9MB
 dcc7b800eec9 Downloading 108MB
 dcc7b800eec9 Downloading 108MB
 c62c3fc0300d Downloading 192.9MB
 dcc7b800eec9 Downloading 108MB
 c62c3fc0300d Downloading 192.9MB
 dcc7b800eec9 Downloading 108MB
 c62c3fc0300d Downloading 192.9MB
 dcc7b800eec9 Downloading 108MB
 c62c3fc0300d Downloading 192.9MB
 dcc7b800eec9 Downloading 108MB
 c62c3fc0300d Downloading 192.9MB
 dcc7b800eec9 Downloading 108MB
 c62c3fc0300d Downloading 192.9MB
 dcc7b800eec9 Downloading 108MB
 c62c3fc0300d Downloading 192.9MB
 dcc7b800eec9 Downloading 108MB
 c62c3fc0300d Downloading 192.9MB
 dcc7b800eec9 Downloading 108MB
 c62c3fc0300d Downloading 192.9MB
 dcc7b800eec9 Downloading 108MB
 c62c3fc0300d Downloading 192.9MB
 dcc7b800eec9 Downloading 108MB
 c62c3fc0300d Downloading 192.9MB
 dcc7b800eec9 Downloading 108MB
 c62c3fc0300d Downloading 192.9MB
 dcc7b800eec9 Downloading 108MB
 c62c3fc0300d Downloading 192.9MB
 dcc7b800eec9 Downloading 108MB
 c62c3fc0300d Downloading 192.9MB
 c62c3fc0300d Downloading 192.9MB
 dcc7b800eec9 Downloading 108MB
 dcc7b800eec9 Downloading 108MB
 c62c3fc0300d Downloading 192.9MB
 c62c3fc0300d Downloading 192.9MB
 dcc7b800eec9 Downloading 108MB
 c62c3fc0300d Downloading 192.9MB
 dcc7b800eec9 Downloading 108MB
 dcc7b800eec9 Downloading 108MB
 c62c3fc0300d Downloading 192.9MB
 c62c3fc0300d Downloading 192.9MB
 dcc7b800eec9 Downloading 108MB
 dcc7b800eec9 Downloading 108MB
 c62c3fc0300d Downloading 194MB
 c62c3fc0300d Downloading 194MB
 dcc7b800eec9 Downloading 108MB
 dcc7b800eec9 Downloading 108MB
 c62c3fc0300d Downloading 194MB
 dcc7b800eec9 Downloading 108MB
 c62c3fc0300d Downloading 194MB
 c62c3fc0300d Downloading 194MB
 dcc7b800eec9 Downloading 108MB
 dcc7b800eec9 Downloading 108MB
 c62c3fc0300d Downloading 194MB
 dcc7b800eec9 Downloading 109.1MB
 c62c3fc0300d Downloading 194MB
 dcc7b800eec9 Downloading 109.1MB
 c62c3fc0300d Downloading 194MB
 dcc7b800eec9 Downloading 109.1MB
 c62c3fc0300d Downloading 194MB
 dcc7b800eec9 Downloading 109.1MB
 c62c3fc0300d Downloading 194MB
 c62c3fc0300d Downloading 194MB
 dcc7b800eec9 Downloading 109.1MB
 c62c3fc0300d Downloading 194MB
 dcc7b800eec9 Downloading 109.1MB
 dcc7b800eec9 Downloading 109.1MB
 c62c3fc0300d Downloading 194MB
 dcc7b800eec9 Downloading 109.1MB
 c62c3fc0300d Downloading 194MB
 dcc7b800eec9 Downloading 109.1MB
 c62c3fc0300d Downloading 194MB
 dcc7b800eec9 Downloading 109.1MB
 c62c3fc0300d Downloading 194MB
 dcc7b800eec9 Downloading 109.1MB
 c62c3fc0300d Downloading 194MB
 dcc7b800eec9 Downloading 109.1MB
 c62c3fc0300d Downloading 194MB
 dcc7b800eec9 Downloading 109.1MB
 c62c3fc0300d Downloading 194MB
 c62c3fc0300d Downloading 194MB
 dcc7b800eec9 Downloading 109.1MB
 dcc7b800eec9 Downloading 109.1MB
 c62c3fc0300d Downloading 194MB
 dcc7b800eec9 Downloading 109.1MB
 c62c3fc0300d Downloading 194MB
 c62c3fc0300d Downloading 194MB
 dcc7b800eec9 Downloading 109.1MB
 dcc7b800eec9 Downloading 109.1MB
 c62c3fc0300d Downloading 194MB
 dcc7b800eec9 Downloading 109.1MB
 c62c3fc0300d Downloading 194MB
 dcc7b800eec9 Downloading 109.1MB
 c62c3fc0300d Downloading 194MB
 c62c3fc0300d Downloading 194MB
 dcc7b800eec9 Downloading 109.1MB
 dcc7b800eec9 Downloading 109.1MB
 c62c3fc0300d Downloading 194MB
 dcc7b800eec9 Downloading 109.1MB
 c62c3fc0300d Downloading 194MB
 dcc7b800eec9 Downloading 109.1MB
 c62c3fc0300d Downloading 194MB
 dcc7b800eec9 Downloading 109.1MB
 c62c3fc0300d Downloading 194MB
 dcc7b800eec9 Downloading 109.1MB
 c62c3fc0300d Downloading 194MB
 dcc7b800eec9 Downloading 109.1MB
 c62c3fc0300d Downloading 194MB
 dcc7b800eec9 Downloading 109.1MB
 c62c3fc0300d Downloading 194MB
 dcc7b800eec9 Downloading 109.1MB
 c62c3fc0300d Downloading 194MB
 c62c3fc0300d Downloading 194MB
 dcc7b800eec9 Downloading 109.1MB
 dcc7b800eec9 Downloading 109.1MB
 c62c3fc0300d Downloading 194MB
 dcc7b800eec9 Download complete 0B
 c62c3fc0300d Downloading 194MB
 c62c3fc0300d Downloading 194MB
 c62c3fc0300d Downloading 194MB
 c62c3fc0300d Downloading 194MB
 c62c3fc0300d Downloading 194MB
 c62c3fc0300d Downloading 194MB
 c62c3fc0300d Downloading 194MB
 c62c3fc0300d Downloading 194MB
 c62c3fc0300d Downloading 194MB
 c62c3fc0300d Downloading 194MB
 c62c3fc0300d Downloading 194MB
 c62c3fc0300d Downloading 194MB
 c62c3fc0300d Downloading 194MB
 c62c3fc0300d Downloading 194MB
 c62c3fc0300d Downloading 194MB
 c62c3fc0300d Downloading 194MB
 c62c3fc0300d Downloading 194MB
 c62c3fc0300d Downloading 194MB
 c62c3fc0300d Downloading 194MB
 c62c3fc0300d Downloading 194MB
 c62c3fc0300d Downloading 194MB
 c62c3fc0300d Downloading 194MB
 c62c3fc0300d Downloading 194MB
 c62c3fc0300d Downloading 195MB
 c62c3fc0300d Downloading 195MB
 c62c3fc0300d Downloading 195MB
 c62c3fc0300d Downloading 195MB
 c62c3fc0300d Downloading 195MB
 c62c3fc0300d Downloading 195MB
 c62c3fc0300d Downloading 195MB
 c62c3fc0300d Downloading 195MB
 c62c3fc0300d Downloading 195MB
 c62c3fc0300d Downloading 195MB
 c62c3fc0300d Downloading 195MB
 c62c3fc0300d Downloading 195MB
 c62c3fc0300d Downloading 195MB
 c62c3fc0300d Downloading 195MB
 c62c3fc0300d Downloading 195MB
 c62c3fc0300d Downloading 195MB
 c62c3fc0300d Downloading 195MB
 c62c3fc0300d Downloading 195MB
 c62c3fc0300d Downloading 195MB
 c62c3fc0300d Downloading 195MB
 c62c3fc0300d Downloading 195MB
 c62c3fc0300d Downloading 195MB
 c62c3fc0300d Downloading 195MB
 c62c3fc0300d Downloading 195MB
 c62c3fc0300d Downloading 195MB
 c62c3fc0300d Downloading 195MB
 c62c3fc0300d Downloading 195MB
 c62c3fc0300d Downloading 195MB
 c62c3fc0300d Downloading 195MB
 c62c3fc0300d Downloading 195MB
 c62c3fc0300d Downloading 195MB
 c62c3fc0300d Downloading 195MB
 c62c3fc0300d Downloading 195MB
 c62c3fc0300d Downloading 195MB
 c62c3fc0300d Downloading 195MB
 c62c3fc0300d Downloading 195MB
 c62c3fc0300d Downloading 195MB
 c62c3fc0300d Downloading 195MB
 c62c3fc0300d Downloading 195MB
 c62c3fc0300d Downloading 195MB
 c62c3fc0300d Downloading 195MB
 c62c3fc0300d Downloading 195MB
 c62c3fc0300d Downloading 195MB
 c62c3fc0300d Downloading 195MB
 c62c3fc0300d Downloading 195MB
 c62c3fc0300d Downloading 195MB
 c62c3fc0300d Downloading 195MB
 c62c3fc0300d Downloading 195MB
 c62c3fc0300d Downloading 195MB
 c62c3fc0300d Downloading 195MB
 c62c3fc0300d Downloading 195MB
 c62c3fc0300d Downloading 195MB
 c62c3fc0300d Downloading 195MB
 c62c3fc0300d Downloading 196.1MB
 c62c3fc0300d Downloading 196.1MB
 c62c3fc0300d Downloading 196.1MB
 c62c3fc0300d Downloading 196.1MB
 c62c3fc0300d Downloading 196.1MB
 c62c3fc0300d Downloading 196.1MB
 c62c3fc0300d Downloading 196.1MB
 c62c3fc0300d Downloading 196.1MB
 c62c3fc0300d Downloading 196.1MB
 c62c3fc0300d Downloading 196.1MB
 c62c3fc0300d Downloading 196.1MB
 c62c3fc0300d Downloading 196.1MB
 c62c3fc0300d Downloading 196.1MB
 c62c3fc0300d Downloading 196.1MB
 c62c3fc0300d Downloading 196.1MB
 c62c3fc0300d Downloading 196.1MB
 c62c3fc0300d Downloading 196.1MB
 c62c3fc0300d Downloading 196.1MB
 c62c3fc0300d Downloading 196.1MB
 c62c3fc0300d Downloading 196.1MB
 c62c3fc0300d Downloading 196.1MB
 c62c3fc0300d Downloading 196.1MB
 c62c3fc0300d Downloading 196.1MB
 c62c3fc0300d Downloading 196.1MB
 c62c3fc0300d Downloading 196.1MB
 c62c3fc0300d Downloading 196.1MB
 c62c3fc0300d Downloading 196.1MB
 c62c3fc0300d Downloading 196.1MB
 c62c3fc0300d Downloading 196.1MB
 c62c3fc0300d Downloading 196.1MB
 c62c3fc0300d Downloading 196.1MB
 c62c3fc0300d Downloading 196.1MB
 c62c3fc0300d Downloading 196.1MB
 c62c3fc0300d Downloading 196.1MB
 c62c3fc0300d Downloading 196.1MB
 c62c3fc0300d Downloading 196.1MB
 c62c3fc0300d Downloading 197.1MB
 c62c3fc0300d Downloading 197.1MB
 c62c3fc0300d Downloading 197.1MB
 c62c3fc0300d Downloading 197.1MB
 c62c3fc0300d Downloading 197.1MB
 c62c3fc0300d Downloading 197.1MB
 c62c3fc0300d Downloading 197.1MB
 c62c3fc0300d Downloading 197.1MB
 c62c3fc0300d Downloading 197.1MB
 c62c3fc0300d Downloading 197.1MB
 c62c3fc0300d Downloading 197.1MB
 c62c3fc0300d Downloading 197.1MB
 c62c3fc0300d Downloading 197.1MB
 c62c3fc0300d Downloading 197.1MB
 c62c3fc0300d Downloading 197.1MB
 c62c3fc0300d Downloading 197.1MB
 c62c3fc0300d Downloading 197.1MB
 c62c3fc0300d Downloading 197.1MB
 c62c3fc0300d Downloading 197.1MB
 c62c3fc0300d Downloading 197.1MB
 c62c3fc0300d Downloading 197.1MB
 c62c3fc0300d Downloading 197.1MB
 c62c3fc0300d Downloading 197.1MB
 c62c3fc0300d Downloading 197.1MB
 c62c3fc0300d Downloading 197.1MB
 c62c3fc0300d Downloading 197.1MB
 c62c3fc0300d Downloading 197.1MB
 c62c3fc0300d Downloading 197.1MB
 c62c3fc0300d Downloading 197.1MB
 c62c3fc0300d Downloading 197.1MB
 c62c3fc0300d Downloading 197.1MB
 c62c3fc0300d Downloading 197.1MB
 c62c3fc0300d Downloading 197.1MB
 c62c3fc0300d Downloading 197.1MB
 c62c3fc0300d Downloading 197.1MB
 c62c3fc0300d Downloading 197.1MB
 c62c3fc0300d Downloading 197.1MB
 c62c3fc0300d Downloading 197.1MB
 c62c3fc0300d Downloading 197.1MB
 c62c3fc0300d Downloading 197.1MB
 c62c3fc0300d Downloading 197.1MB
 c62c3fc0300d Downloading 197.1MB
 c62c3fc0300d Downloading 197.1MB
 c62c3fc0300d Downloading 197.1MB
 c62c3fc0300d Downloading 197.1MB
 c62c3fc0300d Downloading 198.2MB
 c62c3fc0300d Downloading 198.2MB
 c62c3fc0300d Downloading 198.2MB
 c62c3fc0300d Downloading 198.2MB
 c62c3fc0300d Downloading 198.2MB
 c62c3fc0300d Downloading 198.2MB
 c62c3fc0300d Downloading 198.2MB
 c62c3fc0300d Downloading 198.2MB
 c62c3fc0300d Downloading 198.2MB
 c62c3fc0300d Downloading 198.2MB
 c62c3fc0300d Downloading 198.2MB
 c62c3fc0300d Downloading 198.2MB
 c62c3fc0300d Downloading 198.2MB
 c62c3fc0300d Downloading 198.2MB
 c62c3fc0300d Downloading 198.2MB
 c62c3fc0300d Downloading 198.2MB
 c62c3fc0300d Downloading 198.2MB
 c62c3fc0300d Downloading 198.2MB
 c62c3fc0300d Downloading 198.2MB
 c62c3fc0300d Downloading 198.2MB
 c62c3fc0300d Downloading 198.2MB
 c62c3fc0300d Downloading 198.2MB
 c62c3fc0300d Downloading 198.2MB
 c62c3fc0300d Downloading 198.2MB
 c62c3fc0300d Downloading 198.2MB
 c62c3fc0300d Downloading 198.2MB
 c62c3fc0300d Downloading 198.2MB
 c62c3fc0300d Downloading 198.2MB
 c62c3fc0300d Downloading 198.2MB
 c62c3fc0300d Downloading 199.2MB
 c62c3fc0300d Downloading 199.2MB
 c62c3fc0300d Downloading 199.2MB
 c62c3fc0300d Downloading 199.2MB
 c62c3fc0300d Downloading 199.2MB
 c62c3fc0300d Downloading 199.2MB
 c62c3fc0300d Downloading 199.2MB
 c62c3fc0300d Downloading 199.2MB
 c62c3fc0300d Downloading 199.2MB
 c62c3fc0300d Downloading 199.2MB
 c62c3fc0300d Downloading 199.2MB
 c62c3fc0300d Downloading 199.2MB
 c62c3fc0300d Downloading 199.2MB
 c62c3fc0300d Downloading 199.2MB
 c62c3fc0300d Downloading 199.2MB
 c62c3fc0300d Downloading 199.2MB
 c62c3fc0300d Downloading 199.2MB
 c62c3fc0300d Downloading 199.2MB
 c62c3fc0300d Downloading 199.2MB
 c62c3fc0300d Downloading 199.2MB
 c62c3fc0300d Downloading 199.2MB
 c62c3fc0300d Downloading 199.2MB
 c62c3fc0300d Downloading 199.2MB
 c62c3fc0300d Downloading 199.2MB
 c62c3fc0300d Downloading 199.2MB
 c62c3fc0300d Downloading 200.3MB
 c62c3fc0300d Downloading 200.3MB
 c62c3fc0300d Downloading 200.3MB
 c62c3fc0300d Downloading 200.3MB
 c62c3fc0300d Downloading 200.3MB
 c62c3fc0300d Downloading 200.3MB
 c62c3fc0300d Downloading 200.3MB
 c62c3fc0300d Downloading 200.3MB
 c62c3fc0300d Downloading 200.3MB
 c62c3fc0300d Downloading 200.3MB
 c62c3fc0300d Downloading 200.3MB
 c62c3fc0300d Downloading 200.3MB
 c62c3fc0300d Downloading 200.3MB
 c62c3fc0300d Downloading 200.3MB
 c62c3fc0300d Downloading 200.3MB
 c62c3fc0300d Downloading 200.3MB
 c62c3fc0300d Downloading 200.3MB
 c62c3fc0300d Downloading 200.3MB
 c62c3fc0300d Downloading 200.3MB
 c62c3fc0300d Downloading 200.3MB
 c62c3fc0300d Downloading 200.3MB
 c62c3fc0300d Downloading 200.3MB
 c62c3fc0300d Downloading 200.3MB
 c62c3fc0300d Downloading 200.3MB
 c62c3fc0300d Downloading 200.3MB
 c62c3fc0300d Downloading 200.3MB
 c62c3fc0300d Downloading 200.3MB
 c62c3fc0300d Downloading 200.3MB
 c62c3fc0300d Downloading 200.3MB
 c62c3fc0300d Downloading 200.3MB
 c62c3fc0300d Downloading 200.3MB
 c62c3fc0300d Downloading 201.3MB
 c62c3fc0300d Downloading 201.3MB
 c62c3fc0300d Downloading 201.3MB
 c62c3fc0300d Downloading 201.3MB
 c62c3fc0300d Downloading 201.3MB
 c62c3fc0300d Downloading 201.3MB
 c62c3fc0300d Downloading 201.3MB
 c62c3fc0300d Downloading 201.3MB
 c62c3fc0300d Downloading 201.3MB
 c62c3fc0300d Downloading 201.3MB
 c62c3fc0300d Downloading 201.3MB
 c62c3fc0300d Downloading 201.3MB
 c62c3fc0300d Downloading 201.3MB
 c62c3fc0300d Downloading 201.3MB
 c62c3fc0300d Downloading 201.3MB
 c62c3fc0300d Downloading 201.3MB
 c62c3fc0300d Downloading 201.3MB
 c62c3fc0300d Downloading 201.3MB
 c62c3fc0300d Downloading 201.3MB
 c62c3fc0300d Downloading 201.3MB
 c62c3fc0300d Downloading 201.3MB
 c62c3fc0300d Downloading 201.3MB
 c62c3fc0300d Downloading 201.3MB
 c62c3fc0300d Downloading 201.3MB
 c62c3fc0300d Downloading 201.3MB
 c62c3fc0300d Downloading 201.3MB
 c62c3fc0300d Downloading 201.3MB
 c62c3fc0300d Downloading 201.3MB
 c62c3fc0300d Downloading 201.3MB
 c62c3fc0300d Downloading 201.3MB
 c62c3fc0300d Downloading 201.3MB
 c62c3fc0300d Downloading 201.3MB
 c62c3fc0300d Downloading 201.3MB
 c62c3fc0300d Downloading 201.3MB
 c62c3fc0300d Downloading 201.3MB
 c62c3fc0300d Downloading 201.3MB
 c62c3fc0300d Downloading 201.3MB
 c62c3fc0300d Downloading 202.4MB
 c62c3fc0300d Downloading 202.4MB
 c62c3fc0300d Downloading 202.4MB
 c62c3fc0300d Downloading 202.4MB
 c62c3fc0300d Downloading 202.4MB
 c62c3fc0300d Downloading 202.4MB
 c62c3fc0300d Downloading 202.4MB
 c62c3fc0300d Downloading 202.4MB
 c62c3fc0300d Downloading 202.4MB
 c62c3fc0300d Downloading 202.4MB
 c62c3fc0300d Downloading 202.4MB
 c62c3fc0300d Downloading 202.4MB
 c62c3fc0300d Downloading 202.4MB
 c62c3fc0300d Downloading 202.4MB
 c62c3fc0300d Downloading 202.4MB
 c62c3fc0300d Downloading 202.4MB
 c62c3fc0300d Downloading 202.4MB
 c62c3fc0300d Downloading 202.4MB
 c62c3fc0300d Downloading 202.4MB
 c62c3fc0300d Downloading 202.4MB
 c62c3fc0300d Downloading 202.4MB
 c62c3fc0300d Downloading 202.4MB
 c62c3fc0300d Downloading 202.4MB
 c62c3fc0300d Downloading 202.4MB
 c62c3fc0300d Downloading 202.4MB
 c62c3fc0300d Downloading 202.4MB
 c62c3fc0300d Downloading 202.4MB
 c62c3fc0300d Downloading 202.4MB
 c62c3fc0300d Downloading 202.4MB
 c62c3fc0300d Downloading 202.4MB
 c62c3fc0300d Downloading 202.4MB
 c62c3fc0300d Downloading 202.4MB
 c62c3fc0300d Downloading 202.4MB
 c62c3fc0300d Downloading 202.4MB
 c62c3fc0300d Downloading 202.4MB
 c62c3fc0300d Downloading 202.4MB
 c62c3fc0300d Downloading 202.4MB
 c62c3fc0300d Downloading 202.4MB
 c62c3fc0300d Downloading 202.4MB
 c62c3fc0300d Downloading 202.4MB
 c62c3fc0300d Downloading 202.4MB
 c62c3fc0300d Downloading 202.4MB
 c62c3fc0300d Downloading 202.4MB
 c62c3fc0300d Downloading 202.4MB
 c62c3fc0300d Downloading 202.4MB
 c62c3fc0300d Downloading 202.4MB
 c62c3fc0300d Downloading 202.4MB
 c62c3fc0300d Downloading 202.4MB
 c62c3fc0300d Downloading 202.4MB
 c62c3fc0300d Downloading 202.4MB
 c62c3fc0300d Downloading 202.4MB
 c62c3fc0300d Downloading 202.4MB
 c62c3fc0300d Downloading 203.4MB
 c62c3fc0300d Downloading 203.4MB
 c62c3fc0300d Downloading 203.4MB
 c62c3fc0300d Downloading 203.4MB
 c62c3fc0300d Downloading 203.4MB
 c62c3fc0300d Downloading 203.4MB
 c62c3fc0300d Downloading 203.4MB
 c62c3fc0300d Downloading 203.4MB
 c62c3fc0300d Downloading 203.4MB
 c62c3fc0300d Downloading 203.4MB
 c62c3fc0300d Downloading 203.4MB
 c62c3fc0300d Downloading 203.4MB
 c62c3fc0300d Downloading 203.4MB
 c62c3fc0300d Downloading 203.4MB
 c62c3fc0300d Downloading 203.4MB
 c62c3fc0300d Downloading 203.4MB
 c62c3fc0300d Downloading 203.4MB
 c62c3fc0300d Downloading 203.4MB
 c62c3fc0300d Downloading 203.4MB
 c62c3fc0300d Downloading 203.4MB
 c62c3fc0300d Downloading 203.4MB
 c62c3fc0300d Downloading 203.4MB
 c62c3fc0300d Downloading 203.4MB
 c62c3fc0300d Downloading 203.4MB
 c62c3fc0300d Downloading 204.5MB
 c62c3fc0300d Downloading 204.5MB
 c62c3fc0300d Downloading 204.5MB
 c62c3fc0300d Downloading 204.5MB
 c62c3fc0300d Downloading 204.5MB
 c62c3fc0300d Downloading 204.5MB
 c62c3fc0300d Downloading 204.5MB
 c62c3fc0300d Downloading 204.5MB
 c62c3fc0300d Downloading 204.5MB
 c62c3fc0300d Downloading 204.5MB
 c62c3fc0300d Downloading 204.5MB
 c62c3fc0300d Downloading 204.5MB
 c62c3fc0300d Downloading 204.5MB
 c62c3fc0300d Downloading 204.5MB
 c62c3fc0300d Downloading 204.5MB
 c62c3fc0300d Downloading 204.5MB
 c62c3fc0300d Downloading 204.5MB
 c62c3fc0300d Downloading 204.5MB
 c62c3fc0300d Downloading 204.5MB
 c62c3fc0300d Downloading 204.5MB
 c62c3fc0300d Downloading 204.5MB
 c62c3fc0300d Downloading 204.5MB
 c62c3fc0300d Downloading 204.5MB
 c62c3fc0300d Downloading 204.5MB
 c62c3fc0300d Downloading 204.5MB
 c62c3fc0300d Downloading 204.5MB
 c62c3fc0300d Downloading 204.5MB
 c62c3fc0300d Downloading 204.5MB
 c62c3fc0300d Downloading 204.5MB
 c62c3fc0300d Downloading 204.5MB
 c62c3fc0300d Downloading 204.5MB
 c62c3fc0300d Downloading 204.5MB
 c62c3fc0300d Downloading 204.5MB
 c62c3fc0300d Downloading 204.5MB
 c62c3fc0300d Downloading 204.5MB
 c62c3fc0300d Downloading 204.5MB
 c62c3fc0300d Downloading 204.5MB
 c62c3fc0300d Downloading 204.5MB
 c62c3fc0300d Downloading 204.5MB
 c62c3fc0300d Downloading 204.5MB
 c62c3fc0300d Downloading 204.5MB
 c62c3fc0300d Downloading 204.5MB
 c62c3fc0300d Downloading 204.5MB
 c62c3fc0300d Downloading 204.5MB
 c62c3fc0300d Downloading 204.5MB
 c62c3fc0300d Downloading 204.5MB
 c62c3fc0300d Downloading 204.5MB
 c62c3fc0300d Downloading 205.5MB
 c62c3fc0300d Downloading 205.5MB
 c62c3fc0300d Downloading 205.5MB
 c62c3fc0300d Downloading 205.5MB
 c62c3fc0300d Downloading 205.5MB
 c62c3fc0300d Downloading 205.5MB
 c62c3fc0300d Downloading 205.5MB
 c62c3fc0300d Downloading 205.5MB
 c62c3fc0300d Downloading 205.5MB
 c62c3fc0300d Downloading 205.5MB
 c62c3fc0300d Downloading 205.5MB
 c62c3fc0300d Downloading 205.5MB
 c62c3fc0300d Downloading 205.5MB
 c62c3fc0300d Downloading 205.5MB
 c62c3fc0300d Downloading 205.5MB
 c62c3fc0300d Downloading 205.5MB
 c62c3fc0300d Downloading 205.5MB
 c62c3fc0300d Downloading 205.5MB
 c62c3fc0300d Downloading 205.5MB
 c62c3fc0300d Downloading 205.5MB
 c62c3fc0300d Downloading 205.5MB
 c62c3fc0300d Downloading 205.5MB
 c62c3fc0300d Downloading 205.5MB
 c62c3fc0300d Downloading 205.5MB
 c62c3fc0300d Downloading 205.5MB
 c62c3fc0300d Downloading 205.5MB
 c62c3fc0300d Downloading 205.5MB
 c62c3fc0300d Downloading 205.5MB
 c62c3fc0300d Downloading 205.5MB
 c62c3fc0300d Downloading 205.5MB
 c62c3fc0300d Downloading 205.5MB
 c62c3fc0300d Downloading 205.5MB
 c62c3fc0300d Downloading 205.5MB
 c62c3fc0300d Downloading 205.5MB
 c62c3fc0300d Downloading 205.5MB
 c62c3fc0300d Downloading 205.5MB
 c62c3fc0300d Downloading 205.5MB
 c62c3fc0300d Downloading 205.5MB
 c62c3fc0300d Downloading 205.5MB
 c62c3fc0300d Downloading 205.5MB
 c62c3fc0300d Downloading 206.6MB
 c62c3fc0300d Downloading 206.6MB
 c62c3fc0300d Downloading 206.6MB
 c62c3fc0300d Downloading 206.6MB
 c62c3fc0300d Downloading 206.6MB
 c62c3fc0300d Downloading 206.6MB
 c62c3fc0300d Downloading 206.6MB
 c62c3fc0300d Downloading 206.6MB
 c62c3fc0300d Downloading 206.6MB
 c62c3fc0300d Downloading 206.6MB
 c62c3fc0300d Downloading 206.6MB
 c62c3fc0300d Downloading 206.6MB
 c62c3fc0300d Downloading 206.6MB
 c62c3fc0300d Downloading 206.6MB
 c62c3fc0300d Downloading 206.6MB
 c62c3fc0300d Downloading 206.6MB
 c62c3fc0300d Downloading 206.6MB
 c62c3fc0300d Downloading 206.6MB
 c62c3fc0300d Downloading 206.6MB
 c62c3fc0300d Downloading 206.6MB
 c62c3fc0300d Downloading 206.6MB
 c62c3fc0300d Downloading 206.6MB
 c62c3fc0300d Downloading 206.6MB
 c62c3fc0300d Downloading 206.6MB
 c62c3fc0300d Downloading 206.6MB
 c62c3fc0300d Downloading 206.6MB
 c62c3fc0300d Downloading 206.6MB
 c62c3fc0300d Downloading 206.6MB
 c62c3fc0300d Downloading 206.6MB
 c62c3fc0300d Downloading 206.6MB
 c62c3fc0300d Downloading 206.6MB
 c62c3fc0300d Downloading 206.6MB
 c62c3fc0300d Downloading 206.6MB
 c62c3fc0300d Downloading 206.6MB
 c62c3fc0300d Downloading 206.6MB
 c62c3fc0300d Downloading 206.6MB
 c62c3fc0300d Downloading 206.6MB
 c62c3fc0300d Downloading 206.6MB
 c62c3fc0300d Downloading 206.6MB
 c62c3fc0300d Downloading 207.6MB
 c62c3fc0300d Downloading 207.6MB
 c62c3fc0300d Downloading 207.6MB
 c62c3fc0300d Downloading 207.6MB
 c62c3fc0300d Downloading 207.6MB
 c62c3fc0300d Downloading 207.6MB
 c62c3fc0300d Downloading 207.6MB
 c62c3fc0300d Downloading 207.6MB
 c62c3fc0300d Downloading 207.6MB
 c62c3fc0300d Downloading 207.6MB
 c62c3fc0300d Downloading 207.6MB
 c62c3fc0300d Downloading 207.6MB
 c62c3fc0300d Downloading 207.6MB
 c62c3fc0300d Downloading 207.6MB
 c62c3fc0300d Downloading 207.6MB
 c62c3fc0300d Downloading 207.6MB
 c62c3fc0300d Downloading 207.6MB
 c62c3fc0300d Downloading 207.6MB
 c62c3fc0300d Downloading 207.6MB
 c62c3fc0300d Downloading 207.6MB
 c62c3fc0300d Downloading 207.6MB
 c62c3fc0300d Downloading 207.6MB
 c62c3fc0300d Downloading 207.6MB
 c62c3fc0300d Downloading 207.6MB
 c62c3fc0300d Downloading 207.6MB
 c62c3fc0300d Downloading 207.6MB
 c62c3fc0300d Downloading 207.6MB
 c62c3fc0300d Downloading 207.6MB
 c62c3fc0300d Downloading 207.6MB
 c62c3fc0300d Downloading 207.6MB
 c62c3fc0300d Downloading 207.6MB
 c62c3fc0300d Downloading 207.6MB
 c62c3fc0300d Downloading 207.6MB
 c62c3fc0300d Downloading 207.6MB
 c62c3fc0300d Downloading 207.6MB
 c62c3fc0300d Downloading 207.6MB
 c62c3fc0300d Downloading 207.6MB
 c62c3fc0300d Downloading 207.6MB
 c62c3fc0300d Downloading 207.6MB
 c62c3fc0300d Downloading 207.6MB
 c62c3fc0300d Downloading 207.6MB
 c62c3fc0300d Downloading 207.6MB
 c62c3fc0300d Downloading 207.6MB
 c62c3fc0300d Downloading 207.6MB
 c62c3fc0300d Downloading 207.6MB
 c62c3fc0300d Downloading 207.6MB
 c62c3fc0300d Downloading 207.6MB
 c62c3fc0300d Downloading 207.6MB
 c62c3fc0300d Downloading 208.7MB
 c62c3fc0300d Downloading 208.7MB
 c62c3fc0300d Downloading 208.7MB
 c62c3fc0300d Downloading 208.7MB
 c62c3fc0300d Downloading 208.7MB
 c62c3fc0300d Downloading 208.7MB
 c62c3fc0300d Downloading 208.7MB
 c62c3fc0300d Downloading 208.7MB
 c62c3fc0300d Downloading 208.7MB
 c62c3fc0300d Downloading 208.7MB
 c62c3fc0300d Downloading 208.7MB
 c62c3fc0300d Downloading 208.7MB
 c62c3fc0300d Downloading 208.7MB
 c62c3fc0300d Downloading 208.7MB
 c62c3fc0300d Downloading 208.7MB
 c62c3fc0300d Downloading 208.7MB
 c62c3fc0300d Downloading 208.7MB
 c62c3fc0300d Downloading 208.7MB
 c62c3fc0300d Downloading 208.7MB
 c62c3fc0300d Downloading 208.7MB
 c62c3fc0300d Downloading 208.7MB
 c62c3fc0300d Downloading 208.7MB
 c62c3fc0300d Downloading 208.7MB
 c62c3fc0300d Downloading 208.7MB
 c62c3fc0300d Downloading 208.7MB
 c62c3fc0300d Downloading 208.7MB
 c62c3fc0300d Downloading 208.7MB
 c62c3fc0300d Downloading 208.7MB
 c62c3fc0300d Downloading 208.7MB
 c62c3fc0300d Downloading 208.7MB
 c62c3fc0300d Downloading 208.7MB
 c62c3fc0300d Downloading 208.7MB
 c62c3fc0300d Downloading 208.7MB
 c62c3fc0300d Downloading 208.7MB
 c62c3fc0300d Downloading 208.7MB
 c62c3fc0300d Downloading 208.7MB
 c62c3fc0300d Downloading 208.7MB
 c62c3fc0300d Downloading 208.7MB
 c62c3fc0300d Downloading 208.7MB
 c62c3fc0300d Downloading 208.7MB
 c62c3fc0300d Downloading 208.7MB
 c62c3fc0300d Downloading 208.7MB
 c62c3fc0300d Downloading 208.7MB
 c62c3fc0300d Downloading 208.7MB
 c62c3fc0300d Downloading 208.7MB
 c62c3fc0300d Downloading 208.7MB
 c62c3fc0300d Downloading 208.7MB
 c62c3fc0300d Downloading 208.7MB
 c62c3fc0300d Downloading 208.7MB
 c62c3fc0300d Downloading 209.7MB
 c62c3fc0300d Downloading 209.7MB
 c62c3fc0300d Downloading 209.7MB
 c62c3fc0300d Downloading 209.7MB
 c62c3fc0300d Downloading 209.7MB
 c62c3fc0300d Downloading 209.7MB
 c62c3fc0300d Downloading 209.7MB
 c62c3fc0300d Downloading 209.7MB
 c62c3fc0300d Downloading 209.7MB
 c62c3fc0300d Downloading 209.7MB
 c62c3fc0300d Downloading 209.7MB
 c62c3fc0300d Downloading 209.7MB
 c62c3fc0300d Downloading 209.7MB
 c62c3fc0300d Downloading 209.7MB
 c62c3fc0300d Downloading 209.7MB
 c62c3fc0300d Downloading 209.7MB
 c62c3fc0300d Downloading 209.7MB
 c62c3fc0300d Downloading 209.7MB
 c62c3fc0300d Downloading 209.7MB
 c62c3fc0300d Downloading 209.7MB
 c62c3fc0300d Downloading 209.7MB
 c62c3fc0300d Downloading 209.7MB
 c62c3fc0300d Downloading 209.7MB
 c62c3fc0300d Downloading 209.7MB
 c62c3fc0300d Downloading 209.7MB
 c62c3fc0300d Downloading 209.7MB
 c62c3fc0300d Downloading 209.7MB
 c62c3fc0300d Downloading 209.7MB
 c62c3fc0300d Downloading 209.7MB
 c62c3fc0300d Downloading 209.7MB
 c62c3fc0300d Downloading 209.7MB
 c62c3fc0300d Downloading 209.7MB
 c62c3fc0300d Downloading 209.7MB
 c62c3fc0300d Downloading 209.7MB
 c62c3fc0300d Downloading 209.7MB
 c62c3fc0300d Downloading 209.7MB
 c62c3fc0300d Downloading 209.7MB
 c62c3fc0300d Downloading 209.7MB
 c62c3fc0300d Downloading 210.8MB
 c62c3fc0300d Downloading 210.8MB
 c62c3fc0300d Downloading 210.8MB
 c62c3fc0300d Downloading 210.8MB
 c62c3fc0300d Downloading 210.8MB
 c62c3fc0300d Downloading 210.8MB
 c62c3fc0300d Downloading 210.8MB
 c62c3fc0300d Downloading 210.8MB
 c62c3fc0300d Downloading 210.8MB
 c62c3fc0300d Downloading 210.8MB
 c62c3fc0300d Downloading 210.8MB
 c62c3fc0300d Downloading 210.8MB
 c62c3fc0300d Downloading 210.8MB
 c62c3fc0300d Downloading 210.8MB
 c62c3fc0300d Downloading 210.8MB
 c62c3fc0300d Downloading 210.8MB
 c62c3fc0300d Downloading 210.8MB
 c62c3fc0300d Downloading 210.8MB
 c62c3fc0300d Downloading 210.8MB
 c62c3fc0300d Downloading 210.8MB
 c62c3fc0300d Downloading 210.8MB
 c62c3fc0300d Downloading 210.8MB
 c62c3fc0300d Downloading 210.8MB
 c62c3fc0300d Downloading 210.8MB
 c62c3fc0300d Downloading 210.8MB
 c62c3fc0300d Downloading 210.8MB
 c62c3fc0300d Downloading 210.8MB
 c62c3fc0300d Downloading 210.8MB
 c62c3fc0300d Downloading 210.8MB
 c62c3fc0300d Downloading 210.8MB
 c62c3fc0300d Downloading 210.8MB
 c62c3fc0300d Downloading 211.8MB
 c62c3fc0300d Downloading 211.8MB
 c62c3fc0300d Downloading 211.8MB
 c62c3fc0300d Downloading 211.8MB
 c62c3fc0300d Downloading 211.8MB
 c62c3fc0300d Downloading 211.8MB
 c62c3fc0300d Downloading 211.8MB
 c62c3fc0300d Downloading 211.8MB
 c62c3fc0300d Downloading 211.8MB
 c62c3fc0300d Downloading 211.8MB
 c62c3fc0300d Downloading 211.8MB
 c62c3fc0300d Downloading 211.8MB
 c62c3fc0300d Downloading 211.8MB
 c62c3fc0300d Downloading 211.8MB
 c62c3fc0300d Downloading 211.8MB
 c62c3fc0300d Downloading 211.8MB
 c62c3fc0300d Downloading 211.8MB
 c62c3fc0300d Downloading 211.8MB
 c62c3fc0300d Downloading 211.8MB
 c62c3fc0300d Downloading 211.8MB
 c62c3fc0300d Downloading 211.8MB
 c62c3fc0300d Downloading 211.8MB
 c62c3fc0300d Downloading 211.8MB
 c62c3fc0300d Downloading 211.8MB
 c62c3fc0300d Downloading 211.8MB
 c62c3fc0300d Downloading 211.8MB
 c62c3fc0300d Downloading 211.8MB
 c62c3fc0300d Downloading 211.8MB
 c62c3fc0300d Downloading 211.8MB
 c62c3fc0300d Downloading 211.8MB
 c62c3fc0300d Downloading 212.9MB
 c62c3fc0300d Downloading 212.9MB
 c62c3fc0300d Downloading 212.9MB
 c62c3fc0300d Downloading 212.9MB
 c62c3fc0300d Downloading 212.9MB
 c62c3fc0300d Downloading 212.9MB
 c62c3fc0300d Downloading 212.9MB
 c62c3fc0300d Downloading 212.9MB
 c62c3fc0300d Downloading 212.9MB
 c62c3fc0300d Downloading 212.9MB
 c62c3fc0300d Downloading 212.9MB
 c62c3fc0300d Downloading 212.9MB
 c62c3fc0300d Downloading 212.9MB
 c62c3fc0300d Downloading 212.9MB
 c62c3fc0300d Downloading 212.9MB
 c62c3fc0300d Downloading 212.9MB
 c62c3fc0300d Downloading 212.9MB
 c62c3fc0300d Downloading 212.9MB
 c62c3fc0300d Downloading 212.9MB
 c62c3fc0300d Downloading 212.9MB
 c62c3fc0300d Downloading 212.9MB
 c62c3fc0300d Downloading 212.9MB
 c62c3fc0300d Downloading 212.9MB
 c62c3fc0300d Downloading 212.9MB
 c62c3fc0300d Downloading 212.9MB
 c62c3fc0300d Downloading 212.9MB
 c62c3fc0300d Downloading 212.9MB
 c62c3fc0300d Downloading 212.9MB
 c62c3fc0300d Downloading 212.9MB
 c62c3fc0300d Downloading 212.9MB
 c62c3fc0300d Downloading 212.9MB
 c62c3fc0300d Downloading 212.9MB
 c62c3fc0300d Downloading 212.9MB
 c62c3fc0300d Downloading 212.9MB
 c62c3fc0300d Downloading 212.9MB
 c62c3fc0300d Downloading 212.9MB
 c62c3fc0300d Downloading 212.9MB
 c62c3fc0300d Downloading 212.9MB
 c62c3fc0300d Downloading 212.9MB
 c62c3fc0300d Downloading 212.9MB
 c62c3fc0300d Downloading 212.9MB
 c62c3fc0300d Downloading 212.9MB
 c62c3fc0300d Downloading 212.9MB
 c62c3fc0300d Downloading 212.9MB
 c62c3fc0300d Downloading 212.9MB
 c62c3fc0300d Downloading 212.9MB
 c62c3fc0300d Downloading 212.9MB
 c62c3fc0300d Downloading 212.9MB
 c62c3fc0300d Downloading 212.9MB
 c62c3fc0300d Downloading 212.9MB
 c62c3fc0300d Downloading 212.9MB
 c62c3fc0300d Downloading 212.9MB
 c62c3fc0300d Downloading 212.9MB
 c62c3fc0300d Downloading 212.9MB
 c62c3fc0300d Downloading 212.9MB
 c62c3fc0300d Downloading 212.9MB
 c62c3fc0300d Downloading 212.9MB
 c62c3fc0300d Downloading 212.9MB
 c62c3fc0300d Downloading 213.9MB
 c62c3fc0300d Downloading 213.9MB
 c62c3fc0300d Downloading 213.9MB
 c62c3fc0300d Downloading 213.9MB
 c62c3fc0300d Downloading 213.9MB
 c62c3fc0300d Downloading 213.9MB
 c62c3fc0300d Downloading 213.9MB
 c62c3fc0300d Downloading 213.9MB
 c62c3fc0300d Downloading 213.9MB
 c62c3fc0300d Downloading 213.9MB
 c62c3fc0300d Downloading 213.9MB
 c62c3fc0300d Downloading 213.9MB
 c62c3fc0300d Downloading 213.9MB
 c62c3fc0300d Downloading 213.9MB
 c62c3fc0300d Downloading 213.9MB
 c62c3fc0300d Downloading 213.9MB
 c62c3fc0300d Downloading 213.9MB
 c62c3fc0300d Downloading 213.9MB
 c62c3fc0300d Downloading 213.9MB
 c62c3fc0300d Downloading 213.9MB
 c62c3fc0300d Downloading 213.9MB
 c62c3fc0300d Downloading 213.9MB
 c62c3fc0300d Downloading 213.9MB
 c62c3fc0300d Downloading 213.9MB
 c62c3fc0300d Downloading 213.9MB
 c62c3fc0300d Downloading 213.9MB
 c62c3fc0300d Downloading 213.9MB
 c62c3fc0300d Downloading 213.9MB
 c62c3fc0300d Downloading 213.9MB
 c62c3fc0300d Downloading 213.9MB
 c62c3fc0300d Downloading 213.9MB
 c62c3fc0300d Downloading 213.9MB
 c62c3fc0300d Downloading 213.9MB
 c62c3fc0300d Downloading 213.9MB
 c62c3fc0300d Downloading 213.9MB
 c62c3fc0300d Downloading 213.9MB
 c62c3fc0300d Downloading 213.9MB
 c62c3fc0300d Downloading 213.9MB
 c62c3fc0300d Downloading 213.9MB
 c62c3fc0300d Downloading 213.9MB
 c62c3fc0300d Downloading 213.9MB
 c62c3fc0300d Downloading 213.9MB
 c62c3fc0300d Downloading 213.9MB
 c62c3fc0300d Downloading 213.9MB
 c62c3fc0300d Downloading 213.9MB
 c62c3fc0300d Downloading 213.9MB
 c62c3fc0300d Downloading 213.9MB
 c62c3fc0300d Downloading 213.9MB
 c62c3fc0300d Downloading 213.9MB
 c62c3fc0300d Downloading 213.9MB
 c62c3fc0300d Downloading 213.9MB
 c62c3fc0300d Downloading 213.9MB
 c62c3fc0300d Downloading 213.9MB
 c62c3fc0300d Downloading 213.9MB
 c62c3fc0300d Downloading 213.9MB
 c62c3fc0300d Downloading 213.9MB
 c62c3fc0300d Downloading 213.9MB
 c62c3fc0300d Downloading 213.9MB
 c62c3fc0300d Downloading 213.9MB
 c62c3fc0300d Downloading 213.9MB
 c62c3fc0300d Downloading 213.9MB
 c62c3fc0300d Downloading 215MB
 c62c3fc0300d Downloading 215MB
 c62c3fc0300d Downloading 215MB
 c62c3fc0300d Downloading 215MB
 c62c3fc0300d Downloading 215MB
 c62c3fc0300d Downloading 215MB
 c62c3fc0300d Downloading 215MB
 c62c3fc0300d Downloading 215MB
 c62c3fc0300d Downloading 215MB
 c62c3fc0300d Downloading 215MB
 c62c3fc0300d Downloading 215MB
 c62c3fc0300d Downloading 215MB
 c62c3fc0300d Downloading 215MB
 c62c3fc0300d Downloading 215MB
 c62c3fc0300d Downloading 215MB
 c62c3fc0300d Downloading 215MB
 c62c3fc0300d Downloading 215MB
 c62c3fc0300d Downloading 215MB
 c62c3fc0300d Downloading 215MB
 c62c3fc0300d Downloading 215MB
 c62c3fc0300d Downloading 215MB
 c62c3fc0300d Downloading 215MB
 c62c3fc0300d Downloading 215MB
 c62c3fc0300d Downloading 215MB
 c62c3fc0300d Downloading 216MB
 c62c3fc0300d Downloading 216MB
 c62c3fc0300d Downloading 216MB
 c62c3fc0300d Downloading 216MB
 c62c3fc0300d Downloading 216MB
 c62c3fc0300d Downloading 216MB
 c62c3fc0300d Downloading 216MB
 c62c3fc0300d Downloading 216MB
 c62c3fc0300d Downloading 216MB
 c62c3fc0300d Downloading 216MB
 c62c3fc0300d Downloading 216MB
 c62c3fc0300d Downloading 216MB
 c62c3fc0300d Downloading 216MB
 c62c3fc0300d Downloading 216MB
 c62c3fc0300d Downloading 216MB
 c62c3fc0300d Downloading 216MB
 c62c3fc0300d Downloading 216MB
 c62c3fc0300d Downloading 216MB
 c62c3fc0300d Downloading 216MB
 c62c3fc0300d Downloading 216MB
 c62c3fc0300d Downloading 216MB
 c62c3fc0300d Downloading 216MB
 c62c3fc0300d Downloading 217.1MB
 c62c3fc0300d Downloading 217.1MB
 c62c3fc0300d Downloading 217.1MB
 c62c3fc0300d Downloading 217.1MB
 c62c3fc0300d Downloading 217.1MB
 c62c3fc0300d Downloading 217.1MB
 c62c3fc0300d Downloading 217.1MB
 c62c3fc0300d Downloading 217.1MB
 c62c3fc0300d Downloading 217.1MB
 c62c3fc0300d Downloading 217.1MB
 c62c3fc0300d Downloading 217.1MB
 c62c3fc0300d Downloading 217.1MB
 c62c3fc0300d Downloading 217.1MB
 c62c3fc0300d Downloading 217.1MB
 c62c3fc0300d Downloading 217.1MB
 c62c3fc0300d Downloading 217.1MB
 c62c3fc0300d Downloading 217.1MB
 c62c3fc0300d Downloading 218.1MB
 c62c3fc0300d Downloading 218.1MB
 c62c3fc0300d Downloading 218.1MB
 c62c3fc0300d Downloading 218.1MB
 c62c3fc0300d Downloading 218.1MB
 c62c3fc0300d Downloading 218.1MB
 c62c3fc0300d Downloading 218.1MB
 c62c3fc0300d Downloading 218.1MB
 c62c3fc0300d Downloading 218.1MB
 c62c3fc0300d Downloading 218.1MB
 c62c3fc0300d Downloading 218.1MB
 c62c3fc0300d Downloading 218.1MB
 c62c3fc0300d Downloading 218.1MB
 c62c3fc0300d Downloading 218.1MB
 c62c3fc0300d Downloading 218.1MB
 c62c3fc0300d Downloading 218.1MB
 c62c3fc0300d Downloading 218.1MB
 c62c3fc0300d Downloading 218.1MB
 c62c3fc0300d Downloading 218.1MB
 c62c3fc0300d Downloading 219.2MB
 c62c3fc0300d Downloading 219.2MB
 c62c3fc0300d Downloading 219.2MB
 c62c3fc0300d Downloading 219.2MB
 c62c3fc0300d Downloading 219.2MB
 c62c3fc0300d Downloading 219.2MB
 c62c3fc0300d Downloading 219.2MB
 c62c3fc0300d Downloading 219.2MB
 c62c3fc0300d Downloading 219.2MB
 c62c3fc0300d Downloading 219.2MB
 c62c3fc0300d Downloading 219.2MB
 c62c3fc0300d Downloading 219.2MB
 c62c3fc0300d Downloading 219.2MB
 c62c3fc0300d Downloading 219.2MB
 c62c3fc0300d Downloading 219.2MB
 c62c3fc0300d Downloading 219.2MB
 c62c3fc0300d Downloading 219.2MB
 c62c3fc0300d Downloading 219.2MB
 c62c3fc0300d Downloading 219.2MB
 c62c3fc0300d Downloading 219.2MB
 c62c3fc0300d Downloading 220.2MB
 c62c3fc0300d Downloading 220.2MB
 c62c3fc0300d Downloading 220.2MB
 c62c3fc0300d Downloading 220.2MB
 c62c3fc0300d Downloading 220.2MB
 c62c3fc0300d Downloading 220.2MB
 c62c3fc0300d Downloading 220.2MB
 c62c3fc0300d Downloading 220.2MB
 c62c3fc0300d Downloading 220.2MB
 c62c3fc0300d Downloading 220.2MB
 c62c3fc0300d Downloading 220.2MB
 c62c3fc0300d Downloading 220.2MB
 c62c3fc0300d Downloading 220.2MB
 c62c3fc0300d Downloading 220.2MB
 c62c3fc0300d Downloading 220.2MB
 c62c3fc0300d Downloading 220.2MB
 c62c3fc0300d Downloading 220.2MB
 c62c3fc0300d Downloading 220.2MB
 c62c3fc0300d Downloading 220.2MB
 c62c3fc0300d Downloading 220.2MB
 c62c3fc0300d Downloading 220.2MB
 c62c3fc0300d Downloading 220.2MB
 c62c3fc0300d Downloading 220.2MB
 c62c3fc0300d Downloading 220.2MB
 c62c3fc0300d Downloading 220.2MB
 c62c3fc0300d Downloading 220.2MB
 c62c3fc0300d Downloading 220.2MB
 c62c3fc0300d Downloading 220.2MB
 c62c3fc0300d Downloading 220.2MB
 c62c3fc0300d Downloading 220.2MB
 c62c3fc0300d Downloading 221.2MB
 c62c3fc0300d Downloading 221.2MB
 c62c3fc0300d Downloading 221.2MB
 c62c3fc0300d Downloading 221.2MB
 c62c3fc0300d Downloading 221.2MB
 c62c3fc0300d Downloading 221.2MB
 c62c3fc0300d Downloading 221.2MB
 c62c3fc0300d Downloading 221.2MB
 c62c3fc0300d Downloading 221.2MB
 c62c3fc0300d Downloading 221.2MB
 c62c3fc0300d Downloading 221.2MB
 c62c3fc0300d Downloading 221.2MB
 c62c3fc0300d Downloading 221.2MB
 c62c3fc0300d Downloading 221.2MB
 c62c3fc0300d Downloading 221.2MB
 c62c3fc0300d Downloading 221.2MB
 c62c3fc0300d Downloading 221.2MB
 c62c3fc0300d Downloading 221.2MB
 c62c3fc0300d Downloading 221.2MB
 c62c3fc0300d Downloading 221.2MB
 c62c3fc0300d Downloading 221.2MB
 c62c3fc0300d Downloading 221.2MB
 c62c3fc0300d Downloading 221.2MB
 c62c3fc0300d Downloading 221.2MB
 c62c3fc0300d Downloading 221.2MB
 c62c3fc0300d Downloading 221.2MB
 c62c3fc0300d Downloading 221.2MB
 c62c3fc0300d Downloading 221.2MB
 c62c3fc0300d Downloading 221.2MB
 c62c3fc0300d Downloading 221.2MB
 c62c3fc0300d Downloading 221.2MB
 c62c3fc0300d Downloading 221.2MB
 c62c3fc0300d Downloading 221.2MB
 c62c3fc0300d Downloading 222.3MB
 c62c3fc0300d Downloading 222.3MB
 c62c3fc0300d Downloading 222.3MB
 c62c3fc0300d Downloading 222.3MB
 c62c3fc0300d Downloading 222.3MB
 c62c3fc0300d Downloading 222.3MB
 c62c3fc0300d Downloading 222.3MB
 c62c3fc0300d Downloading 222.3MB
 c62c3fc0300d Downloading 222.3MB
 c62c3fc0300d Downloading 222.3MB
 c62c3fc0300d Downloading 222.3MB
 c62c3fc0300d Downloading 222.3MB
 c62c3fc0300d Downloading 222.3MB
 c62c3fc0300d Downloading 222.3MB
 c62c3fc0300d Downloading 222.3MB
 c62c3fc0300d Downloading 222.3MB
 c62c3fc0300d Downloading 222.3MB
 c62c3fc0300d Downloading 222.3MB
 c62c3fc0300d Downloading 222.3MB
 c62c3fc0300d Downloading 222.3MB
 c62c3fc0300d Downloading 222.3MB
 c62c3fc0300d Downloading 222.3MB
 c62c3fc0300d Downloading 222.3MB
 c62c3fc0300d Downloading 222.3MB
 c62c3fc0300d Downloading 222.3MB
 c62c3fc0300d Downloading 222.3MB
 c62c3fc0300d Downloading 222.3MB
 c62c3fc0300d Downloading 222.3MB
 c62c3fc0300d Downloading 222.3MB
 c62c3fc0300d Downloading 222.3MB
 c62c3fc0300d Downloading 222.3MB
 c62c3fc0300d Downloading 222.3MB
 c62c3fc0300d Downloading 222.3MB
 c62c3fc0300d Downloading 222.3MB
 c62c3fc0300d Downloading 222.3MB
 c62c3fc0300d Downloading 222.3MB
 c62c3fc0300d Downloading 222.3MB
 c62c3fc0300d Downloading 222.3MB
 c62c3fc0300d Downloading 222.3MB
 c62c3fc0300d Downloading 222.3MB
 c62c3fc0300d Downloading 222.3MB
 c62c3fc0300d Downloading 222.3MB
 c62c3fc0300d Downloading 222.3MB
 c62c3fc0300d Downloading 222.3MB
 c62c3fc0300d Downloading 222.3MB
 c62c3fc0300d Downloading 222.3MB
 c62c3fc0300d Downloading 222.3MB
 c62c3fc0300d Downloading 222.3MB
 c62c3fc0300d Downloading 222.3MB
 c62c3fc0300d Downloading 222.3MB
 c62c3fc0300d Downloading 222.3MB
 c62c3fc0300d Downloading 222.3MB
 c62c3fc0300d Downloading 222.3MB
 c62c3fc0300d Downloading 222.3MB
 c62c3fc0300d Downloading 222.3MB
 c62c3fc0300d Downloading 222.3MB
 c62c3fc0300d Downloading 222.3MB
 c62c3fc0300d Downloading 223.3MB
 c62c3fc0300d Downloading 223.3MB
 c62c3fc0300d Downloading 223.3MB
 c62c3fc0300d Downloading 223.3MB
 c62c3fc0300d Downloading 223.3MB
 c62c3fc0300d Downloading 223.3MB
 c62c3fc0300d Downloading 223.3MB
 c62c3fc0300d Downloading 223.3MB
 c62c3fc0300d Downloading 223.3MB
 c62c3fc0300d Downloading 223.3MB
 c62c3fc0300d Downloading 223.3MB
 c62c3fc0300d Downloading 223.3MB
 c62c3fc0300d Downloading 223.3MB
 c62c3fc0300d Downloading 223.3MB
 c62c3fc0300d Downloading 223.3MB
 c62c3fc0300d Downloading 223.3MB
 c62c3fc0300d Downloading 223.3MB
 c62c3fc0300d Downloading 223.3MB
 c62c3fc0300d Downloading 223.3MB
 c62c3fc0300d Downloading 223.3MB
 c62c3fc0300d Downloading 223.3MB
 c62c3fc0300d Downloading 223.3MB
 c62c3fc0300d Downloading 223.3MB
 c62c3fc0300d Downloading 223.3MB
 c62c3fc0300d Downloading 223.3MB
 c62c3fc0300d Downloading 223.3MB
 c62c3fc0300d Downloading 223.3MB
 c62c3fc0300d Downloading 223.3MB
 c62c3fc0300d Downloading 223.3MB
 c62c3fc0300d Downloading 223.3MB
 c62c3fc0300d Downloading 223.3MB
 c62c3fc0300d Downloading 223.3MB
 c62c3fc0300d Downloading 223.3MB
 c62c3fc0300d Downloading 223.3MB
 c62c3fc0300d Downloading 223.3MB
 c62c3fc0300d Downloading 223.3MB
 c62c3fc0300d Downloading 223.3MB
 c62c3fc0300d Downloading 223.3MB
 c62c3fc0300d Downloading 223.3MB
 c62c3fc0300d Downloading 223.3MB
 c62c3fc0300d Downloading 223.3MB
 c62c3fc0300d Downloading 223.3MB
 c62c3fc0300d Downloading 223.3MB
 c62c3fc0300d Downloading 223.3MB
 c62c3fc0300d Downloading 223.3MB
 c62c3fc0300d Downloading 223.3MB
 c62c3fc0300d Downloading 223.3MB
 c62c3fc0300d Downloading 223.3MB
 c62c3fc0300d Downloading 223.3MB
 c62c3fc0300d Downloading 223.3MB
 c62c3fc0300d Downloading 223.3MB
 c62c3fc0300d Downloading 224.4MB
 c62c3fc0300d Downloading 224.4MB
 c62c3fc0300d Downloading 224.4MB
 c62c3fc0300d Downloading 224.4MB
 c62c3fc0300d Downloading 224.4MB
 c62c3fc0300d Downloading 224.4MB
 c62c3fc0300d Downloading 224.4MB
 c62c3fc0300d Downloading 224.4MB
 c62c3fc0300d Downloading 224.4MB
 c62c3fc0300d Downloading 224.4MB
 c62c3fc0300d Downloading 224.4MB
 c62c3fc0300d Downloading 224.4MB
 c62c3fc0300d Downloading 224.4MB
 c62c3fc0300d Downloading 224.4MB
 c62c3fc0300d Downloading 224.4MB
 c62c3fc0300d Downloading 224.4MB
 c62c3fc0300d Downloading 224.4MB
 c62c3fc0300d Downloading 224.4MB
 c62c3fc0300d Downloading 224.4MB
 c62c3fc0300d Downloading 224.4MB
 c62c3fc0300d Downloading 224.4MB
 c62c3fc0300d Downloading 224.4MB
 c62c3fc0300d Downloading 224.4MB
 c62c3fc0300d Downloading 224.4MB
 c62c3fc0300d Downloading 224.4MB
 c62c3fc0300d Downloading 224.4MB
 c62c3fc0300d Downloading 224.4MB
 c62c3fc0300d Downloading 224.4MB
 c62c3fc0300d Downloading 224.4MB
 c62c3fc0300d Downloading 224.4MB
 c62c3fc0300d Downloading 224.4MB
 c62c3fc0300d Downloading 224.4MB
 c62c3fc0300d Downloading 224.4MB
 c62c3fc0300d Downloading 224.4MB
 c62c3fc0300d Downloading 224.4MB
 c62c3fc0300d Downloading 224.4MB
 c62c3fc0300d Downloading 224.4MB
 c62c3fc0300d Downloading 224.4MB
 c62c3fc0300d Downloading 224.4MB
 c62c3fc0300d Downloading 224.4MB
 c62c3fc0300d Downloading 224.4MB
 c62c3fc0300d Downloading 224.4MB
 c62c3fc0300d Downloading 224.4MB
 c62c3fc0300d Downloading 224.4MB
 c62c3fc0300d Downloading 224.4MB
 c62c3fc0300d Downloading 224.4MB
 c62c3fc0300d Downloading 224.4MB
 c62c3fc0300d Downloading 224.4MB
 c62c3fc0300d Downloading 224.4MB
 c62c3fc0300d Downloading 224.4MB
 c62c3fc0300d Downloading 224.4MB
 c62c3fc0300d Downloading 224.4MB
 c62c3fc0300d Downloading 224.4MB
 c62c3fc0300d Downloading 224.4MB
 c62c3fc0300d Downloading 224.4MB
 c62c3fc0300d Downloading 224.4MB
 c62c3fc0300d Downloading 224.4MB
 c62c3fc0300d Downloading 224.4MB
 c62c3fc0300d Downloading 224.4MB
 c62c3fc0300d Downloading 224.4MB
 c62c3fc0300d Downloading 224.4MB
 c62c3fc0300d Downloading 225.4MB
 c62c3fc0300d Downloading 225.4MB
 c62c3fc0300d Downloading 225.4MB
 c62c3fc0300d Downloading 225.4MB
 c62c3fc0300d Downloading 225.4MB
 c62c3fc0300d Downloading 225.4MB
 c62c3fc0300d Downloading 225.4MB
 c62c3fc0300d Downloading 225.4MB
 c62c3fc0300d Downloading 225.4MB
 c62c3fc0300d Downloading 225.4MB
 c62c3fc0300d Downloading 225.4MB
 c62c3fc0300d Downloading 225.4MB
 c62c3fc0300d Downloading 225.4MB
 c62c3fc0300d Downloading 225.4MB
 c62c3fc0300d Downloading 225.4MB
 c62c3fc0300d Downloading 225.4MB
 c62c3fc0300d Downloading 225.4MB
 c62c3fc0300d Downloading 225.4MB
 c62c3fc0300d Downloading 225.4MB
 c62c3fc0300d Downloading 225.4MB
 c62c3fc0300d Downloading 225.4MB
 c62c3fc0300d Downloading 225.4MB
 c62c3fc0300d Downloading 225.4MB
 c62c3fc0300d Downloading 225.4MB
 c62c3fc0300d Downloading 225.4MB
 c62c3fc0300d Downloading 225.4MB
 c62c3fc0300d Downloading 225.4MB
 c62c3fc0300d Downloading 225.4MB
 c62c3fc0300d Downloading 225.4MB
 c62c3fc0300d Downloading 225.4MB
 c62c3fc0300d Downloading 225.4MB
 c62c3fc0300d Downloading 225.4MB
 c62c3fc0300d Downloading 225.4MB
 c62c3fc0300d Downloading 225.4MB
 c62c3fc0300d Downloading 225.4MB
 c62c3fc0300d Downloading 225.4MB
 c62c3fc0300d Downloading 225.4MB
 c62c3fc0300d Downloading 225.4MB
 c62c3fc0300d Downloading 225.4MB
 c62c3fc0300d Downloading 225.4MB
 c62c3fc0300d Downloading 225.4MB
 c62c3fc0300d Downloading 225.4MB
 c62c3fc0300d Downloading 225.4MB
 c62c3fc0300d Downloading 225.4MB
 c62c3fc0300d Downloading 225.4MB
 c62c3fc0300d Downloading 225.4MB
 c62c3fc0300d Downloading 225.4MB
 c62c3fc0300d Downloading 225.4MB
 c62c3fc0300d Downloading 225.4MB
 c62c3fc0300d Downloading 225.4MB
 c62c3fc0300d Downloading 225.4MB
 c62c3fc0300d Downloading 225.4MB
 c62c3fc0300d Downloading 225.4MB
 c62c3fc0300d Downloading 225.4MB
 c62c3fc0300d Downloading 225.4MB
 c62c3fc0300d Downloading 225.4MB
 c62c3fc0300d Downloading 225.4MB
 c62c3fc0300d Downloading 225.4MB
 c62c3fc0300d Downloading 225.4MB
 c62c3fc0300d Downloading 225.4MB
 c62c3fc0300d Downloading 226.5MB
 c62c3fc0300d Downloading 226.5MB
 c62c3fc0300d Downloading 226.5MB
 c62c3fc0300d Downloading 226.5MB
 c62c3fc0300d Downloading 226.5MB
 c62c3fc0300d Downloading 226.5MB
 c62c3fc0300d Downloading 226.5MB
 c62c3fc0300d Downloading 226.5MB
 c62c3fc0300d Downloading 226.5MB
 c62c3fc0300d Downloading 226.5MB
 c62c3fc0300d Downloading 226.5MB
 c62c3fc0300d Downloading 226.5MB
 c62c3fc0300d Downloading 226.5MB
 c62c3fc0300d Downloading 226.5MB
 c62c3fc0300d Downloading 226.5MB
 c62c3fc0300d Downloading 226.5MB
 c62c3fc0300d Downloading 226.5MB
 c62c3fc0300d Downloading 226.5MB
 c62c3fc0300d Downloading 226.5MB
 c62c3fc0300d Downloading 226.5MB
 c62c3fc0300d Downloading 226.5MB
 c62c3fc0300d Downloading 226.5MB
 c62c3fc0300d Downloading 226.5MB
 c62c3fc0300d Downloading 226.5MB
 c62c3fc0300d Downloading 226.5MB
 c62c3fc0300d Downloading 226.5MB
 c62c3fc0300d Downloading 226.5MB
 c62c3fc0300d Downloading 226.5MB
 c62c3fc0300d Downloading 226.5MB
 c62c3fc0300d Downloading 226.5MB
 c62c3fc0300d Downloading 226.5MB
 c62c3fc0300d Downloading 226.5MB
 c62c3fc0300d Downloading 226.5MB
 c62c3fc0300d Downloading 226.5MB
 c62c3fc0300d Downloading 226.5MB
 c62c3fc0300d Downloading 226.5MB
 c62c3fc0300d Downloading 226.5MB
 c62c3fc0300d Downloading 226.5MB
 c62c3fc0300d Downloading 226.5MB
 c62c3fc0300d Downloading 226.5MB
 c62c3fc0300d Downloading 226.5MB
 c62c3fc0300d Downloading 226.5MB
 c62c3fc0300d Downloading 226.5MB
 c62c3fc0300d Downloading 226.5MB
 c62c3fc0300d Downloading 226.5MB
 c62c3fc0300d Downloading 226.5MB
 c62c3fc0300d Downloading 226.5MB
 c62c3fc0300d Downloading 226.5MB
 c62c3fc0300d Downloading 226.5MB
 c62c3fc0300d Downloading 226.5MB
 c62c3fc0300d Downloading 226.5MB
 c62c3fc0300d Downloading 226.5MB
 c62c3fc0300d Downloading 226.5MB
 c62c3fc0300d Downloading 226.5MB
 c62c3fc0300d Downloading 226.5MB
 c62c3fc0300d Downloading 226.5MB
 c62c3fc0300d Downloading 226.5MB
 c62c3fc0300d Downloading 226.5MB
 c62c3fc0300d Downloading 226.5MB
 c62c3fc0300d Downloading 226.5MB
 c62c3fc0300d Downloading 226.5MB
 c62c3fc0300d Downloading 227.5MB
 c62c3fc0300d Downloading 227.5MB
 c62c3fc0300d Downloading 227.5MB
 c62c3fc0300d Downloading 227.5MB
 c62c3fc0300d Downloading 227.5MB
 c62c3fc0300d Downloading 227.5MB
 c62c3fc0300d Downloading 227.5MB
 c62c3fc0300d Downloading 227.5MB
 c62c3fc0300d Downloading 227.5MB
 c62c3fc0300d Downloading 227.5MB
 c62c3fc0300d Downloading 227.5MB
 c62c3fc0300d Downloading 227.5MB
 c62c3fc0300d Downloading 227.5MB
 c62c3fc0300d Downloading 227.5MB
 c62c3fc0300d Downloading 227.5MB
 c62c3fc0300d Downloading 227.5MB
 c62c3fc0300d Downloading 227.5MB
 c62c3fc0300d Downloading 227.5MB
 c62c3fc0300d Downloading 227.5MB
 c62c3fc0300d Downloading 227.5MB
 c62c3fc0300d Downloading 227.5MB
 c62c3fc0300d Downloading 227.5MB
 c62c3fc0300d Downloading 227.5MB
 c62c3fc0300d Downloading 227.5MB
 c62c3fc0300d Downloading 227.5MB
 c62c3fc0300d Downloading 227.5MB
 c62c3fc0300d Downloading 227.5MB
 c62c3fc0300d Downloading 227.5MB
 c62c3fc0300d Downloading 227.5MB
 c62c3fc0300d Downloading 227.5MB
 c62c3fc0300d Downloading 227.5MB
 c62c3fc0300d Downloading 227.5MB
 c62c3fc0300d Downloading 227.5MB
 c62c3fc0300d Downloading 227.5MB
 c62c3fc0300d Downloading 227.5MB
 c62c3fc0300d Downloading 227.5MB
 c62c3fc0300d Downloading 227.5MB
 c62c3fc0300d Downloading 227.5MB
 c62c3fc0300d Downloading 227.5MB
 c62c3fc0300d Downloading 227.5MB
 c62c3fc0300d Downloading 227.5MB
 c62c3fc0300d Downloading 227.5MB
 c62c3fc0300d Downloading 228.6MB
 c62c3fc0300d Downloading 228.6MB
 c62c3fc0300d Downloading 228.6MB
 c62c3fc0300d Downloading 228.6MB
 c62c3fc0300d Downloading 228.6MB
 c62c3fc0300d Downloading 228.6MB
 c62c3fc0300d Downloading 228.6MB
 c62c3fc0300d Downloading 228.6MB
 c62c3fc0300d Downloading 228.6MB
 c62c3fc0300d Downloading 228.6MB
 c62c3fc0300d Downloading 228.6MB
 c62c3fc0300d Downloading 228.6MB
 c62c3fc0300d Downloading 228.6MB
 c62c3fc0300d Downloading 228.6MB
 c62c3fc0300d Downloading 228.6MB
 c62c3fc0300d Downloading 228.6MB
 c62c3fc0300d Downloading 228.6MB
 c62c3fc0300d Downloading 228.6MB
 c62c3fc0300d Downloading 228.6MB
 c62c3fc0300d Downloading 228.6MB
 c62c3fc0300d Downloading 228.6MB
 c62c3fc0300d Downloading 228.6MB
 c62c3fc0300d Downloading 228.6MB
 c62c3fc0300d Downloading 228.6MB
 c62c3fc0300d Downloading 228.6MB
 c62c3fc0300d Downloading 228.6MB
 c62c3fc0300d Downloading 228.6MB
 c62c3fc0300d Downloading 228.6MB
 c62c3fc0300d Downloading 228.6MB
 c62c3fc0300d Downloading 228.6MB
 c62c3fc0300d Downloading 228.6MB
 c62c3fc0300d Downloading 228.6MB
 c62c3fc0300d Downloading 228.6MB
 c62c3fc0300d Downloading 228.6MB
 c62c3fc0300d Downloading 228.6MB
 c62c3fc0300d Downloading 228.6MB
 c62c3fc0300d Downloading 228.6MB
 c62c3fc0300d Downloading 228.6MB
 c62c3fc0300d Downloading 228.6MB
 c62c3fc0300d Downloading 228.6MB
 c62c3fc0300d Downloading 228.6MB
 c62c3fc0300d Downloading 228.6MB
 c62c3fc0300d Downloading 228.6MB
 c62c3fc0300d Downloading 228.6MB
 c62c3fc0300d Downloading 228.6MB
 c62c3fc0300d Downloading 228.6MB
 c62c3fc0300d Downloading 228.6MB
 c62c3fc0300d Downloading 228.6MB
 c62c3fc0300d Downloading 228.6MB
 c62c3fc0300d Downloading 228.6MB
 c62c3fc0300d Downloading 228.6MB
 c62c3fc0300d Downloading 228.6MB
 c62c3fc0300d Downloading 228.6MB
 c62c3fc0300d Downloading 228.6MB
 c62c3fc0300d Downloading 228.6MB
 c62c3fc0300d Downloading 228.6MB
 c62c3fc0300d Downloading 228.6MB
 c62c3fc0300d Downloading 228.6MB
 c62c3fc0300d Downloading 228.6MB
 c62c3fc0300d Downloading 228.6MB
 c62c3fc0300d Downloading 228.6MB
 c62c3fc0300d Downloading 228.6MB
 c62c3fc0300d Downloading 228.6MB
 c62c3fc0300d Downloading 229.6MB
 c62c3fc0300d Downloading 229.6MB
 c62c3fc0300d Downloading 229.6MB
 c62c3fc0300d Downloading 229.6MB
 c62c3fc0300d Downloading 229.6MB
 c62c3fc0300d Downloading 229.6MB
 c62c3fc0300d Downloading 229.6MB
 c62c3fc0300d Downloading 229.6MB
 c62c3fc0300d Downloading 229.6MB
 c62c3fc0300d Downloading 229.6MB
 c62c3fc0300d Downloading 229.6MB
 c62c3fc0300d Downloading 229.6MB
 c62c3fc0300d Downloading 229.6MB
 c62c3fc0300d Downloading 229.6MB
 c62c3fc0300d Downloading 229.6MB
 c62c3fc0300d Downloading 229.6MB
 c62c3fc0300d Downloading 229.6MB
 c62c3fc0300d Downloading 229.6MB
 c62c3fc0300d Downloading 229.6MB
 c62c3fc0300d Downloading 229.6MB
 c62c3fc0300d Downloading 229.6MB
 c62c3fc0300d Downloading 229.6MB
 c62c3fc0300d Downloading 229.6MB
 c62c3fc0300d Downloading 229.6MB
 c62c3fc0300d Downloading 229.6MB
 c62c3fc0300d Downloading 229.6MB
 c62c3fc0300d Downloading 229.6MB
 c62c3fc0300d Downloading 229.6MB
 c62c3fc0300d Downloading 229.6MB
 c62c3fc0300d Downloading 229.6MB
 c62c3fc0300d Downloading 229.6MB
 c62c3fc0300d Downloading 229.6MB
 c62c3fc0300d Downloading 229.6MB
 c62c3fc0300d Downloading 229.6MB
 c62c3fc0300d Downloading 229.6MB
 c62c3fc0300d Downloading 229.6MB
 c62c3fc0300d Downloading 229.6MB
 c62c3fc0300d Downloading 229.6MB
 c62c3fc0300d Downloading 229.6MB
 c62c3fc0300d Downloading 229.6MB
 c62c3fc0300d Downloading 229.6MB
 c62c3fc0300d Downloading 229.6MB
 c62c3fc0300d Downloading 229.6MB
 c62c3fc0300d Downloading 229.6MB
 c62c3fc0300d Downloading 229.6MB
 c62c3fc0300d Downloading 229.6MB
 c62c3fc0300d Downloading 229.6MB
 c62c3fc0300d Downloading 229.6MB
 c62c3fc0300d Downloading 229.6MB
 c62c3fc0300d Downloading 229.6MB
 c62c3fc0300d Downloading 229.6MB
 c62c3fc0300d Downloading 229.6MB
 c62c3fc0300d Downloading 229.6MB
 c62c3fc0300d Downloading 229.6MB
 c62c3fc0300d Downloading 229.6MB
 c62c3fc0300d Downloading 229.6MB
 c62c3fc0300d Downloading 229.6MB
 c62c3fc0300d Downloading 229.6MB
 c62c3fc0300d Downloading 229.6MB
 c62c3fc0300d Downloading 229.6MB
 c62c3fc0300d Downloading 229.6MB
 c62c3fc0300d Downloading 229.6MB
 c62c3fc0300d Downloading 229.6MB
 c62c3fc0300d Downloading 229.6MB
 c62c3fc0300d Downloading 229.6MB
 c62c3fc0300d Downloading 229.6MB
 c62c3fc0300d Downloading 229.6MB
 c62c3fc0300d Downloading 229.6MB
 c62c3fc0300d Downloading 229.6MB
 c62c3fc0300d Downloading 229.6MB
 c62c3fc0300d Downloading 229.6MB
 c62c3fc0300d Downloading 229.6MB
 c62c3fc0300d Downloading 229.6MB
 c62c3fc0300d Downloading 229.6MB
 c62c3fc0300d Downloading 229.6MB
 c62c3fc0300d Downloading 229.6MB
 c62c3fc0300d Downloading 229.6MB
 c62c3fc0300d Downloading 229.6MB
 c62c3fc0300d Downloading 229.6MB
 c62c3fc0300d Downloading 229.6MB
 c62c3fc0300d Downloading 229.6MB
 c62c3fc0300d Downloading 229.6MB
 c62c3fc0300d Downloading 229.6MB
 c62c3fc0300d Downloading 229.6MB
 c62c3fc0300d Downloading 229.6MB
 c62c3fc0300d Downloading 229.6MB
 c62c3fc0300d Downloading 229.6MB
 c62c3fc0300d Downloading 230.7MB
 c62c3fc0300d Downloading 230.7MB
 c62c3fc0300d Downloading 230.7MB
 c62c3fc0300d Downloading 230.7MB
 c62c3fc0300d Downloading 230.7MB
 c62c3fc0300d Downloading 230.7MB
 c62c3fc0300d Downloading 230.7MB
 c62c3fc0300d Downloading 230.7MB
 c62c3fc0300d Downloading 230.7MB
 c62c3fc0300d Downloading 230.7MB
 c62c3fc0300d Downloading 230.7MB
 c62c3fc0300d Downloading 230.7MB
 c62c3fc0300d Downloading 230.7MB
 c62c3fc0300d Downloading 230.7MB
 c62c3fc0300d Downloading 230.7MB
 c62c3fc0300d Downloading 230.7MB
 c62c3fc0300d Downloading 230.7MB
 c62c3fc0300d Downloading 230.7MB
 c62c3fc0300d Downloading 230.7MB
 c62c3fc0300d Downloading 230.7MB
 c62c3fc0300d Downloading 230.7MB
 c62c3fc0300d Downloading 230.7MB
 c62c3fc0300d Downloading 230.7MB
 c62c3fc0300d Downloading 230.7MB
 c62c3fc0300d Downloading 230.7MB
 c62c3fc0300d Downloading 230.7MB
 c62c3fc0300d Downloading 230.7MB
 c62c3fc0300d Downloading 230.7MB
 c62c3fc0300d Downloading 230.7MB
 c62c3fc0300d Downloading 230.7MB
 c62c3fc0300d Downloading 230.7MB
 c62c3fc0300d Downloading 230.7MB
 c62c3fc0300d Downloading 230.7MB
 c62c3fc0300d Downloading 230.7MB
 c62c3fc0300d Downloading 230.7MB
 c62c3fc0300d Downloading 230.7MB
 c62c3fc0300d Downloading 230.7MB
 c62c3fc0300d Downloading 230.7MB
 c62c3fc0300d Downloading 230.7MB
 c62c3fc0300d Downloading 230.7MB
 c62c3fc0300d Downloading 230.7MB
 c62c3fc0300d Downloading 230.7MB
 c62c3fc0300d Downloading 230.7MB
 c62c3fc0300d Downloading 230.7MB
 c62c3fc0300d Downloading 230.7MB
 c62c3fc0300d Downloading 230.7MB
 c62c3fc0300d Downloading 230.7MB
 c62c3fc0300d Downloading 230.7MB
 c62c3fc0300d Downloading 230.7MB
 c62c3fc0300d Downloading 230.7MB
 c62c3fc0300d Downloading 230.7MB
 c62c3fc0300d Downloading 230.7MB
 c62c3fc0300d Downloading 230.7MB
 c62c3fc0300d Downloading 230.7MB
 c62c3fc0300d Downloading 230.7MB
 c62c3fc0300d Downloading 230.7MB
 c62c3fc0300d Downloading 230.7MB
 c62c3fc0300d Downloading 230.7MB
 c62c3fc0300d Downloading 230.7MB
 c62c3fc0300d Downloading 230.7MB
 c62c3fc0300d Downloading 230.7MB
 c62c3fc0300d Downloading 230.7MB
 c62c3fc0300d Downloading 230.7MB
 c62c3fc0300d Downloading 230.7MB
 c62c3fc0300d Downloading 230.7MB
 c62c3fc0300d Downloading 230.7MB
 c62c3fc0300d Downloading 230.7MB
 c62c3fc0300d Downloading 230.7MB
 c62c3fc0300d Downloading 231.7MB
 c62c3fc0300d Downloading 231.7MB
 c62c3fc0300d Downloading 231.7MB
 c62c3fc0300d Downloading 231.7MB
 c62c3fc0300d Downloading 231.7MB
 c62c3fc0300d Downloading 231.7MB
 c62c3fc0300d Downloading 231.7MB
 c62c3fc0300d Downloading 231.7MB
 c62c3fc0300d Downloading 231.7MB
 c62c3fc0300d Downloading 231.7MB
 c62c3fc0300d Downloading 231.7MB
 c62c3fc0300d Downloading 231.7MB
 c62c3fc0300d Downloading 231.7MB
 c62c3fc0300d Downloading 231.7MB
 c62c3fc0300d Downloading 231.7MB
 c62c3fc0300d Downloading 231.7MB
 c62c3fc0300d Downloading 231.7MB
 c62c3fc0300d Downloading 231.7MB
 c62c3fc0300d Downloading 231.7MB
 c62c3fc0300d Downloading 231.7MB
 c62c3fc0300d Downloading 231.7MB
 c62c3fc0300d Downloading 231.7MB
 c62c3fc0300d Downloading 231.7MB
 c62c3fc0300d Downloading 231.7MB
 c62c3fc0300d Downloading 231.7MB
 c62c3fc0300d Downloading 231.7MB
 c62c3fc0300d Downloading 231.7MB
 c62c3fc0300d Downloading 231.7MB
 c62c3fc0300d Downloading 231.7MB
 c62c3fc0300d Downloading 232.8MB
 c62c3fc0300d Downloading 232.8MB
 c62c3fc0300d Downloading 232.8MB
 c62c3fc0300d Downloading 232.8MB
 c62c3fc0300d Downloading 232.8MB
 c62c3fc0300d Downloading 232.8MB
 c62c3fc0300d Downloading 232.8MB
 c62c3fc0300d Downloading 232.8MB
 c62c3fc0300d Downloading 232.8MB
 c62c3fc0300d Downloading 232.8MB
 c62c3fc0300d Downloading 232.8MB
 c62c3fc0300d Downloading 232.8MB
 c62c3fc0300d Downloading 232.8MB
 c62c3fc0300d Downloading 232.8MB
 c62c3fc0300d Downloading 232.8MB
 c62c3fc0300d Downloading 232.8MB
 c62c3fc0300d Downloading 232.8MB
 c62c3fc0300d Downloading 232.8MB
 c62c3fc0300d Downloading 232.8MB
 c62c3fc0300d Downloading 232.8MB
 c62c3fc0300d Downloading 232.8MB
 c62c3fc0300d Downloading 232.8MB
 c62c3fc0300d Downloading 232.8MB
 c62c3fc0300d Downloading 232.8MB
 c62c3fc0300d Downloading 232.8MB
 c62c3fc0300d Downloading 232.8MB
 c62c3fc0300d Downloading 232.8MB
 c62c3fc0300d Downloading 232.8MB
 c62c3fc0300d Downloading 232.8MB
 c62c3fc0300d Downloading 232.8MB
 c62c3fc0300d Downloading 232.8MB
 c62c3fc0300d Downloading 232.8MB
 c62c3fc0300d Downloading 232.8MB
 c62c3fc0300d Downloading 232.8MB
 c62c3fc0300d Downloading 232.8MB
 c62c3fc0300d Downloading 233.8MB
 c62c3fc0300d Downloading 233.8MB
 c62c3fc0300d Downloading 233.8MB
 c62c3fc0300d Downloading 233.8MB
 c62c3fc0300d Downloading 233.8MB
 c62c3fc0300d Downloading 233.8MB
 c62c3fc0300d Downloading 233.8MB
 c62c3fc0300d Downloading 233.8MB
 c62c3fc0300d Downloading 233.8MB
 c62c3fc0300d Downloading 233.8MB
 c62c3fc0300d Downloading 233.8MB
 c62c3fc0300d Downloading 233.8MB
 c62c3fc0300d Downloading 233.8MB
 c62c3fc0300d Downloading 233.8MB
 c62c3fc0300d Downloading 233.8MB
 c62c3fc0300d Downloading 233.8MB
 c62c3fc0300d Downloading 233.8MB
 c62c3fc0300d Downloading 233.8MB
 c62c3fc0300d Downloading 233.8MB
 c62c3fc0300d Downloading 233.8MB
 c62c3fc0300d Downloading 233.8MB
 c62c3fc0300d Downloading 233.8MB
 c62c3fc0300d Downloading 233.8MB
 c62c3fc0300d Downloading 233.8MB
 c62c3fc0300d Downloading 233.8MB
 c62c3fc0300d Downloading 233.8MB
 c62c3fc0300d Downloading 233.8MB
 c62c3fc0300d Downloading 233.8MB
 c62c3fc0300d Downloading 233.8MB
 c62c3fc0300d Downloading 233.8MB
 c62c3fc0300d Downloading 233.8MB
 c62c3fc0300d Downloading 233.8MB
 c62c3fc0300d Downloading 233.8MB
 c62c3fc0300d Downloading 234.9MB
 c62c3fc0300d Downloading 234.9MB
 c62c3fc0300d Downloading 234.9MB
 c62c3fc0300d Downloading 234.9MB
 c62c3fc0300d Downloading 234.9MB
 c62c3fc0300d Downloading 234.9MB
 c62c3fc0300d Downloading 234.9MB
 c62c3fc0300d Downloading 234.9MB
 c62c3fc0300d Downloading 234.9MB
 c62c3fc0300d Downloading 234.9MB
 c62c3fc0300d Downloading 234.9MB
 c62c3fc0300d Downloading 234.9MB
 c62c3fc0300d Downloading 234.9MB
 c62c3fc0300d Downloading 234.9MB
 c62c3fc0300d Downloading 234.9MB
 c62c3fc0300d Downloading 234.9MB
 c62c3fc0300d Downloading 234.9MB
 c62c3fc0300d Downloading 234.9MB
 c62c3fc0300d Downloading 234.9MB
 c62c3fc0300d Downloading 234.9MB
 c62c3fc0300d Downloading 234.9MB
 c62c3fc0300d Downloading 234.9MB
 c62c3fc0300d Downloading 234.9MB
 c62c3fc0300d Downloading 234.9MB
 c62c3fc0300d Downloading 234.9MB
 c62c3fc0300d Downloading 234.9MB
 c62c3fc0300d Downloading 234.9MB
 c62c3fc0300d Downloading 234.9MB
 c62c3fc0300d Downloading 234.9MB
 c62c3fc0300d Downloading 234.9MB
 c62c3fc0300d Downloading 234.9MB
 c62c3fc0300d Downloading 234.9MB
 c62c3fc0300d Downloading 234.9MB
 c62c3fc0300d Downloading 234.9MB
 c62c3fc0300d Downloading 234.9MB
 c62c3fc0300d Downloading 234.9MB
 c62c3fc0300d Downloading 234.9MB
 c62c3fc0300d Downloading 234.9MB
 c62c3fc0300d Downloading 234.9MB
 c62c3fc0300d Downloading 234.9MB
 c62c3fc0300d Downloading 234.9MB
 c62c3fc0300d Downloading 234.9MB
 c62c3fc0300d Downloading 234.9MB
 c62c3fc0300d Downloading 234.9MB
 c62c3fc0300d Downloading 234.9MB
 c62c3fc0300d Downloading 234.9MB
 c62c3fc0300d Downloading 234.9MB
 c62c3fc0300d Downloading 234.9MB
 c62c3fc0300d Downloading 234.9MB
 c62c3fc0300d Downloading 234.9MB
 c62c3fc0300d Downloading 234.9MB
 c62c3fc0300d Downloading 235.9MB
 c62c3fc0300d Downloading 235.9MB
 c62c3fc0300d Downloading 235.9MB
 c62c3fc0300d Downloading 235.9MB
 c62c3fc0300d Downloading 235.9MB
 c62c3fc0300d Downloading 235.9MB
 c62c3fc0300d Downloading 235.9MB
 c62c3fc0300d Downloading 235.9MB
 c62c3fc0300d Downloading 235.9MB
 c62c3fc0300d Downloading 235.9MB
 c62c3fc0300d Downloading 235.9MB
 c62c3fc0300d Downloading 235.9MB
 c62c3fc0300d Downloading 235.9MB
 c62c3fc0300d Downloading 235.9MB
 c62c3fc0300d Downloading 235.9MB
 c62c3fc0300d Downloading 235.9MB
 c62c3fc0300d Downloading 235.9MB
 c62c3fc0300d Downloading 235.9MB
 c62c3fc0300d Downloading 235.9MB
 c62c3fc0300d Downloading 235.9MB
 c62c3fc0300d Downloading 235.9MB
 c62c3fc0300d Downloading 235.9MB
 c62c3fc0300d Downloading 235.9MB
 c62c3fc0300d Downloading 235.9MB
 c62c3fc0300d Downloading 235.9MB
 c62c3fc0300d Downloading 235.9MB
 c62c3fc0300d Downloading 235.9MB
 c62c3fc0300d Downloading 235.9MB
 c62c3fc0300d Downloading 235.9MB
 c62c3fc0300d Downloading 237MB
 c62c3fc0300d Downloading 237MB
 c62c3fc0300d Downloading 237MB
 c62c3fc0300d Downloading 237MB
 c62c3fc0300d Downloading 237MB
 c62c3fc0300d Downloading 237MB
 c62c3fc0300d Downloading 237MB
 c62c3fc0300d Downloading 237MB
 c62c3fc0300d Downloading 237MB
 c62c3fc0300d Downloading 237MB
 c62c3fc0300d Downloading 237MB
 c62c3fc0300d Downloading 237MB
 c62c3fc0300d Downloading 237MB
 c62c3fc0300d Downloading 237MB
 c62c3fc0300d Downloading 237MB
 c62c3fc0300d Downloading 237MB
 c62c3fc0300d Downloading 237MB
 c62c3fc0300d Downloading 237MB
 c62c3fc0300d Downloading 237MB
 c62c3fc0300d Downloading 237MB
 c62c3fc0300d Downloading 237MB
 c62c3fc0300d Downloading 237MB
 c62c3fc0300d Downloading 237MB
 c62c3fc0300d Downloading 237MB
 c62c3fc0300d Downloading 237MB
 c62c3fc0300d Downloading 237MB
 c62c3fc0300d Downloading 237MB
 c62c3fc0300d Downloading 237MB
 c62c3fc0300d Downloading 237MB
 c62c3fc0300d Downloading 237MB
 c62c3fc0300d Downloading 237MB
 c62c3fc0300d Downloading 237MB
 c62c3fc0300d Downloading 237MB
 c62c3fc0300d Downloading 237MB
 c62c3fc0300d Downloading 237MB
 c62c3fc0300d Downloading 237MB
 c62c3fc0300d Downloading 237MB
 c62c3fc0300d Downloading 237MB
 c62c3fc0300d Downloading 237MB
 c62c3fc0300d Downloading 237MB
 c62c3fc0300d Downloading 237MB
 c62c3fc0300d Downloading 237MB
 c62c3fc0300d Downloading 237MB
 c62c3fc0300d Downloading 238MB
 c62c3fc0300d Downloading 238MB
 c62c3fc0300d Downloading 238MB
 c62c3fc0300d Downloading 238MB
 c62c3fc0300d Downloading 238MB
 c62c3fc0300d Downloading 238MB
 c62c3fc0300d Downloading 238MB
 c62c3fc0300d Downloading 238MB
 c62c3fc0300d Downloading 238MB
 c62c3fc0300d Downloading 238MB
 c62c3fc0300d Downloading 238MB
 c62c3fc0300d Downloading 238MB
 c62c3fc0300d Downloading 238MB
 c62c3fc0300d Downloading 238MB
 c62c3fc0300d Downloading 238MB
 c62c3fc0300d Downloading 238MB
 c62c3fc0300d Downloading 238MB
 c62c3fc0300d Downloading 238MB
 c62c3fc0300d Downloading 238MB
 c62c3fc0300d Downloading 238MB
 c62c3fc0300d Downloading 238MB
 c62c3fc0300d Downloading 238MB
 c62c3fc0300d Downloading 238MB
 c62c3fc0300d Downloading 238MB
 c62c3fc0300d Downloading 238MB
 c62c3fc0300d Downloading 238MB
 c62c3fc0300d Downloading 238MB
 c62c3fc0300d Downloading 238MB
 c62c3fc0300d Downloading 238MB
 c62c3fc0300d Downloading 238MB
 c62c3fc0300d Downloading 238MB
 c62c3fc0300d Downloading 238MB
 c62c3fc0300d Downloading 238MB
 c62c3fc0300d Downloading 238MB
 c62c3fc0300d Downloading 238MB
 c62c3fc0300d Downloading 238MB
 c62c3fc0300d Downloading 238MB
 c62c3fc0300d Downloading 238MB
 c62c3fc0300d Downloading 238MB
 c62c3fc0300d Downloading 238MB
 c62c3fc0300d Downloading 238MB
 c62c3fc0300d Downloading 238MB
 c62c3fc0300d Downloading 238MB
 c62c3fc0300d Downloading 238MB
 c62c3fc0300d Downloading 238MB
 c62c3fc0300d Downloading 239.1MB
 c62c3fc0300d Downloading 239.1MB
 c62c3fc0300d Downloading 239.1MB
 c62c3fc0300d Downloading 239.1MB
 c62c3fc0300d Downloading 239.1MB
 c62c3fc0300d Downloading 239.1MB
 c62c3fc0300d Downloading 239.1MB
 c62c3fc0300d Downloading 239.1MB
 c62c3fc0300d Downloading 239.1MB
 c62c3fc0300d Downloading 239.1MB
 c62c3fc0300d Downloading 239.1MB
 c62c3fc0300d Downloading 239.1MB
 c62c3fc0300d Downloading 239.1MB
 c62c3fc0300d Downloading 239.1MB
 c62c3fc0300d Downloading 239.1MB
 c62c3fc0300d Downloading 239.1MB
 c62c3fc0300d Downloading 239.1MB
 c62c3fc0300d Downloading 239.1MB
 c62c3fc0300d Downloading 239.1MB
 c62c3fc0300d Downloading 239.1MB
 c62c3fc0300d Downloading 239.1MB
 c62c3fc0300d Downloading 239.1MB
 c62c3fc0300d Downloading 239.1MB
 c62c3fc0300d Downloading 239.1MB
 c62c3fc0300d Downloading 239.1MB
 c62c3fc0300d Downloading 239.1MB
 c62c3fc0300d Downloading 239.1MB
 c62c3fc0300d Downloading 239.1MB
 c62c3fc0300d Downloading 239.1MB
 c62c3fc0300d Downloading 239.1MB
 c62c3fc0300d Downloading 239.1MB
 c62c3fc0300d Downloading 239.1MB
 c62c3fc0300d Downloading 239.1MB
 c62c3fc0300d Downloading 239.1MB
 c62c3fc0300d Downloading 239.1MB
 c62c3fc0300d Downloading 239.1MB
 c62c3fc0300d Downloading 239.1MB
 c62c3fc0300d Downloading 239.1MB
 c62c3fc0300d Downloading 239.1MB
 c62c3fc0300d Downloading 239.1MB
 c62c3fc0300d Downloading 239.1MB
 c62c3fc0300d Downloading 239.1MB
 c62c3fc0300d Downloading 239.1MB
 c62c3fc0300d Downloading 239.1MB
 c62c3fc0300d Downloading 239.1MB
 c62c3fc0300d Downloading 239.1MB
 c62c3fc0300d Downloading 239.1MB
 c62c3fc0300d Downloading 239.1MB
 c62c3fc0300d Downloading 239.1MB
 c62c3fc0300d Downloading 239.1MB
 c62c3fc0300d Downloading 239.1MB
 c62c3fc0300d Downloading 239.1MB
 c62c3fc0300d Downloading 239.1MB
 c62c3fc0300d Downloading 239.1MB
 c62c3fc0300d Downloading 239.1MB
 c62c3fc0300d Downloading 240.1MB
 c62c3fc0300d Downloading 240.1MB
 c62c3fc0300d Downloading 240.1MB
 c62c3fc0300d Downloading 240.1MB
 c62c3fc0300d Downloading 240.1MB
 c62c3fc0300d Downloading 240.1MB
 c62c3fc0300d Downloading 240.1MB
 c62c3fc0300d Downloading 240.1MB
 c62c3fc0300d Downloading 240.1MB
 c62c3fc0300d Downloading 240.1MB
 c62c3fc0300d Downloading 240.1MB
 c62c3fc0300d Downloading 240.1MB
 c62c3fc0300d Downloading 240.1MB
 c62c3fc0300d Downloading 240.1MB
 c62c3fc0300d Downloading 240.1MB
 c62c3fc0300d Downloading 240.1MB
 c62c3fc0300d Downloading 240.1MB
 c62c3fc0300d Downloading 240.1MB
 c62c3fc0300d Downloading 240.1MB
 c62c3fc0300d Downloading 240.1MB
 c62c3fc0300d Downloading 240.1MB
 c62c3fc0300d Downloading 240.1MB
 c62c3fc0300d Downloading 240.1MB
 c62c3fc0300d Downloading 240.1MB
 c62c3fc0300d Downloading 240.1MB
 c62c3fc0300d Downloading 240.1MB
 c62c3fc0300d Downloading 240.1MB
 c62c3fc0300d Downloading 240.1MB
 c62c3fc0300d Downloading 240.1MB
 c62c3fc0300d Downloading 240.1MB
 c62c3fc0300d Downloading 240.1MB
 c62c3fc0300d Downloading 240.1MB
 c62c3fc0300d Downloading 240.1MB
 c62c3fc0300d Downloading 240.1MB
 c62c3fc0300d Downloading 240.1MB
 c62c3fc0300d Downloading 240.1MB
 c62c3fc0300d Downloading 240.1MB
 c62c3fc0300d Downloading 240.1MB
 c62c3fc0300d Downloading 240.1MB
 c62c3fc0300d Downloading 240.1MB
 c62c3fc0300d Downloading 240.1MB
 c62c3fc0300d Downloading 240.1MB
 c62c3fc0300d Downloading 240.1MB
 c62c3fc0300d Downloading 240.1MB
 c62c3fc0300d Downloading 240.1MB
 c62c3fc0300d Downloading 240.1MB
 c62c3fc0300d Downloading 240.1MB
 c62c3fc0300d Downloading 240.1MB
 c62c3fc0300d Downloading 240.1MB
 c62c3fc0300d Downloading 240.1MB
 c62c3fc0300d Downloading 240.1MB
 c62c3fc0300d Downloading 240.1MB
 c62c3fc0300d Downloading 240.1MB
 c62c3fc0300d Downloading 240.1MB
 c62c3fc0300d Downloading 240.1MB
 c62c3fc0300d Downloading 241.2MB
 c62c3fc0300d Downloading 241.2MB
 c62c3fc0300d Downloading 241.2MB
 c62c3fc0300d Downloading 241.2MB
 c62c3fc0300d Downloading 241.2MB
 c62c3fc0300d Downloading 241.2MB
 c62c3fc0300d Downloading 241.2MB
 c62c3fc0300d Downloading 241.2MB
 c62c3fc0300d Downloading 241.2MB
 c62c3fc0300d Downloading 241.2MB
 c62c3fc0300d Downloading 241.2MB
 c62c3fc0300d Downloading 241.2MB
 c62c3fc0300d Downloading 241.2MB
 c62c3fc0300d Downloading 241.2MB
 c62c3fc0300d Downloading 241.2MB
 c62c3fc0300d Downloading 241.2MB
 c62c3fc0300d Downloading 241.2MB
 c62c3fc0300d Downloading 241.2MB
 c62c3fc0300d Downloading 241.2MB
 c62c3fc0300d Downloading 241.2MB
 c62c3fc0300d Downloading 241.2MB
 c62c3fc0300d Downloading 241.2MB
 c62c3fc0300d Downloading 241.2MB
 c62c3fc0300d Downloading 241.2MB
 c62c3fc0300d Downloading 241.2MB
 c62c3fc0300d Downloading 241.2MB
 c62c3fc0300d Downloading 241.2MB
 c62c3fc0300d Downloading 241.2MB
 c62c3fc0300d Downloading 241.2MB
 c62c3fc0300d Downloading 241.2MB
 c62c3fc0300d Downloading 241.2MB
 c62c3fc0300d Downloading 241.2MB
 c62c3fc0300d Downloading 241.2MB
 c62c3fc0300d Downloading 241.2MB
 c62c3fc0300d Downloading 241.2MB
 c62c3fc0300d Downloading 241.2MB
 c62c3fc0300d Downloading 241.2MB
 c62c3fc0300d Downloading 241.2MB
 c62c3fc0300d Downloading 241.2MB
 c62c3fc0300d Downloading 242.2MB
 c62c3fc0300d Downloading 242.2MB
 c62c3fc0300d Downloading 242.2MB
 c62c3fc0300d Downloading 242.2MB
 c62c3fc0300d Downloading 242.2MB
 c62c3fc0300d Downloading 242.2MB
 c62c3fc0300d Downloading 242.2MB
 c62c3fc0300d Downloading 242.2MB
 c62c3fc0300d Downloading 242.2MB
 c62c3fc0300d Downloading 242.2MB
 c62c3fc0300d Downloading 242.2MB
 c62c3fc0300d Downloading 242.2MB
 c62c3fc0300d Downloading 242.2MB
 c62c3fc0300d Downloading 242.2MB
 c62c3fc0300d Downloading 242.2MB
 c62c3fc0300d Downloading 242.2MB
 c62c3fc0300d Downloading 242.2MB
 c62c3fc0300d Downloading 242.2MB
 c62c3fc0300d Downloading 242.2MB
 c62c3fc0300d Downloading 242.2MB
 c62c3fc0300d Downloading 242.2MB
 c62c3fc0300d Downloading 242.2MB
 c62c3fc0300d Downloading 242.2MB
 c62c3fc0300d Downloading 242.2MB
 c62c3fc0300d Downloading 242.2MB
 c62c3fc0300d Downloading 242.2MB
 c62c3fc0300d Downloading 242.2MB
 c62c3fc0300d Downloading 242.2MB
 c62c3fc0300d Downloading 242.2MB
 c62c3fc0300d Downloading 242.2MB
 c62c3fc0300d Downloading 242.2MB
 c62c3fc0300d Downloading 242.2MB
 c62c3fc0300d Downloading 243.3MB
 c62c3fc0300d Downloading 243.3MB
 c62c3fc0300d Downloading 243.3MB
 c62c3fc0300d Downloading 243.3MB
 c62c3fc0300d Downloading 243.3MB
 c62c3fc0300d Downloading 243.3MB
 c62c3fc0300d Downloading 243.3MB
 c62c3fc0300d Downloading 243.3MB
 c62c3fc0300d Downloading 243.3MB
 c62c3fc0300d Downloading 243.3MB
 c62c3fc0300d Downloading 243.3MB
 c62c3fc0300d Downloading 243.3MB
 c62c3fc0300d Downloading 243.3MB
 c62c3fc0300d Downloading 243.3MB
 c62c3fc0300d Downloading 243.3MB
 c62c3fc0300d Downloading 243.3MB
 c62c3fc0300d Downloading 243.3MB
 c62c3fc0300d Downloading 243.3MB
 c62c3fc0300d Downloading 243.3MB
 c62c3fc0300d Downloading 243.3MB
 c62c3fc0300d Downloading 243.3MB
 c62c3fc0300d Downloading 243.3MB
 c62c3fc0300d Downloading 243.3MB
 c62c3fc0300d Downloading 243.3MB
 c62c3fc0300d Downloading 243.3MB
 c62c3fc0300d Downloading 243.3MB
 c62c3fc0300d Downloading 243.3MB
 c62c3fc0300d Downloading 243.3MB
 c62c3fc0300d Downloading 244.3MB
 c62c3fc0300d Downloading 244.3MB
 c62c3fc0300d Downloading 244.3MB
 c62c3fc0300d Downloading 244.3MB
 c62c3fc0300d Downloading 244.3MB
 c62c3fc0300d Downloading 244.3MB
 c62c3fc0300d Downloading 244.3MB
 c62c3fc0300d Downloading 244.3MB
 c62c3fc0300d Downloading 244.3MB
 c62c3fc0300d Downloading 244.3MB
 c62c3fc0300d Downloading 244.3MB
 c62c3fc0300d Downloading 244.3MB
 c62c3fc0300d Downloading 244.3MB
 c62c3fc0300d Downloading 244.3MB
 c62c3fc0300d Downloading 244.3MB
 c62c3fc0300d Downloading 244.3MB
 c62c3fc0300d Downloading 244.3MB
 c62c3fc0300d Downloading 244.3MB
 c62c3fc0300d Downloading 244.3MB
 c62c3fc0300d Downloading 244.3MB
 c62c3fc0300d Downloading 244.3MB
 c62c3fc0300d Downloading 244.3MB
 c62c3fc0300d Downloading 244.3MB
 c62c3fc0300d Downloading 244.3MB
 c62c3fc0300d Downloading 244.3MB
 c62c3fc0300d Downloading 244.3MB
 c62c3fc0300d Downloading 244.3MB
 c62c3fc0300d Downloading 244.3MB
 c62c3fc0300d Downloading 244.3MB
 c62c3fc0300d Downloading 245.4MB
 c62c3fc0300d Downloading 245.4MB
 c62c3fc0300d Downloading 245.4MB
 c62c3fc0300d Downloading 245.4MB
 c62c3fc0300d Downloading 245.4MB
 c62c3fc0300d Downloading 245.4MB
 c62c3fc0300d Downloading 245.4MB
 c62c3fc0300d Downloading 245.4MB
 c62c3fc0300d Downloading 245.4MB
 c62c3fc0300d Downloading 245.4MB
 c62c3fc0300d Downloading 245.4MB
 c62c3fc0300d Downloading 245.4MB
 c62c3fc0300d Downloading 245.4MB
 c62c3fc0300d Downloading 245.4MB
 c62c3fc0300d Downloading 245.4MB
 c62c3fc0300d Downloading 245.4MB
 c62c3fc0300d Downloading 245.4MB
 c62c3fc0300d Downloading 245.4MB
 c62c3fc0300d Downloading 245.4MB
 c62c3fc0300d Downloading 245.4MB
 c62c3fc0300d Downloading 245.4MB
 c62c3fc0300d Downloading 245.4MB
 c62c3fc0300d Downloading 245.4MB
 c62c3fc0300d Downloading 245.4MB
 c62c3fc0300d Downloading 245.4MB
 c62c3fc0300d Downloading 245.4MB
 c62c3fc0300d Downloading 245.4MB
 c62c3fc0300d Downloading 245.4MB
 c62c3fc0300d Downloading 245.4MB
 c62c3fc0300d Downloading 245.4MB
 c62c3fc0300d Downloading 245.4MB
 c62c3fc0300d Downloading 245.4MB
 c62c3fc0300d Downloading 245.4MB
 c62c3fc0300d Downloading 245.4MB
 c62c3fc0300d Downloading 245.4MB
 c62c3fc0300d Downloading 245.4MB
 c62c3fc0300d Downloading 245.4MB
 c62c3fc0300d Downloading 245.4MB
 c62c3fc0300d Downloading 245.4MB
 c62c3fc0300d Downloading 245.4MB
 c62c3fc0300d Downloading 245.4MB
 c62c3fc0300d Downloading 245.4MB
 c62c3fc0300d Downloading 246.4MB
 c62c3fc0300d Downloading 246.4MB
 c62c3fc0300d Downloading 246.4MB
 c62c3fc0300d Downloading 246.4MB
 c62c3fc0300d Downloading 246.4MB
 c62c3fc0300d Downloading 246.4MB
 c62c3fc0300d Downloading 246.4MB
 c62c3fc0300d Downloading 246.4MB
 c62c3fc0300d Downloading 246.4MB
 c62c3fc0300d Downloading 246.4MB
 c62c3fc0300d Downloading 246.4MB
 c62c3fc0300d Downloading 246.4MB
 c62c3fc0300d Downloading 246.4MB
 c62c3fc0300d Downloading 246.4MB
 c62c3fc0300d Downloading 246.4MB
 c62c3fc0300d Downloading 246.4MB
 c62c3fc0300d Downloading 246.4MB
 c62c3fc0300d Downloading 246.4MB
 c62c3fc0300d Downloading 246.4MB
 c62c3fc0300d Downloading 246.4MB
 c62c3fc0300d Downloading 246.4MB
 c62c3fc0300d Downloading 246.4MB
 c62c3fc0300d Downloading 246.4MB
 c62c3fc0300d Downloading 246.4MB
 c62c3fc0300d Downloading 246.4MB
 c62c3fc0300d Downloading 246.4MB
 c62c3fc0300d Downloading 247.5MB
 c62c3fc0300d Downloading 247.5MB
 c62c3fc0300d Downloading 247.5MB
 c62c3fc0300d Downloading 247.5MB
 c62c3fc0300d Downloading 247.5MB
 c62c3fc0300d Downloading 247.5MB
 c62c3fc0300d Downloading 247.5MB
 c62c3fc0300d Downloading 247.5MB
 c62c3fc0300d Downloading 247.5MB
 c62c3fc0300d Downloading 247.5MB
 c62c3fc0300d Downloading 247.5MB
 c62c3fc0300d Downloading 247.5MB
 c62c3fc0300d Downloading 247.5MB
 c62c3fc0300d Downloading 247.5MB
 c62c3fc0300d Downloading 247.5MB
 c62c3fc0300d Downloading 247.5MB
 c62c3fc0300d Downloading 247.5MB
 c62c3fc0300d Downloading 247.5MB
 c62c3fc0300d Downloading 247.5MB
 c62c3fc0300d Downloading 247.5MB
 c62c3fc0300d Downloading 247.5MB
 c62c3fc0300d Downloading 247.5MB
 c62c3fc0300d Downloading 247.5MB
 c62c3fc0300d Downloading 247.5MB
 c62c3fc0300d Downloading 247.5MB
 c62c3fc0300d Downloading 247.5MB
 c62c3fc0300d Downloading 247.5MB
 c62c3fc0300d Downloading 247.5MB
 c62c3fc0300d Downloading 247.5MB
 c62c3fc0300d Downloading 247.5MB
 c62c3fc0300d Downloading 247.5MB
 c62c3fc0300d Downloading 247.5MB
 c62c3fc0300d Downloading 247.5MB
 c62c3fc0300d Downloading 247.5MB
 c62c3fc0300d Downloading 247.5MB
 c62c3fc0300d Downloading 247.5MB
 c62c3fc0300d Downloading 247.5MB
 c62c3fc0300d Downloading 247.5MB
 c62c3fc0300d Downloading 247.5MB
 c62c3fc0300d Downloading 247.5MB
 c62c3fc0300d Downloading 247.5MB
 c62c3fc0300d Downloading 247.5MB
 c62c3fc0300d Downloading 248.5MB
 c62c3fc0300d Downloading 248.5MB
 c62c3fc0300d Downloading 248.5MB
 c62c3fc0300d Downloading 248.5MB
 c62c3fc0300d Downloading 248.5MB
 c62c3fc0300d Downloading 248.5MB
 c62c3fc0300d Downloading 248.5MB
 c62c3fc0300d Downloading 248.5MB
 c62c3fc0300d Downloading 248.5MB
 c62c3fc0300d Downloading 248.5MB
 c62c3fc0300d Downloading 248.5MB
 c62c3fc0300d Downloading 248.5MB
 c62c3fc0300d Downloading 248.5MB
 c62c3fc0300d Downloading 248.5MB
 c62c3fc0300d Downloading 248.5MB
 c62c3fc0300d Downloading 248.5MB
 c62c3fc0300d Downloading 248.5MB
 c62c3fc0300d Downloading 248.5MB
 c62c3fc0300d Downloading 248.5MB
 c62c3fc0300d Downloading 248.5MB
 c62c3fc0300d Downloading 248.5MB
 c62c3fc0300d Downloading 248.5MB
 c62c3fc0300d Downloading 248.5MB
 c62c3fc0300d Downloading 248.5MB
 c62c3fc0300d Downloading 248.5MB
 c62c3fc0300d Downloading 248.5MB
 c62c3fc0300d Downloading 248.5MB
 c62c3fc0300d Downloading 248.5MB
 c62c3fc0300d Downloading 248.5MB
 c62c3fc0300d Downloading 248.5MB
 c62c3fc0300d Downloading 248.5MB
 c62c3fc0300d Downloading 248.5MB
 c62c3fc0300d Downloading 248.5MB
 c62c3fc0300d Downloading 248.5MB
 c62c3fc0300d Downloading 248.5MB
 c62c3fc0300d Downloading 248.5MB
 c62c3fc0300d Downloading 248.5MB
 c62c3fc0300d Downloading 248.5MB
 c62c3fc0300d Downloading 249.6MB
 c62c3fc0300d Downloading 249.6MB
 c62c3fc0300d Downloading 249.6MB
 c62c3fc0300d Downloading 249.6MB
 c62c3fc0300d Downloading 249.6MB
 c62c3fc0300d Downloading 249.6MB
 c62c3fc0300d Downloading 249.6MB
 c62c3fc0300d Downloading 249.6MB
 c62c3fc0300d Downloading 249.6MB
 c62c3fc0300d Downloading 249.6MB
 c62c3fc0300d Downloading 249.6MB
 c62c3fc0300d Downloading 249.6MB
 c62c3fc0300d Downloading 249.6MB
 c62c3fc0300d Downloading 249.6MB
 c62c3fc0300d Downloading 249.6MB
 c62c3fc0300d Downloading 249.6MB
 c62c3fc0300d Downloading 249.6MB
 c62c3fc0300d Downloading 249.6MB
 c62c3fc0300d Downloading 249.6MB
 c62c3fc0300d Downloading 249.6MB
 c62c3fc0300d Downloading 249.6MB
 c62c3fc0300d Downloading 249.6MB
 c62c3fc0300d Downloading 249.6MB
 c62c3fc0300d Downloading 249.6MB
 c62c3fc0300d Downloading 249.6MB
 c62c3fc0300d Downloading 249.6MB
 c62c3fc0300d Downloading 249.6MB
 c62c3fc0300d Downloading 249.6MB
 c62c3fc0300d Downloading 249.6MB
 c62c3fc0300d Downloading 249.6MB
 c62c3fc0300d Downloading 249.6MB
 c62c3fc0300d Downloading 249.6MB
 c62c3fc0300d Downloading 249.6MB
 c62c3fc0300d Downloading 249.6MB
 c62c3fc0300d Downloading 249.6MB
 c62c3fc0300d Downloading 249.6MB
 c62c3fc0300d Downloading 249.6MB
 c62c3fc0300d Downloading 249.6MB
 c62c3fc0300d Downloading 249.6MB
 c62c3fc0300d Downloading 249.6MB
 c62c3fc0300d Downloading 249.6MB
 c62c3fc0300d Downloading 249.6MB
 c62c3fc0300d Downloading 249.6MB
 c62c3fc0300d Downloading 249.6MB
 c62c3fc0300d Downloading 250.6MB
 c62c3fc0300d Downloading 250.6MB
 c62c3fc0300d Downloading 250.6MB
 c62c3fc0300d Downloading 250.6MB
 c62c3fc0300d Downloading 250.6MB
 c62c3fc0300d Downloading 250.6MB
 c62c3fc0300d Downloading 250.6MB
 c62c3fc0300d Downloading 250.6MB
 c62c3fc0300d Downloading 250.6MB
 c62c3fc0300d Downloading 250.6MB
 c62c3fc0300d Downloading 250.6MB
 c62c3fc0300d Downloading 250.6MB
 c62c3fc0300d Downloading 250.6MB
 c62c3fc0300d Downloading 250.6MB
 c62c3fc0300d Downloading 250.6MB
 c62c3fc0300d Downloading 250.6MB
 c62c3fc0300d Downloading 250.6MB
 c62c3fc0300d Downloading 250.6MB
 c62c3fc0300d Downloading 250.6MB
 c62c3fc0300d Downloading 250.6MB
 c62c3fc0300d Downloading 250.6MB
 c62c3fc0300d Downloading 250.6MB
 c62c3fc0300d Downloading 250.6MB
 c62c3fc0300d Downloading 250.6MB
 c62c3fc0300d Downloading 250.6MB
 c62c3fc0300d Downloading 250.6MB
 c62c3fc0300d Downloading 250.6MB
 c62c3fc0300d Downloading 250.6MB
 c62c3fc0300d Downloading 250.6MB
 c62c3fc0300d Downloading 250.6MB
 c62c3fc0300d Downloading 250.6MB
 c62c3fc0300d Downloading 250.6MB
 c62c3fc0300d Downloading 250.6MB
 c62c3fc0300d Downloading 250.6MB
 c62c3fc0300d Downloading 250.6MB
 c62c3fc0300d Downloading 250.6MB
 c62c3fc0300d Downloading 250.6MB
 c62c3fc0300d Downloading 251.7MB
 c62c3fc0300d Downloading 251.7MB
 c62c3fc0300d Downloading 251.7MB
 c62c3fc0300d Downloading 251.7MB
 c62c3fc0300d Downloading 251.7MB
 c62c3fc0300d Downloading 251.7MB
 c62c3fc0300d Downloading 251.7MB
 c62c3fc0300d Downloading 251.7MB
 c62c3fc0300d Downloading 251.7MB
 c62c3fc0300d Downloading 251.7MB
 c62c3fc0300d Downloading 251.7MB
 c62c3fc0300d Downloading 251.7MB
 c62c3fc0300d Downloading 251.7MB
 c62c3fc0300d Downloading 251.7MB
 c62c3fc0300d Downloading 251.7MB
 c62c3fc0300d Downloading 251.7MB
 c62c3fc0300d Downloading 251.7MB
 c62c3fc0300d Downloading 251.7MB
 c62c3fc0300d Downloading 251.7MB
 c62c3fc0300d Downloading 251.7MB
 c62c3fc0300d Downloading 251.7MB
 c62c3fc0300d Downloading 251.7MB
 c62c3fc0300d Downloading 251.7MB
 c62c3fc0300d Downloading 251.7MB
 c62c3fc0300d Downloading 251.7MB
 c62c3fc0300d Downloading 251.7MB
 c62c3fc0300d Downloading 251.7MB
 c62c3fc0300d Downloading 251.7MB
 c62c3fc0300d Downloading 251.7MB
 c62c3fc0300d Downloading 251.7MB
 c62c3fc0300d Downloading 251.7MB
 c62c3fc0300d Downloading 251.7MB
 c62c3fc0300d Downloading 251.7MB
 c62c3fc0300d Downloading 251.7MB
 c62c3fc0300d Downloading 251.7MB
 c62c3fc0300d Downloading 251.7MB
 c62c3fc0300d Downloading 251.7MB
 c62c3fc0300d Downloading 251.7MB
 c62c3fc0300d Downloading 251.7MB
 c62c3fc0300d Downloading 251.7MB
 c62c3fc0300d Downloading 251.7MB
 c62c3fc0300d Downloading 251.7MB
 c62c3fc0300d Downloading 251.7MB
 c62c3fc0300d Downloading 251.7MB
 c62c3fc0300d Downloading 251.7MB
 c62c3fc0300d Downloading 251.7MB
 c62c3fc0300d Downloading 252.7MB
 c62c3fc0300d Downloading 252.7MB
 c62c3fc0300d Downloading 252.7MB
 c62c3fc0300d Downloading 252.7MB
 c62c3fc0300d Downloading 252.7MB
 c62c3fc0300d Downloading 252.7MB
 c62c3fc0300d Downloading 252.7MB
 c62c3fc0300d Downloading 252.7MB
 c62c3fc0300d Downloading 252.7MB
 c62c3fc0300d Downloading 252.7MB
 c62c3fc0300d Downloading 252.7MB
 c62c3fc0300d Downloading 252.7MB
 c62c3fc0300d Downloading 252.7MB
 c62c3fc0300d Downloading 252.7MB
 c62c3fc0300d Downloading 252.7MB
 c62c3fc0300d Downloading 252.7MB
 c62c3fc0300d Downloading 252.7MB
 c62c3fc0300d Downloading 252.7MB
 c62c3fc0300d Downloading 252.7MB
 c62c3fc0300d Downloading 252.7MB
 c62c3fc0300d Downloading 252.7MB
 c62c3fc0300d Downloading 252.7MB
 c62c3fc0300d Downloading 252.7MB
 c62c3fc0300d Downloading 252.7MB
 c62c3fc0300d Downloading 252.7MB
 c62c3fc0300d Downloading 252.7MB
 c62c3fc0300d Downloading 252.7MB
 c62c3fc0300d Downloading 252.7MB
 c62c3fc0300d Downloading 252.7MB
 c62c3fc0300d Downloading 252.7MB
 c62c3fc0300d Downloading 252.7MB
 c62c3fc0300d Downloading 252.7MB
 c62c3fc0300d Downloading 252.7MB
 c62c3fc0300d Downloading 252.7MB
 c62c3fc0300d Downloading 252.7MB
 c62c3fc0300d Downloading 252.7MB
 c62c3fc0300d Downloading 252.7MB
 c62c3fc0300d Downloading 252.7MB
 c62c3fc0300d Downloading 252.7MB
 c62c3fc0300d Downloading 252.7MB
 c62c3fc0300d Downloading 252.7MB
 c62c3fc0300d Downloading 252.7MB
 c62c3fc0300d Downloading 252.7MB
 c62c3fc0300d Downloading 252.7MB
 c62c3fc0300d Downloading 252.7MB
 c62c3fc0300d Downloading 252.7MB
 c62c3fc0300d Downloading 253.8MB
 c62c3fc0300d Downloading 253.8MB
 c62c3fc0300d Downloading 253.8MB
 c62c3fc0300d Downloading 253.8MB
 c62c3fc0300d Downloading 253.8MB
 c62c3fc0300d Downloading 253.8MB
 c62c3fc0300d Downloading 253.8MB
 c62c3fc0300d Downloading 253.8MB
 c62c3fc0300d Downloading 253.8MB
 c62c3fc0300d Downloading 253.8MB
 c62c3fc0300d Downloading 253.8MB
 c62c3fc0300d Downloading 253.8MB
 c62c3fc0300d Downloading 253.8MB
 c62c3fc0300d Downloading 253.8MB
 c62c3fc0300d Downloading 253.8MB
 c62c3fc0300d Downloading 253.8MB
 c62c3fc0300d Downloading 253.8MB
 c62c3fc0300d Downloading 253.8MB
 c62c3fc0300d Downloading 253.8MB
 c62c3fc0300d Downloading 253.8MB
 c62c3fc0300d Downloading 253.8MB
 c62c3fc0300d Downloading 253.8MB
 c62c3fc0300d Downloading 253.8MB
 c62c3fc0300d Downloading 253.8MB
 c62c3fc0300d Downloading 253.8MB
 c62c3fc0300d Downloading 253.8MB
 c62c3fc0300d Downloading 253.8MB
 c62c3fc0300d Downloading 253.8MB
 c62c3fc0300d Downloading 253.8MB
 c62c3fc0300d Downloading 253.8MB
 c62c3fc0300d Downloading 253.8MB
 c62c3fc0300d Downloading 253.8MB
 c62c3fc0300d Downloading 253.8MB
 c62c3fc0300d Downloading 253.8MB
 c62c3fc0300d Downloading 253.8MB
 c62c3fc0300d Downloading 253.8MB
 c62c3fc0300d Downloading 253.8MB
 c62c3fc0300d Downloading 253.8MB
 c62c3fc0300d Downloading 253.8MB
 c62c3fc0300d Downloading 254.8MB
 c62c3fc0300d Downloading 254.8MB
 c62c3fc0300d Downloading 254.8MB
 c62c3fc0300d Downloading 254.8MB
 c62c3fc0300d Downloading 254.8MB
 c62c3fc0300d Downloading 254.8MB
 c62c3fc0300d Downloading 254.8MB
 c62c3fc0300d Downloading 254.8MB
 c62c3fc0300d Downloading 254.8MB
 c62c3fc0300d Downloading 254.8MB
 c62c3fc0300d Downloading 254.8MB
 c62c3fc0300d Downloading 254.8MB
 c62c3fc0300d Downloading 254.8MB
 c62c3fc0300d Downloading 254.8MB
 c62c3fc0300d Downloading 254.8MB
 c62c3fc0300d Downloading 254.8MB
 c62c3fc0300d Downloading 254.8MB
 c62c3fc0300d Downloading 254.8MB
 c62c3fc0300d Downloading 254.8MB
 c62c3fc0300d Downloading 254.8MB
 c62c3fc0300d Downloading 254.8MB
 c62c3fc0300d Downloading 254.8MB
 c62c3fc0300d Downloading 254.8MB
 c62c3fc0300d Downloading 254.8MB
 c62c3fc0300d Downloading 254.8MB
 c62c3fc0300d Downloading 254.8MB
 c62c3fc0300d Downloading 255.9MB
 c62c3fc0300d Downloading 255.9MB
 c62c3fc0300d Downloading 255.9MB
 c62c3fc0300d Downloading 255.9MB
 c62c3fc0300d Downloading 255.9MB
 c62c3fc0300d Downloading 255.9MB
 c62c3fc0300d Downloading 255.9MB
 c62c3fc0300d Downloading 255.9MB
 c62c3fc0300d Downloading 255.9MB
 c62c3fc0300d Downloading 255.9MB
 c62c3fc0300d Downloading 255.9MB
 c62c3fc0300d Downloading 255.9MB
 c62c3fc0300d Downloading 255.9MB
 c62c3fc0300d Downloading 255.9MB
 c62c3fc0300d Downloading 255.9MB
 c62c3fc0300d Downloading 255.9MB
 c62c3fc0300d Downloading 255.9MB
 c62c3fc0300d Downloading 255.9MB
 c62c3fc0300d Downloading 255.9MB
 c62c3fc0300d Downloading 255.9MB
 c62c3fc0300d Downloading 255.9MB
 c62c3fc0300d Downloading 255.9MB
 c62c3fc0300d Downloading 255.9MB
 c62c3fc0300d Downloading 255.9MB
 c62c3fc0300d Downloading 255.9MB
 c62c3fc0300d Downloading 255.9MB
 c62c3fc0300d Downloading 255.9MB
 c62c3fc0300d Downloading 255.9MB
 c62c3fc0300d Downloading 255.9MB
 c62c3fc0300d Downloading 255.9MB
 c62c3fc0300d Downloading 255.9MB
 c62c3fc0300d Downloading 255.9MB
 c62c3fc0300d Downloading 255.9MB
 c62c3fc0300d Downloading 255.9MB
 c62c3fc0300d Downloading 255.9MB
 c62c3fc0300d Downloading 255.9MB
 c62c3fc0300d Downloading 255.9MB
 c62c3fc0300d Downloading 255.9MB
 c62c3fc0300d Downloading 255.9MB
 c62c3fc0300d Downloading 255.9MB
 c62c3fc0300d Downloading 255.9MB
 c62c3fc0300d Downloading 255.9MB
 c62c3fc0300d Downloading 255.9MB
 c62c3fc0300d Downloading 255.9MB
 c62c3fc0300d Downloading 255.9MB
 c62c3fc0300d Downloading 255.9MB
 c62c3fc0300d Downloading 255.9MB
 c62c3fc0300d Downloading 255.9MB
 c62c3fc0300d Downloading 255.9MB
 c62c3fc0300d Downloading 255.9MB
 c62c3fc0300d Downloading 256.9MB
 c62c3fc0300d Downloading 256.9MB
 c62c3fc0300d Downloading 256.9MB
 c62c3fc0300d Downloading 256.9MB
 c62c3fc0300d Downloading 256.9MB
 c62c3fc0300d Downloading 256.9MB
 c62c3fc0300d Downloading 256.9MB
 c62c3fc0300d Downloading 256.9MB
 c62c3fc0300d Downloading 256.9MB
 c62c3fc0300d Downloading 256.9MB
 c62c3fc0300d Downloading 256.9MB
 c62c3fc0300d Downloading 256.9MB
 c62c3fc0300d Downloading 256.9MB
 c62c3fc0300d Downloading 256.9MB
 c62c3fc0300d Downloading 256.9MB
 c62c3fc0300d Downloading 256.9MB
 c62c3fc0300d Downloading 256.9MB
 c62c3fc0300d Downloading 256.9MB
 c62c3fc0300d Downloading 256.9MB
 c62c3fc0300d Downloading 256.9MB
 c62c3fc0300d Downloading 256.9MB
 c62c3fc0300d Downloading 256.9MB
 c62c3fc0300d Downloading 256.9MB
 c62c3fc0300d Downloading 256.9MB
 c62c3fc0300d Downloading 256.9MB
 c62c3fc0300d Downloading 256.9MB
 c62c3fc0300d Downloading 256.9MB
 c62c3fc0300d Downloading 256.9MB
 c62c3fc0300d Downloading 256.9MB
 c62c3fc0300d Downloading 256.9MB
 c62c3fc0300d Downloading 256.9MB
 c62c3fc0300d Downloading 256.9MB
 c62c3fc0300d Downloading 256.9MB
 c62c3fc0300d Downloading 256.9MB
 c62c3fc0300d Downloading 256.9MB
 c62c3fc0300d Downloading 256.9MB
 c62c3fc0300d Downloading 256.9MB
 c62c3fc0300d Downloading 256.9MB
 c62c3fc0300d Downloading 256.9MB
 c62c3fc0300d Downloading 256.9MB
 c62c3fc0300d Downloading 256.9MB
 c62c3fc0300d Downloading 256.9MB
 c62c3fc0300d Downloading 256.9MB
 c62c3fc0300d Downloading 256.9MB
 c62c3fc0300d Downloading 256.9MB
 c62c3fc0300d Downloading 256.9MB
 c62c3fc0300d Downloading 256.9MB
 c62c3fc0300d Downloading 257.9MB
 c62c3fc0300d Downloading 257.9MB
 c62c3fc0300d Downloading 257.9MB
 c62c3fc0300d Downloading 257.9MB
 c62c3fc0300d Downloading 257.9MB
 c62c3fc0300d Downloading 257.9MB
 c62c3fc0300d Downloading 257.9MB
 c62c3fc0300d Downloading 257.9MB
 c62c3fc0300d Downloading 257.9MB
 c62c3fc0300d Downloading 257.9MB
 c62c3fc0300d Downloading 257.9MB
 c62c3fc0300d Downloading 257.9MB
 c62c3fc0300d Downloading 257.9MB
 c62c3fc0300d Downloading 257.9MB
 c62c3fc0300d Downloading 257.9MB
 c62c3fc0300d Downloading 257.9MB
 c62c3fc0300d Downloading 257.9MB
 c62c3fc0300d Downloading 257.9MB
 c62c3fc0300d Downloading 257.9MB
 c62c3fc0300d Downloading 257.9MB
 c62c3fc0300d Downloading 257.9MB
 c62c3fc0300d Downloading 257.9MB
 c62c3fc0300d Downloading 257.9MB
 c62c3fc0300d Downloading 257.9MB
 c62c3fc0300d Downloading 257.9MB
 c62c3fc0300d Downloading 257.9MB
 c62c3fc0300d Downloading 257.9MB
 c62c3fc0300d Downloading 257.9MB
 c62c3fc0300d Downloading 257.9MB
 c62c3fc0300d Downloading 257.9MB
 c62c3fc0300d Downloading 257.9MB
 c62c3fc0300d Downloading 257.9MB
 c62c3fc0300d Downloading 257.9MB
 c62c3fc0300d Downloading 257.9MB
 c62c3fc0300d Downloading 257.9MB
 c62c3fc0300d Downloading 257.9MB
 c62c3fc0300d Downloading 257.9MB
 c62c3fc0300d Downloading 257.9MB
 c62c3fc0300d Downloading 257.9MB
 c62c3fc0300d Downloading 257.9MB
 c62c3fc0300d Downloading 257.9MB
 c62c3fc0300d Downloading 257.9MB
 c62c3fc0300d Downloading 257.9MB
 c62c3fc0300d Downloading 257.9MB
 c62c3fc0300d Downloading 257.9MB
 c62c3fc0300d Downloading 257.9MB
 c62c3fc0300d Downloading 257.9MB
 c62c3fc0300d Downloading 257.9MB
 c62c3fc0300d Downloading 259MB
 c62c3fc0300d Downloading 259MB
 c62c3fc0300d Downloading 259MB
 c62c3fc0300d Downloading 259MB
 c62c3fc0300d Downloading 259MB
 c62c3fc0300d Downloading 259MB
 c62c3fc0300d Downloading 259MB
 c62c3fc0300d Downloading 259MB
 c62c3fc0300d Downloading 259MB
 c62c3fc0300d Downloading 259MB
 c62c3fc0300d Downloading 259MB
 c62c3fc0300d Downloading 259MB
 c62c3fc0300d Downloading 259MB
 c62c3fc0300d Downloading 259MB
 c62c3fc0300d Downloading 259MB
 c62c3fc0300d Downloading 259MB
 c62c3fc0300d Downloading 259MB
 c62c3fc0300d Downloading 259MB
 c62c3fc0300d Downloading 259MB
 c62c3fc0300d Downloading 259MB
 c62c3fc0300d Downloading 259MB
 c62c3fc0300d Downloading 259MB
 c62c3fc0300d Downloading 259MB
 c62c3fc0300d Downloading 259MB
 c62c3fc0300d Downloading 259MB
 c62c3fc0300d Downloading 260MB
 c62c3fc0300d Downloading 260MB
 c62c3fc0300d Downloading 260MB
 c62c3fc0300d Downloading 260MB
 c62c3fc0300d Downloading 260MB
 c62c3fc0300d Downloading 260MB
 c62c3fc0300d Downloading 260MB
 c62c3fc0300d Downloading 260MB
 c62c3fc0300d Downloading 260MB
 c62c3fc0300d Downloading 260MB
 c62c3fc0300d Downloading 260MB
 c62c3fc0300d Downloading 260MB
 c62c3fc0300d Downloading 260MB
 c62c3fc0300d Downloading 260MB
 c62c3fc0300d Downloading 260MB
 c62c3fc0300d Downloading 260MB
 c62c3fc0300d Downloading 260MB
 c62c3fc0300d Downloading 260MB
 c62c3fc0300d Downloading 260MB
 c62c3fc0300d Downloading 260MB
 c62c3fc0300d Downloading 260MB
 c62c3fc0300d Downloading 260MB
 c62c3fc0300d Downloading 260MB
 c62c3fc0300d Downloading 260MB
 c62c3fc0300d Downloading 260MB
 c62c3fc0300d Downloading 260MB
 c62c3fc0300d Downloading 261.1MB
 c62c3fc0300d Downloading 261.1MB
 c62c3fc0300d Downloading 261.1MB
 c62c3fc0300d Downloading 261.1MB
 c62c3fc0300d Downloading 261.1MB
 c62c3fc0300d Downloading 261.1MB
 c62c3fc0300d Downloading 261.1MB
 c62c3fc0300d Downloading 261.1MB
 c62c3fc0300d Downloading 261.1MB
 c62c3fc0300d Downloading 261.1MB
 c62c3fc0300d Downloading 261.1MB
 c62c3fc0300d Downloading 261.1MB
 c62c3fc0300d Downloading 261.1MB
 c62c3fc0300d Downloading 261.1MB
 c62c3fc0300d Downloading 261.1MB
 c62c3fc0300d Downloading 261.1MB
 c62c3fc0300d Downloading 261.1MB
 c62c3fc0300d Downloading 261.1MB
 c62c3fc0300d Downloading 261.1MB
 c62c3fc0300d Downloading 261.1MB
 c62c3fc0300d Downloading 261.1MB
 c62c3fc0300d Downloading 261.1MB
 c62c3fc0300d Downloading 261.1MB
 c62c3fc0300d Downloading 261.1MB
 c62c3fc0300d Downloading 261.1MB
 c62c3fc0300d Downloading 261.1MB
 c62c3fc0300d Downloading 261.1MB
 c62c3fc0300d Downloading 261.1MB
 c62c3fc0300d Downloading 261.1MB
 c62c3fc0300d Downloading 261.1MB
 c62c3fc0300d Downloading 261.1MB
 c62c3fc0300d Downloading 261.1MB
 c62c3fc0300d Downloading 262.1MB
 c62c3fc0300d Downloading 262.1MB
 c62c3fc0300d Downloading 262.1MB
 c62c3fc0300d Downloading 262.1MB
 c62c3fc0300d Downloading 262.1MB
 c62c3fc0300d Downloading 262.1MB
 c62c3fc0300d Downloading 262.1MB
 c62c3fc0300d Downloading 262.1MB
 c62c3fc0300d Downloading 262.1MB
 c62c3fc0300d Downloading 262.1MB
 c62c3fc0300d Downloading 262.1MB
 c62c3fc0300d Downloading 262.1MB
 c62c3fc0300d Downloading 262.1MB
 c62c3fc0300d Downloading 262.1MB
 c62c3fc0300d Downloading 262.1MB
 c62c3fc0300d Downloading 262.1MB
 c62c3fc0300d Downloading 262.1MB
 c62c3fc0300d Downloading 262.1MB
 c62c3fc0300d Downloading 262.1MB
 c62c3fc0300d Downloading 262.1MB
 c62c3fc0300d Downloading 262.1MB
 c62c3fc0300d Downloading 262.1MB
 c62c3fc0300d Downloading 262.1MB
 c62c3fc0300d Downloading 262.1MB
 c62c3fc0300d Downloading 262.1MB
 c62c3fc0300d Downloading 262.1MB
 c62c3fc0300d Downloading 262.1MB
 c62c3fc0300d Downloading 262.1MB
 c62c3fc0300d Downloading 262.1MB
 c62c3fc0300d Downloading 262.1MB
 c62c3fc0300d Downloading 262.1MB
 c62c3fc0300d Downloading 262.1MB
 c62c3fc0300d Downloading 262.1MB
 c62c3fc0300d Downloading 262.1MB
 c62c3fc0300d Downloading 262.1MB
 c62c3fc0300d Downloading 262.1MB
 c62c3fc0300d Downloading 262.1MB
 c62c3fc0300d Downloading 262.1MB
 c62c3fc0300d Downloading 262.1MB
 c62c3fc0300d Downloading 262.1MB
 c62c3fc0300d Downloading 262.1MB
 c62c3fc0300d Downloading 262.1MB
 c62c3fc0300d Downloading 263.2MB
 c62c3fc0300d Downloading 263.2MB
 c62c3fc0300d Downloading 263.2MB
 c62c3fc0300d Downloading 263.2MB
 c62c3fc0300d Downloading 263.2MB
 c62c3fc0300d Downloading 263.2MB
 c62c3fc0300d Downloading 263.2MB
 c62c3fc0300d Downloading 263.2MB
 c62c3fc0300d Downloading 263.2MB
 c62c3fc0300d Downloading 263.2MB
 c62c3fc0300d Downloading 263.2MB
 c62c3fc0300d Downloading 263.2MB
 c62c3fc0300d Downloading 263.2MB
 c62c3fc0300d Downloading 263.2MB
 c62c3fc0300d Downloading 263.2MB
 c62c3fc0300d Downloading 263.2MB
 c62c3fc0300d Downloading 263.2MB
 c62c3fc0300d Downloading 263.2MB
 c62c3fc0300d Downloading 263.2MB
 c62c3fc0300d Downloading 263.2MB
 c62c3fc0300d Downloading 263.2MB
 c62c3fc0300d Downloading 263.2MB
 c62c3fc0300d Downloading 263.2MB
 c62c3fc0300d Downloading 263.2MB
 c62c3fc0300d Downloading 263.2MB
 c62c3fc0300d Downloading 263.2MB
 c62c3fc0300d Downloading 263.2MB
 c62c3fc0300d Downloading 263.2MB
 c62c3fc0300d Downloading 263.2MB
 c62c3fc0300d Downloading 263.2MB
 c62c3fc0300d Downloading 263.2MB
 c62c3fc0300d Downloading 263.2MB
 c62c3fc0300d Downloading 263.2MB
 c62c3fc0300d Downloading 263.2MB
 c62c3fc0300d Downloading 263.2MB
 c62c3fc0300d Downloading 263.2MB
 c62c3fc0300d Downloading 263.2MB
 c62c3fc0300d Downloading 264.2MB
 c62c3fc0300d Downloading 264.2MB
 c62c3fc0300d Downloading 264.2MB
 c62c3fc0300d Downloading 264.2MB
 c62c3fc0300d Downloading 264.2MB
 c62c3fc0300d Downloading 264.2MB
 c62c3fc0300d Downloading 264.2MB
 c62c3fc0300d Downloading 264.2MB
 c62c3fc0300d Downloading 264.2MB
 c62c3fc0300d Downloading 264.2MB
 c62c3fc0300d Downloading 264.2MB
 c62c3fc0300d Downloading 264.2MB
 c62c3fc0300d Downloading 264.2MB
 c62c3fc0300d Downloading 264.2MB
 c62c3fc0300d Downloading 264.2MB
 c62c3fc0300d Downloading 264.2MB
 c62c3fc0300d Downloading 264.2MB
 c62c3fc0300d Downloading 264.2MB
 c62c3fc0300d Downloading 264.2MB
 c62c3fc0300d Downloading 264.2MB
 c62c3fc0300d Downloading 264.2MB
 c62c3fc0300d Downloading 265.3MB
 c62c3fc0300d Downloading 265.3MB
 c62c3fc0300d Downloading 265.3MB
 c62c3fc0300d Downloading 265.3MB
 c62c3fc0300d Downloading 265.3MB
 c62c3fc0300d Downloading 265.3MB
 c62c3fc0300d Downloading 265.3MB
 c62c3fc0300d Downloading 265.3MB
 c62c3fc0300d Downloading 265.3MB
 c62c3fc0300d Downloading 265.3MB
 c62c3fc0300d Downloading 265.3MB
 c62c3fc0300d Downloading 265.3MB
 c62c3fc0300d Downloading 265.3MB
 c62c3fc0300d Downloading 265.3MB
 c62c3fc0300d Downloading 265.3MB
 c62c3fc0300d Downloading 265.3MB
 c62c3fc0300d Downloading 265.3MB
 c62c3fc0300d Downloading 265.3MB
 c62c3fc0300d Downloading 265.3MB
 c62c3fc0300d Downloading 265.3MB
 c62c3fc0300d Downloading 265.3MB
 c62c3fc0300d Downloading 265.3MB
 c62c3fc0300d Downloading 265.3MB
 c62c3fc0300d Downloading 265.3MB
 c62c3fc0300d Downloading 265.3MB
 c62c3fc0300d Downloading 265.3MB
 c62c3fc0300d Downloading 265.3MB
 c62c3fc0300d Downloading 265.3MB
 c62c3fc0300d Downloading 265.3MB
 c62c3fc0300d Downloading 265.3MB
 c62c3fc0300d Downloading 265.3MB
 c62c3fc0300d Downloading 265.3MB
 c62c3fc0300d Downloading 265.3MB
 c62c3fc0300d Downloading 265.3MB
 c62c3fc0300d Downloading 265.3MB
 c62c3fc0300d Downloading 265.3MB
 c62c3fc0300d Downloading 265.3MB
 c62c3fc0300d Downloading 265.3MB
 c62c3fc0300d Downloading 265.3MB
 c62c3fc0300d Downloading 265.3MB
 c62c3fc0300d Downloading 265.3MB
 c62c3fc0300d Downloading 266.3MB
 c62c3fc0300d Downloading 266.3MB
 c62c3fc0300d Downloading 266.3MB
 c62c3fc0300d Downloading 266.3MB
 c62c3fc0300d Downloading 266.3MB
 c62c3fc0300d Downloading 266.3MB
 c62c3fc0300d Downloading 266.3MB
 c62c3fc0300d Downloading 266.3MB
 c62c3fc0300d Downloading 266.3MB
 c62c3fc0300d Downloading 266.3MB
 c62c3fc0300d Downloading 266.3MB
 c62c3fc0300d Downloading 266.3MB
 c62c3fc0300d Downloading 266.3MB
 c62c3fc0300d Downloading 266.3MB
 c62c3fc0300d Downloading 266.3MB
 c62c3fc0300d Downloading 266.3MB
 c62c3fc0300d Downloading 266.3MB
 c62c3fc0300d Downloading 266.3MB
 c62c3fc0300d Downloading 266.3MB
 c62c3fc0300d Downloading 266.3MB
 c62c3fc0300d Downloading 266.3MB
 c62c3fc0300d Downloading 266.3MB
 c62c3fc0300d Downloading 266.3MB
 c62c3fc0300d Downloading 266.3MB
 c62c3fc0300d Downloading 266.3MB
 c62c3fc0300d Downloading 266.3MB
 c62c3fc0300d Downloading 266.3MB
 c62c3fc0300d Downloading 266.3MB
 c62c3fc0300d Downloading 266.3MB
 c62c3fc0300d Downloading 266.3MB
 c62c3fc0300d Downloading 266.3MB
 c62c3fc0300d Downloading 266.3MB
 c62c3fc0300d Downloading 266.3MB
 c62c3fc0300d Downloading 266.3MB
 c62c3fc0300d Downloading 266.3MB
 c62c3fc0300d Downloading 266.3MB
 c62c3fc0300d Downloading 266.3MB
 c62c3fc0300d Downloading 266.3MB
 c62c3fc0300d Downloading 266.3MB
 c62c3fc0300d Downloading 266.3MB
 c62c3fc0300d Downloading 266.3MB
 c62c3fc0300d Downloading 266.3MB
 c62c3fc0300d Downloading 266.3MB
 c62c3fc0300d Downloading 266.3MB
 c62c3fc0300d Downloading 266.3MB
 c62c3fc0300d Downloading 266.3MB
 c62c3fc0300d Downloading 266.3MB
 c62c3fc0300d Downloading 266.3MB
 c62c3fc0300d Downloading 266.3MB
 c62c3fc0300d Downloading 266.3MB
 c62c3fc0300d Downloading 266.3MB
 c62c3fc0300d Downloading 266.3MB
 c62c3fc0300d Downloading 266.3MB
 c62c3fc0300d Downloading 266.3MB
 c62c3fc0300d Downloading 267.4MB
 c62c3fc0300d Downloading 267.4MB
 c62c3fc0300d Downloading 267.4MB
 c62c3fc0300d Downloading 267.4MB
 c62c3fc0300d Downloading 267.4MB
 c62c3fc0300d Downloading 267.4MB
 c62c3fc0300d Downloading 267.4MB
 c62c3fc0300d Downloading 267.4MB
 c62c3fc0300d Downloading 267.4MB
 c62c3fc0300d Downloading 267.4MB
 c62c3fc0300d Downloading 267.4MB
 c62c3fc0300d Downloading 267.4MB
 c62c3fc0300d Downloading 267.4MB
 c62c3fc0300d Downloading 267.4MB
 c62c3fc0300d Downloading 267.4MB
 c62c3fc0300d Downloading 267.4MB
 c62c3fc0300d Downloading 267.4MB
 c62c3fc0300d Downloading 267.4MB
 c62c3fc0300d Downloading 267.4MB
 c62c3fc0300d Downloading 267.4MB
 c62c3fc0300d Downloading 267.4MB
 c62c3fc0300d Downloading 267.4MB
 c62c3fc0300d Downloading 267.4MB
 c62c3fc0300d Downloading 267.4MB
 c62c3fc0300d Downloading 267.4MB
 c62c3fc0300d Downloading 267.4MB
 c62c3fc0300d Downloading 267.4MB
 c62c3fc0300d Downloading 267.4MB
 c62c3fc0300d Downloading 267.4MB
 c62c3fc0300d Downloading 267.4MB
 c62c3fc0300d Downloading 267.4MB
 c62c3fc0300d Downloading 267.4MB
 c62c3fc0300d Downloading 267.4MB
 c62c3fc0300d Downloading 267.4MB
 c62c3fc0300d Downloading 267.4MB
 c62c3fc0300d Downloading 267.4MB
 c62c3fc0300d Downloading 267.4MB
 c62c3fc0300d Downloading 267.4MB
 c62c3fc0300d Downloading 267.4MB
 c62c3fc0300d Downloading 267.4MB
 c62c3fc0300d Downloading 267.4MB
 c62c3fc0300d Downloading 267.4MB
 c62c3fc0300d Downloading 267.4MB
 c62c3fc0300d Downloading 267.4MB
 c62c3fc0300d Downloading 267.4MB
 c62c3fc0300d Downloading 267.4MB
 c62c3fc0300d Downloading 268.4MB
 c62c3fc0300d Downloading 268.4MB
 c62c3fc0300d Downloading 268.4MB
 c62c3fc0300d Downloading 268.4MB
 c62c3fc0300d Downloading 268.4MB
 c62c3fc0300d Downloading 268.4MB
 c62c3fc0300d Downloading 268.4MB
 c62c3fc0300d Downloading 268.4MB
 c62c3fc0300d Downloading 268.4MB
 c62c3fc0300d Downloading 268.4MB
 c62c3fc0300d Downloading 268.4MB
 c62c3fc0300d Downloading 268.4MB
 c62c3fc0300d Downloading 268.4MB
 c62c3fc0300d Downloading 268.4MB
 c62c3fc0300d Downloading 269.5MB
 c62c3fc0300d Downloading 269.5MB
 c62c3fc0300d Downloading 269.5MB
 c62c3fc0300d Downloading 269.5MB
 c62c3fc0300d Downloading 269.5MB
 c62c3fc0300d Downloading 269.5MB
 c62c3fc0300d Downloading 269.5MB
 c62c3fc0300d Downloading 269.5MB
 c62c3fc0300d Downloading 269.5MB
 c62c3fc0300d Downloading 269.5MB
 c62c3fc0300d Downloading 269.5MB
 c62c3fc0300d Downloading 269.5MB
 c62c3fc0300d Downloading 269.5MB
 c62c3fc0300d Downloading 269.5MB
 c62c3fc0300d Downloading 269.5MB
 c62c3fc0300d Downloading 269.5MB
 c62c3fc0300d Downloading 269.5MB
 c62c3fc0300d Downloading 269.5MB
 c62c3fc0300d Downloading 269.5MB
 c62c3fc0300d Downloading 269.5MB
 c62c3fc0300d Downloading 269.5MB
 c62c3fc0300d Downloading 269.5MB
 c62c3fc0300d Downloading 269.5MB
 c62c3fc0300d Downloading 269.5MB
 c62c3fc0300d Downloading 269.5MB
 c62c3fc0300d Downloading 270.5MB
 c62c3fc0300d Downloading 270.5MB
 c62c3fc0300d Downloading 270.5MB
 c62c3fc0300d Downloading 270.5MB
 c62c3fc0300d Downloading 270.5MB
 c62c3fc0300d Downloading 270.5MB
 c62c3fc0300d Downloading 270.5MB
 c62c3fc0300d Downloading 270.5MB
 c62c3fc0300d Downloading 270.5MB
 c62c3fc0300d Downloading 270.5MB
 c62c3fc0300d Downloading 270.5MB
 c62c3fc0300d Downloading 270.5MB
 c62c3fc0300d Downloading 270.5MB
 c62c3fc0300d Downloading 270.5MB
 c62c3fc0300d Downloading 270.5MB
 c62c3fc0300d Downloading 270.5MB
 c62c3fc0300d Downloading 270.5MB
 c62c3fc0300d Downloading 270.5MB
 c62c3fc0300d Downloading 270.5MB
 c62c3fc0300d Downloading 270.5MB
 c62c3fc0300d Downloading 270.5MB
 c62c3fc0300d Downloading 270.5MB
 c62c3fc0300d Downloading 270.5MB
 c62c3fc0300d Downloading 270.5MB
 c62c3fc0300d Downloading 270.5MB
 c62c3fc0300d Downloading 270.5MB
 c62c3fc0300d Downloading 270.5MB
 c62c3fc0300d Downloading 270.5MB
 c62c3fc0300d Downloading 270.5MB
 c62c3fc0300d Downloading 270.5MB
 c62c3fc0300d Downloading 270.5MB
 c62c3fc0300d Downloading 270.5MB
 c62c3fc0300d Downloading 270.5MB
 c62c3fc0300d Downloading 270.5MB
 c62c3fc0300d Downloading 270.5MB
 c62c3fc0300d Downloading 270.5MB
 c62c3fc0300d Downloading 270.5MB
 c62c3fc0300d Downloading 270.5MB
 c62c3fc0300d Downloading 270.5MB
 c62c3fc0300d Downloading 270.5MB
 c62c3fc0300d Downloading 270.5MB
 c62c3fc0300d Downloading 270.5MB
 c62c3fc0300d Downloading 270.5MB
 c62c3fc0300d Downloading 270.5MB
 c62c3fc0300d Downloading 270.5MB
 c62c3fc0300d Downloading 270.5MB
 c62c3fc0300d Downloading 270.5MB
 c62c3fc0300d Downloading 270.5MB
 c62c3fc0300d Downloading 270.5MB
 c62c3fc0300d Downloading 270.5MB
 c62c3fc0300d Downloading 270.5MB
 c62c3fc0300d Downloading 270.5MB
 c62c3fc0300d Downloading 270.5MB
 c62c3fc0300d Downloading 270.5MB
 c62c3fc0300d Downloading 270.5MB
 c62c3fc0300d Downloading 270.5MB
 c62c3fc0300d Downloading 270.5MB
 c62c3fc0300d Downloading 270.5MB
 c62c3fc0300d Downloading 270.5MB
 c62c3fc0300d Downloading 271.6MB
 c62c3fc0300d Downloading 271.6MB
 c62c3fc0300d Downloading 271.6MB
 c62c3fc0300d Downloading 271.6MB
 c62c3fc0300d Downloading 271.6MB
 c62c3fc0300d Downloading 271.6MB
 c62c3fc0300d Downloading 271.6MB
 c62c3fc0300d Downloading 271.6MB
 c62c3fc0300d Downloading 271.6MB
 c62c3fc0300d Downloading 271.6MB
 c62c3fc0300d Downloading 271.6MB
 c62c3fc0300d Downloading 271.6MB
 c62c3fc0300d Downloading 271.6MB
 c62c3fc0300d Downloading 271.6MB
 c62c3fc0300d Downloading 271.6MB
 c62c3fc0300d Downloading 271.6MB
 c62c3fc0300d Downloading 271.6MB
 c62c3fc0300d Downloading 271.6MB
 c62c3fc0300d Downloading 271.6MB
 c62c3fc0300d Downloading 271.6MB
 c62c3fc0300d Downloading 271.6MB
 c62c3fc0300d Downloading 271.6MB
 c62c3fc0300d Downloading 271.6MB
 c62c3fc0300d Downloading 271.6MB
 c62c3fc0300d Downloading 271.6MB
 c62c3fc0300d Downloading 271.6MB
 c62c3fc0300d Downloading 271.6MB
 c62c3fc0300d Downloading 271.6MB
 c62c3fc0300d Downloading 271.6MB
 c62c3fc0300d Downloading 271.6MB
 c62c3fc0300d Downloading 271.6MB
 c62c3fc0300d Downloading 271.6MB
 c62c3fc0300d Downloading 271.6MB
 c62c3fc0300d Downloading 271.6MB
 c62c3fc0300d Downloading 271.6MB
 c62c3fc0300d Downloading 271.6MB
 c62c3fc0300d Downloading 271.6MB
 c62c3fc0300d Downloading 271.6MB
 c62c3fc0300d Downloading 271.6MB
 c62c3fc0300d Downloading 271.6MB
 c62c3fc0300d Downloading 271.6MB
 c62c3fc0300d Downloading 271.6MB
 c62c3fc0300d Downloading 271.6MB
 c62c3fc0300d Downloading 271.6MB
 c62c3fc0300d Downloading 271.6MB
 c62c3fc0300d Downloading 271.6MB
 c62c3fc0300d Downloading 271.6MB
 c62c3fc0300d Downloading 271.6MB
 c62c3fc0300d Downloading 271.6MB
 c62c3fc0300d Downloading 271.6MB
 c62c3fc0300d Downloading 271.6MB
 c62c3fc0300d Downloading 271.6MB
 c62c3fc0300d Downloading 271.6MB
 c62c3fc0300d Downloading 271.6MB
 c62c3fc0300d Downloading 271.6MB
 c62c3fc0300d Downloading 271.6MB
 c62c3fc0300d Downloading 271.6MB
 c62c3fc0300d Downloading 271.6MB
 c62c3fc0300d Downloading 271.6MB
 c62c3fc0300d Downloading 271.6MB
 c62c3fc0300d Downloading 272.6MB
 c62c3fc0300d Downloading 272.6MB
 c62c3fc0300d Downloading 272.6MB
 c62c3fc0300d Downloading 272.6MB
 c62c3fc0300d Downloading 272.6MB
 c62c3fc0300d Downloading 272.6MB
 c62c3fc0300d Downloading 272.6MB
 c62c3fc0300d Downloading 272.6MB
 c62c3fc0300d Downloading 272.6MB
 c62c3fc0300d Downloading 272.6MB
 c62c3fc0300d Downloading 272.6MB
 c62c3fc0300d Downloading 272.6MB
 c62c3fc0300d Downloading 272.6MB
 c62c3fc0300d Downloading 272.6MB
 c62c3fc0300d Downloading 272.6MB
 c62c3fc0300d Downloading 272.6MB
 c62c3fc0300d Downloading 272.6MB
 c62c3fc0300d Downloading 272.6MB
 c62c3fc0300d Downloading 272.6MB
 c62c3fc0300d Downloading 272.6MB
 c62c3fc0300d Downloading 272.6MB
 c62c3fc0300d Downloading 272.6MB
 c62c3fc0300d Downloading 272.6MB
 c62c3fc0300d Downloading 272.6MB
 c62c3fc0300d Downloading 272.6MB
 c62c3fc0300d Downloading 272.6MB
 c62c3fc0300d Downloading 272.6MB
 c62c3fc0300d Downloading 272.6MB
 c62c3fc0300d Downloading 272.6MB
 c62c3fc0300d Downloading 272.6MB
 c62c3fc0300d Downloading 272.6MB
 c62c3fc0300d Downloading 273.7MB
 c62c3fc0300d Downloading 273.7MB
 c62c3fc0300d Downloading 273.7MB
 c62c3fc0300d Downloading 273.7MB
 c62c3fc0300d Downloading 273.7MB
 c62c3fc0300d Downloading 273.7MB
 c62c3fc0300d Downloading 273.7MB
 c62c3fc0300d Downloading 273.7MB
 c62c3fc0300d Downloading 273.7MB
 c62c3fc0300d Downloading 273.7MB
 c62c3fc0300d Downloading 273.7MB
 c62c3fc0300d Downloading 273.7MB
 c62c3fc0300d Downloading 273.7MB
 c62c3fc0300d Downloading 273.7MB
 c62c3fc0300d Downloading 273.7MB
 c62c3fc0300d Downloading 273.7MB
 c62c3fc0300d Downloading 273.7MB
 c62c3fc0300d Downloading 273.7MB
 c62c3fc0300d Downloading 273.7MB
 c62c3fc0300d Downloading 273.7MB
 c62c3fc0300d Downloading 273.7MB
 c62c3fc0300d Downloading 273.7MB
 c62c3fc0300d Downloading 273.7MB
 c62c3fc0300d Downloading 273.7MB
 c62c3fc0300d Downloading 273.7MB
 c62c3fc0300d Downloading 273.7MB
 c62c3fc0300d Downloading 273.7MB
 c62c3fc0300d Downloading 273.7MB
 c62c3fc0300d Downloading 273.7MB
 c62c3fc0300d Downloading 273.7MB
 c62c3fc0300d Downloading 273.7MB
 c62c3fc0300d Downloading 273.7MB
 c62c3fc0300d Downloading 273.7MB
 c62c3fc0300d Downloading 273.7MB
 c62c3fc0300d Downloading 273.7MB
 c62c3fc0300d Downloading 273.7MB
 c62c3fc0300d Downloading 273.7MB
 c62c3fc0300d Downloading 273.7MB
 c62c3fc0300d Downloading 273.7MB
 c62c3fc0300d Downloading 273.7MB
 c62c3fc0300d Downloading 273.7MB
 c62c3fc0300d Downloading 273.7MB
 c62c3fc0300d Downloading 273.7MB
 c62c3fc0300d Downloading 273.7MB
 c62c3fc0300d Downloading 273.7MB
 c62c3fc0300d Downloading 273.7MB
 c62c3fc0300d Downloading 273.7MB
 c62c3fc0300d Downloading 273.7MB
 c62c3fc0300d Downloading 273.7MB
 c62c3fc0300d Downloading 273.7MB
 c62c3fc0300d Downloading 273.7MB
 c62c3fc0300d Downloading 273.7MB
 c62c3fc0300d Downloading 273.7MB
 c62c3fc0300d Downloading 273.7MB
 c62c3fc0300d Downloading 273.7MB
 c62c3fc0300d Downloading 273.7MB
 c62c3fc0300d Downloading 273.7MB
 c62c3fc0300d Downloading 273.7MB
 c62c3fc0300d Downloading 273.7MB
 c62c3fc0300d Downloading 273.7MB
 c62c3fc0300d Downloading 273.7MB
 c62c3fc0300d Downloading 273.7MB
 c62c3fc0300d Downloading 273.7MB
 c62c3fc0300d Downloading 274.7MB
 c62c3fc0300d Downloading 274.7MB
 c62c3fc0300d Downloading 274.7MB
 c62c3fc0300d Downloading 274.7MB
 c62c3fc0300d Downloading 274.7MB
 c62c3fc0300d Downloading 274.7MB
 c62c3fc0300d Downloading 274.7MB
 c62c3fc0300d Downloading 274.7MB
 c62c3fc0300d Downloading 274.7MB
 c62c3fc0300d Downloading 274.7MB
 c62c3fc0300d Downloading 274.7MB
 c62c3fc0300d Downloading 274.7MB
 c62c3fc0300d Downloading 274.7MB
 c62c3fc0300d Downloading 274.7MB
 c62c3fc0300d Downloading 274.7MB
 c62c3fc0300d Downloading 274.7MB
 c62c3fc0300d Downloading 274.7MB
 c62c3fc0300d Downloading 274.7MB
 c62c3fc0300d Downloading 274.7MB
 c62c3fc0300d Downloading 274.7MB
 c62c3fc0300d Downloading 274.7MB
 c62c3fc0300d Downloading 274.7MB
 c62c3fc0300d Downloading 274.7MB
 c62c3fc0300d Downloading 274.7MB
 c62c3fc0300d Downloading 274.7MB
 c62c3fc0300d Downloading 274.7MB
 c62c3fc0300d Downloading 274.7MB
 c62c3fc0300d Downloading 274.7MB
 c62c3fc0300d Downloading 274.7MB
 c62c3fc0300d Downloading 274.7MB
 c62c3fc0300d Downloading 274.7MB
 c62c3fc0300d Downloading 274.7MB
 c62c3fc0300d Downloading 274.7MB
 c62c3fc0300d Downloading 274.7MB
 c62c3fc0300d Downloading 274.7MB
 c62c3fc0300d Downloading 274.7MB
 c62c3fc0300d Downloading 274.7MB
 c62c3fc0300d Downloading 274.7MB
 c62c3fc0300d Downloading 274.7MB
 c62c3fc0300d Downloading 274.7MB
 c62c3fc0300d Downloading 274.7MB
 c62c3fc0300d Downloading 274.7MB
 c62c3fc0300d Downloading 274.7MB
 c62c3fc0300d Downloading 274.7MB
 c62c3fc0300d Downloading 274.7MB
 c62c3fc0300d Downloading 274.7MB
 c62c3fc0300d Downloading 274.7MB
 c62c3fc0300d Downloading 274.7MB
 c62c3fc0300d Downloading 274.7MB
 c62c3fc0300d Downloading 274.7MB
 c62c3fc0300d Downloading 274.7MB
 c62c3fc0300d Downloading 274.7MB
 c62c3fc0300d Downloading 274.7MB
 c62c3fc0300d Downloading 274.7MB
 c62c3fc0300d Downloading 274.7MB
 c62c3fc0300d Downloading 274.7MB
 c62c3fc0300d Downloading 274.7MB
 c62c3fc0300d Downloading 275.8MB
 c62c3fc0300d Downloading 275.8MB
 c62c3fc0300d Downloading 275.8MB
 c62c3fc0300d Downloading 275.8MB
 c62c3fc0300d Downloading 275.8MB
 c62c3fc0300d Downloading 275.8MB
 c62c3fc0300d Downloading 275.8MB
 c62c3fc0300d Downloading 275.8MB
 c62c3fc0300d Downloading 275.8MB
 c62c3fc0300d Downloading 275.8MB
 c62c3fc0300d Downloading 275.8MB
 c62c3fc0300d Downloading 275.8MB
 c62c3fc0300d Downloading 275.8MB
 c62c3fc0300d Downloading 275.8MB
 c62c3fc0300d Downloading 275.8MB
 c62c3fc0300d Downloading 275.8MB
 c62c3fc0300d Downloading 275.8MB
 c62c3fc0300d Downloading 275.8MB
 c62c3fc0300d Downloading 275.8MB
 c62c3fc0300d Downloading 275.8MB
 c62c3fc0300d Downloading 275.8MB
 c62c3fc0300d Downloading 275.8MB
 c62c3fc0300d Downloading 275.8MB
 c62c3fc0300d Downloading 275.8MB
 c62c3fc0300d Downloading 275.8MB
 c62c3fc0300d Downloading 275.8MB
 c62c3fc0300d Downloading 275.8MB
 c62c3fc0300d Downloading 275.8MB
 c62c3fc0300d Downloading 275.8MB
 c62c3fc0300d Downloading 275.8MB
 c62c3fc0300d Downloading 275.8MB
 c62c3fc0300d Downloading 275.8MB
 c62c3fc0300d Downloading 275.8MB
 c62c3fc0300d Downloading 275.8MB
 c62c3fc0300d Downloading 275.8MB
 c62c3fc0300d Downloading 275.8MB
 c62c3fc0300d Downloading 275.8MB
 c62c3fc0300d Downloading 275.8MB
 c62c3fc0300d Downloading 275.8MB
 c62c3fc0300d Downloading 275.8MB
 c62c3fc0300d Downloading 275.8MB
 c62c3fc0300d Downloading 275.8MB
 c62c3fc0300d Downloading 275.8MB
 c62c3fc0300d Downloading 275.8MB
 c62c3fc0300d Downloading 276.8MB
 c62c3fc0300d Downloading 276.8MB
 c62c3fc0300d Downloading 276.8MB
 c62c3fc0300d Downloading 276.8MB
 c62c3fc0300d Downloading 276.8MB
 c62c3fc0300d Downloading 276.8MB
 c62c3fc0300d Downloading 276.8MB
 c62c3fc0300d Downloading 276.8MB
 c62c3fc0300d Downloading 276.8MB
 c62c3fc0300d Downloading 276.8MB
 c62c3fc0300d Downloading 276.8MB
 c62c3fc0300d Downloading 276.8MB
 c62c3fc0300d Downloading 276.8MB
 c62c3fc0300d Downloading 276.8MB
 c62c3fc0300d Downloading 276.8MB
 c62c3fc0300d Downloading 276.8MB
 c62c3fc0300d Downloading 276.8MB
 c62c3fc0300d Downloading 276.8MB
 c62c3fc0300d Downloading 276.8MB
 c62c3fc0300d Downloading 276.8MB
 c62c3fc0300d Downloading 276.8MB
 c62c3fc0300d Downloading 276.8MB
 c62c3fc0300d Downloading 276.8MB
 c62c3fc0300d Downloading 276.8MB
 c62c3fc0300d Downloading 276.8MB
 c62c3fc0300d Downloading 276.8MB
 c62c3fc0300d Downloading 276.8MB
 c62c3fc0300d Downloading 276.8MB
 c62c3fc0300d Downloading 276.8MB
 c62c3fc0300d Downloading 276.8MB
 c62c3fc0300d Downloading 276.8MB
 c62c3fc0300d Downloading 276.8MB
 c62c3fc0300d Downloading 276.8MB
 c62c3fc0300d Downloading 276.8MB
 c62c3fc0300d Downloading 276.8MB
 c62c3fc0300d Downloading 276.8MB
 c62c3fc0300d Downloading 276.8MB
 c62c3fc0300d Downloading 276.8MB
 c62c3fc0300d Downloading 276.8MB
 c62c3fc0300d Downloading 276.8MB
 c62c3fc0300d Downloading 276.8MB
 c62c3fc0300d Downloading 276.8MB
 c62c3fc0300d Downloading 276.8MB
 c62c3fc0300d Downloading 276.8MB
 c62c3fc0300d Downloading 276.8MB
 c62c3fc0300d Downloading 276.8MB
 c62c3fc0300d Downloading 276.8MB
 c62c3fc0300d Downloading 276.8MB
 c62c3fc0300d Downloading 277.9MB
 c62c3fc0300d Downloading 277.9MB
 c62c3fc0300d Downloading 277.9MB
 c62c3fc0300d Downloading 277.9MB
 c62c3fc0300d Downloading 277.9MB
 c62c3fc0300d Downloading 277.9MB
 c62c3fc0300d Downloading 277.9MB
 c62c3fc0300d Downloading 277.9MB
 c62c3fc0300d Downloading 277.9MB
 c62c3fc0300d Downloading 277.9MB
 c62c3fc0300d Downloading 277.9MB
 c62c3fc0300d Downloading 277.9MB
 c62c3fc0300d Downloading 277.9MB
 c62c3fc0300d Downloading 277.9MB
 c62c3fc0300d Downloading 277.9MB
 c62c3fc0300d Downloading 277.9MB
 c62c3fc0300d Downloading 277.9MB
 c62c3fc0300d Downloading 277.9MB
 c62c3fc0300d Downloading 277.9MB
 c62c3fc0300d Downloading 277.9MB
 c62c3fc0300d Downloading 277.9MB
 c62c3fc0300d Downloading 277.9MB
 c62c3fc0300d Downloading 277.9MB
 c62c3fc0300d Downloading 277.9MB
 c62c3fc0300d Downloading 277.9MB
 c62c3fc0300d Downloading 277.9MB
 c62c3fc0300d Downloading 277.9MB
 c62c3fc0300d Downloading 277.9MB
 c62c3fc0300d Downloading 277.9MB
 c62c3fc0300d Downloading 277.9MB
 c62c3fc0300d Downloading 277.9MB
 c62c3fc0300d Downloading 277.9MB
 c62c3fc0300d Downloading 277.9MB
 c62c3fc0300d Downloading 277.9MB
 c62c3fc0300d Downloading 277.9MB
 c62c3fc0300d Downloading 277.9MB
 c62c3fc0300d Downloading 277.9MB
 c62c3fc0300d Downloading 277.9MB
 c62c3fc0300d Downloading 277.9MB
 c62c3fc0300d Downloading 278.9MB
 c62c3fc0300d Downloading 278.9MB
 c62c3fc0300d Downloading 278.9MB
 c62c3fc0300d Downloading 278.9MB
 c62c3fc0300d Downloading 278.9MB
 c62c3fc0300d Downloading 278.9MB
 c62c3fc0300d Downloading 278.9MB
 c62c3fc0300d Downloading 278.9MB
 c62c3fc0300d Downloading 278.9MB
 c62c3fc0300d Downloading 278.9MB
 c62c3fc0300d Downloading 278.9MB
 c62c3fc0300d Downloading 278.9MB
 c62c3fc0300d Downloading 278.9MB
 c62c3fc0300d Downloading 278.9MB
 c62c3fc0300d Downloading 278.9MB
 c62c3fc0300d Downloading 278.9MB
 c62c3fc0300d Downloading 278.9MB
 c62c3fc0300d Downloading 278.9MB
 c62c3fc0300d Downloading 280MB
 c62c3fc0300d Downloading 280MB
 c62c3fc0300d Downloading 280MB
 c62c3fc0300d Downloading 280MB
 c62c3fc0300d Downloading 280MB
 c62c3fc0300d Downloading 280MB
 c62c3fc0300d Downloading 280MB
 c62c3fc0300d Downloading 280MB
 c62c3fc0300d Downloading 280MB
 c62c3fc0300d Downloading 280MB
 c62c3fc0300d Downloading 280MB
 c62c3fc0300d Downloading 280MB
 c62c3fc0300d Downloading 280MB
 c62c3fc0300d Downloading 280MB
 c62c3fc0300d Downloading 280MB
 c62c3fc0300d Downloading 280MB
 c62c3fc0300d Downloading 280MB
 c62c3fc0300d Downloading 280MB
 c62c3fc0300d Downloading 280MB
 c62c3fc0300d Downloading 280MB
 c62c3fc0300d Downloading 280MB
 c62c3fc0300d Downloading 280MB
 c62c3fc0300d Downloading 280MB
 c62c3fc0300d Downloading 280MB
 c62c3fc0300d Downloading 280MB
 c62c3fc0300d Downloading 280MB
 c62c3fc0300d Downloading 280MB
 c62c3fc0300d Downloading 280MB
 c62c3fc0300d Downloading 280MB
 c62c3fc0300d Downloading 280MB
 c62c3fc0300d Downloading 280MB
 c62c3fc0300d Downloading 280MB
 c62c3fc0300d Downloading 280MB
 c62c3fc0300d Downloading 280MB
 c62c3fc0300d Downloading 280MB
 c62c3fc0300d Downloading 280MB
 c62c3fc0300d Downloading 280MB
 c62c3fc0300d Downloading 280MB
 c62c3fc0300d Downloading 280MB
 c62c3fc0300d Downloading 281MB
 c62c3fc0300d Downloading 281MB
 c62c3fc0300d Downloading 281MB
 c62c3fc0300d Downloading 281MB
 c62c3fc0300d Downloading 281MB
 c62c3fc0300d Downloading 281MB
 c62c3fc0300d Downloading 281MB
 c62c3fc0300d Downloading 281MB
 c62c3fc0300d Downloading 281MB
 c62c3fc0300d Downloading 281MB
 c62c3fc0300d Downloading 281MB
 c62c3fc0300d Downloading 281MB
 c62c3fc0300d Downloading 281MB
 c62c3fc0300d Downloading 281MB
 c62c3fc0300d Downloading 281MB
 c62c3fc0300d Downloading 281MB
 c62c3fc0300d Downloading 281MB
 c62c3fc0300d Downloading 281MB
 c62c3fc0300d Downloading 281MB
 c62c3fc0300d Downloading 281MB
 c62c3fc0300d Downloading 281MB
 c62c3fc0300d Downloading 281MB
 c62c3fc0300d Downloading 281MB
 c62c3fc0300d Downloading 281MB
 c62c3fc0300d Downloading 281MB
 c62c3fc0300d Downloading 281MB
 c62c3fc0300d Downloading 281MB
 c62c3fc0300d Downloading 281MB
 c62c3fc0300d Downloading 281MB
 c62c3fc0300d Downloading 281MB
 c62c3fc0300d Downloading 281MB
 c62c3fc0300d Downloading 281MB
 c62c3fc0300d Downloading 281MB
 c62c3fc0300d Downloading 281MB
 c62c3fc0300d Downloading 281MB
 c62c3fc0300d Downloading 281MB
 c62c3fc0300d Downloading 281MB
 c62c3fc0300d Downloading 281MB
 c62c3fc0300d Downloading 281MB
 c62c3fc0300d Downloading 281MB
 c62c3fc0300d Downloading 281MB
 c62c3fc0300d Downloading 281MB
 c62c3fc0300d Downloading 282.1MB
 c62c3fc0300d Downloading 282.1MB
 c62c3fc0300d Downloading 282.1MB
 c62c3fc0300d Downloading 282.1MB
 c62c3fc0300d Downloading 282.1MB
 c62c3fc0300d Downloading 282.1MB
 c62c3fc0300d Downloading 282.1MB
 c62c3fc0300d Downloading 282.1MB
 c62c3fc0300d Downloading 282.1MB
 c62c3fc0300d Downloading 282.1MB
 c62c3fc0300d Downloading 282.1MB
 c62c3fc0300d Downloading 282.1MB
 c62c3fc0300d Downloading 282.1MB
 c62c3fc0300d Downloading 282.1MB
 c62c3fc0300d Downloading 282.1MB
 c62c3fc0300d Downloading 282.1MB
 c62c3fc0300d Downloading 282.1MB
 c62c3fc0300d Downloading 282.1MB
 c62c3fc0300d Downloading 282.1MB
 c62c3fc0300d Downloading 282.1MB
 c62c3fc0300d Downloading 282.1MB
 c62c3fc0300d Downloading 282.1MB
 c62c3fc0300d Downloading 282.1MB
 c62c3fc0300d Downloading 282.1MB
 c62c3fc0300d Downloading 282.1MB
 c62c3fc0300d Downloading 282.1MB
 c62c3fc0300d Downloading 282.1MB
 c62c3fc0300d Downloading 282.1MB
 c62c3fc0300d Downloading 282.1MB
 c62c3fc0300d Downloading 283.1MB
 c62c3fc0300d Downloading 283.1MB
 c62c3fc0300d Downloading 283.1MB
 c62c3fc0300d Downloading 283.1MB
 c62c3fc0300d Downloading 283.1MB
 c62c3fc0300d Downloading 283.1MB
 c62c3fc0300d Downloading 283.1MB
 c62c3fc0300d Downloading 283.1MB
 c62c3fc0300d Downloading 283.1MB
 c62c3fc0300d Downloading 283.1MB
 c62c3fc0300d Downloading 283.1MB
 c62c3fc0300d Downloading 283.1MB
 c62c3fc0300d Downloading 283.1MB
 c62c3fc0300d Downloading 283.1MB
 c62c3fc0300d Downloading 283.1MB
 c62c3fc0300d Downloading 283.1MB
 c62c3fc0300d Downloading 283.1MB
 c62c3fc0300d Downloading 283.1MB
 c62c3fc0300d Downloading 283.1MB
 c62c3fc0300d Downloading 283.1MB
 c62c3fc0300d Downloading 283.1MB
 c62c3fc0300d Downloading 283.1MB
 c62c3fc0300d Downloading 283.1MB
 c62c3fc0300d Downloading 283.1MB
 c62c3fc0300d Downloading 283.1MB
 c62c3fc0300d Downloading 283.1MB
 c62c3fc0300d Downloading 283.1MB
 c62c3fc0300d Downloading 283.1MB
 c62c3fc0300d Downloading 283.1MB
 c62c3fc0300d Downloading 283.1MB
 c62c3fc0300d Downloading 283.1MB
 c62c3fc0300d Downloading 283.1MB
 c62c3fc0300d Downloading 283.1MB
 c62c3fc0300d Downloading 283.1MB
 c62c3fc0300d Downloading 283.1MB
 c62c3fc0300d Downloading 283.1MB
 c62c3fc0300d Downloading 283.1MB
 c62c3fc0300d Downloading 283.1MB
 c62c3fc0300d Downloading 283.1MB
 c62c3fc0300d Downloading 283.1MB
 c62c3fc0300d Downloading 283.1MB
 c62c3fc0300d Downloading 283.1MB
 c62c3fc0300d Downloading 283.1MB
 c62c3fc0300d Downloading 283.1MB
 c62c3fc0300d Downloading 283.1MB
 c62c3fc0300d Downloading 283.1MB
 c62c3fc0300d Downloading 283.1MB
 c62c3fc0300d Downloading 283.1MB
 c62c3fc0300d Downloading 283.1MB
 c62c3fc0300d Downloading 283.1MB
 c62c3fc0300d Downloading 283.1MB
 c62c3fc0300d Downloading 283.1MB
 c62c3fc0300d Downloading 283.1MB
 c62c3fc0300d Downloading 283.1MB
 c62c3fc0300d Downloading 283.1MB
 c62c3fc0300d Downloading 283.1MB
 c62c3fc0300d Downloading 283.1MB
 c62c3fc0300d Downloading 283.1MB
 c62c3fc0300d Downloading 283.1MB
 c62c3fc0300d Downloading 283.1MB
 c62c3fc0300d Downloading 283.1MB
 c62c3fc0300d Downloading 283.1MB
 c62c3fc0300d Downloading 283.1MB
 c62c3fc0300d Downloading 283.1MB
 c62c3fc0300d Downloading 283.1MB
 c62c3fc0300d Downloading 283.1MB
 c62c3fc0300d Downloading 283.1MB
 c62c3fc0300d Downloading 283.1MB
 c62c3fc0300d Downloading 283.1MB
 c62c3fc0300d Downloading 283.1MB
 c62c3fc0300d Downloading 283.1MB
 c62c3fc0300d Downloading 283.1MB
 c62c3fc0300d Downloading 283.1MB
 c62c3fc0300d Downloading 283.1MB
 c62c3fc0300d Downloading 283.1MB
 c62c3fc0300d Downloading 283.1MB
 c62c3fc0300d Downloading 283.1MB
 c62c3fc0300d Downloading 283.1MB
 c62c3fc0300d Downloading 283.1MB
 c62c3fc0300d Downloading 283.1MB
 c62c3fc0300d Downloading 283.1MB
 c62c3fc0300d Downloading 283.1MB
 c62c3fc0300d Downloading 283.1MB
 c62c3fc0300d Downloading 283.1MB
 c62c3fc0300d Downloading 283.1MB
 c62c3fc0300d Downloading 283.1MB
 c62c3fc0300d Downloading 284.2MB
 c62c3fc0300d Downloading 284.2MB
 c62c3fc0300d Downloading 284.2MB
 c62c3fc0300d Downloading 284.2MB
 c62c3fc0300d Downloading 284.2MB
 c62c3fc0300d Downloading 284.2MB
 c62c3fc0300d Downloading 284.2MB
 c62c3fc0300d Downloading 284.2MB
 c62c3fc0300d Downloading 284.2MB
 c62c3fc0300d Downloading 284.2MB
 c62c3fc0300d Downloading 284.2MB
 c62c3fc0300d Downloading 284.2MB
 c62c3fc0300d Downloading 284.2MB
 c62c3fc0300d Downloading 284.2MB
 c62c3fc0300d Downloading 284.2MB
 c62c3fc0300d Downloading 284.2MB
 c62c3fc0300d Downloading 284.2MB
 c62c3fc0300d Downloading 284.2MB
 c62c3fc0300d Downloading 284.2MB
 c62c3fc0300d Downloading 284.2MB
 c62c3fc0300d Downloading 284.2MB
 c62c3fc0300d Downloading 284.2MB
 c62c3fc0300d Downloading 284.2MB
 c62c3fc0300d Downloading 284.2MB
 c62c3fc0300d Downloading 284.2MB
 c62c3fc0300d Downloading 284.2MB
 c62c3fc0300d Downloading 284.2MB
 c62c3fc0300d Downloading 284.2MB
 c62c3fc0300d Downloading 284.2MB
 c62c3fc0300d Downloading 284.2MB
 c62c3fc0300d Downloading 284.2MB
 c62c3fc0300d Downloading 284.2MB
 c62c3fc0300d Downloading 284.2MB
 c62c3fc0300d Downloading 284.2MB
 c62c3fc0300d Downloading 284.2MB
 c62c3fc0300d Downloading 284.2MB
 c62c3fc0300d Downloading 284.2MB
 c62c3fc0300d Downloading 284.2MB
 c62c3fc0300d Downloading 284.2MB
 c62c3fc0300d Downloading 284.2MB
 c62c3fc0300d Downloading 284.2MB
 c62c3fc0300d Downloading 284.2MB
 c62c3fc0300d Downloading 284.2MB
 c62c3fc0300d Downloading 284.2MB
 c62c3fc0300d Downloading 284.2MB
 c62c3fc0300d Downloading 284.2MB
 c62c3fc0300d Downloading 284.2MB
 c62c3fc0300d Downloading 284.2MB
 c62c3fc0300d Downloading 284.2MB
 c62c3fc0300d Downloading 284.2MB
 c62c3fc0300d Downloading 285.2MB
 c62c3fc0300d Downloading 285.2MB
 c62c3fc0300d Downloading 285.2MB
 c62c3fc0300d Downloading 285.2MB
 c62c3fc0300d Downloading 285.2MB
 c62c3fc0300d Downloading 285.2MB
 c62c3fc0300d Downloading 285.2MB
 c62c3fc0300d Downloading 285.2MB
 c62c3fc0300d Downloading 285.2MB
 c62c3fc0300d Downloading 285.2MB
 c62c3fc0300d Downloading 285.2MB
 c62c3fc0300d Downloading 285.2MB
 c62c3fc0300d Downloading 285.2MB
 c62c3fc0300d Downloading 285.2MB
 c62c3fc0300d Downloading 285.2MB
 c62c3fc0300d Downloading 285.2MB
 c62c3fc0300d Downloading 285.2MB
 c62c3fc0300d Downloading 285.2MB
 c62c3fc0300d Downloading 285.2MB
 c62c3fc0300d Downloading 285.2MB
 c62c3fc0300d Downloading 285.2MB
 c62c3fc0300d Downloading 285.2MB
 c62c3fc0300d Downloading 285.2MB
 c62c3fc0300d Downloading 285.2MB
 c62c3fc0300d Downloading 285.2MB
 c62c3fc0300d Downloading 285.2MB
 c62c3fc0300d Downloading 285.2MB
 c62c3fc0300d Downloading 285.2MB
 c62c3fc0300d Downloading 285.2MB
 c62c3fc0300d Downloading 285.2MB
 c62c3fc0300d Downloading 285.2MB
 c62c3fc0300d Downloading 285.2MB
 c62c3fc0300d Downloading 285.2MB
 c62c3fc0300d Downloading 285.2MB
 c62c3fc0300d Downloading 285.2MB
 c62c3fc0300d Downloading 285.2MB
 c62c3fc0300d Downloading 285.2MB
 c62c3fc0300d Downloading 285.2MB
 c62c3fc0300d Downloading 285.2MB
 c62c3fc0300d Downloading 285.2MB
 c62c3fc0300d Downloading 285.2MB
 c62c3fc0300d Downloading 285.2MB
 c62c3fc0300d Downloading 285.2MB
 c62c3fc0300d Downloading 285.2MB
 c62c3fc0300d Downloading 285.2MB
 c62c3fc0300d Downloading 285.2MB
 c62c3fc0300d Downloading 285.2MB
 c62c3fc0300d Downloading 285.2MB
 c62c3fc0300d Downloading 286.3MB
 c62c3fc0300d Downloading 286.3MB
 c62c3fc0300d Downloading 286.3MB
 c62c3fc0300d Downloading 286.3MB
 c62c3fc0300d Downloading 286.3MB
 c62c3fc0300d Downloading 286.3MB
 c62c3fc0300d Downloading 286.3MB
 c62c3fc0300d Downloading 286.3MB
 c62c3fc0300d Downloading 286.3MB
 c62c3fc0300d Downloading 286.3MB
 c62c3fc0300d Downloading 286.3MB
 c62c3fc0300d Downloading 286.3MB
 c62c3fc0300d Downloading 286.3MB
 c62c3fc0300d Downloading 286.3MB
 c62c3fc0300d Downloading 286.3MB
 c62c3fc0300d Downloading 286.3MB
 c62c3fc0300d Downloading 286.3MB
 c62c3fc0300d Downloading 286.3MB
 c62c3fc0300d Downloading 286.3MB
 c62c3fc0300d Downloading 286.3MB
 c62c3fc0300d Downloading 286.3MB
 c62c3fc0300d Downloading 286.3MB
 c62c3fc0300d Downloading 286.3MB
 c62c3fc0300d Downloading 286.3MB
 c62c3fc0300d Downloading 286.3MB
 c62c3fc0300d Downloading 286.3MB
 c62c3fc0300d Downloading 286.3MB
 c62c3fc0300d Downloading 286.3MB
 c62c3fc0300d Downloading 286.3MB
 c62c3fc0300d Downloading 286.3MB
 c62c3fc0300d Downloading 286.3MB
 c62c3fc0300d Downloading 286.3MB
 c62c3fc0300d Downloading 286.3MB
 c62c3fc0300d Downloading 286.3MB
 c62c3fc0300d Downloading 286.3MB
 c62c3fc0300d Downloading 286.3MB
 c62c3fc0300d Downloading 286.3MB
 c62c3fc0300d Downloading 286.3MB
 c62c3fc0300d Downloading 286.3MB
 c62c3fc0300d Downloading 286.3MB
 c62c3fc0300d Downloading 286.3MB
 c62c3fc0300d Downloading 286.3MB
 c62c3fc0300d Downloading 287.3MB
 c62c3fc0300d Downloading 287.3MB
 c62c3fc0300d Downloading 287.3MB
 c62c3fc0300d Downloading 287.3MB
 c62c3fc0300d Downloading 287.3MB
 c62c3fc0300d Downloading 287.3MB
 c62c3fc0300d Downloading 287.3MB
 c62c3fc0300d Downloading 287.3MB
 c62c3fc0300d Downloading 287.3MB
 c62c3fc0300d Downloading 287.3MB
 c62c3fc0300d Downloading 287.3MB
 c62c3fc0300d Downloading 287.3MB
 c62c3fc0300d Downloading 287.3MB
 c62c3fc0300d Downloading 287.3MB
 c62c3fc0300d Downloading 287.3MB
 c62c3fc0300d Downloading 287.3MB
 c62c3fc0300d Downloading 287.3MB
 c62c3fc0300d Downloading 287.3MB
 c62c3fc0300d Downloading 287.3MB
 c62c3fc0300d Downloading 287.3MB
 c62c3fc0300d Downloading 287.3MB
 c62c3fc0300d Downloading 287.3MB
 c62c3fc0300d Downloading 287.3MB
 c62c3fc0300d Downloading 287.3MB
 c62c3fc0300d Downloading 287.3MB
 c62c3fc0300d Downloading 287.3MB
 c62c3fc0300d Downloading 287.3MB
 c62c3fc0300d Downloading 287.3MB
 c62c3fc0300d Downloading 287.3MB
 c62c3fc0300d Downloading 287.3MB
 c62c3fc0300d Downloading 287.3MB
 c62c3fc0300d Downloading 287.3MB
 c62c3fc0300d Downloading 287.3MB
 c62c3fc0300d Downloading 288.4MB
 c62c3fc0300d Downloading 288.4MB
 c62c3fc0300d Downloading 288.4MB
 c62c3fc0300d Downloading 288.4MB
 c62c3fc0300d Downloading 288.4MB
 c62c3fc0300d Downloading 288.4MB
 c62c3fc0300d Downloading 288.4MB
 c62c3fc0300d Downloading 288.4MB
 c62c3fc0300d Downloading 288.4MB
 c62c3fc0300d Downloading 288.4MB
 c62c3fc0300d Downloading 288.4MB
 c62c3fc0300d Downloading 288.4MB
 c62c3fc0300d Downloading 288.4MB
 c62c3fc0300d Downloading 288.4MB
 c62c3fc0300d Downloading 288.4MB
 c62c3fc0300d Downloading 288.4MB
 c62c3fc0300d Downloading 288.4MB
 c62c3fc0300d Downloading 288.4MB
 c62c3fc0300d Downloading 288.4MB
 c62c3fc0300d Downloading 288.4MB
 c62c3fc0300d Downloading 288.4MB
 c62c3fc0300d Downloading 288.4MB
 c62c3fc0300d Downloading 288.4MB
 c62c3fc0300d Downloading 288.4MB
 c62c3fc0300d Downloading 288.4MB
 c62c3fc0300d Downloading 288.4MB
 c62c3fc0300d Downloading 288.4MB
 c62c3fc0300d Downloading 288.4MB
 c62c3fc0300d Downloading 288.4MB
 c62c3fc0300d Downloading 288.4MB
 c62c3fc0300d Downloading 288.4MB
 c62c3fc0300d Downloading 288.4MB
 c62c3fc0300d Downloading 288.4MB
 c62c3fc0300d Downloading 288.4MB
 c62c3fc0300d Downloading 288.4MB
 c62c3fc0300d Downloading 288.4MB
 c62c3fc0300d Downloading 288.4MB
 c62c3fc0300d Downloading 288.4MB
 c62c3fc0300d Downloading 288.4MB
 c62c3fc0300d Downloading 288.4MB
 c62c3fc0300d Downloading 288.4MB
 c62c3fc0300d Downloading 288.4MB
 c62c3fc0300d Downloading 288.4MB
 c62c3fc0300d Downloading 288.4MB
 c62c3fc0300d Downloading 288.4MB
 c62c3fc0300d Downloading 288.4MB
 c62c3fc0300d Downloading 288.4MB
 c62c3fc0300d Downloading 288.4MB
 c62c3fc0300d Downloading 288.4MB
 c62c3fc0300d Downloading 288.4MB
 c62c3fc0300d Downloading 288.4MB
 c62c3fc0300d Downloading 288.4MB
 c62c3fc0300d Downloading 288.4MB
 c62c3fc0300d Downloading 288.4MB
 c62c3fc0300d Downloading 288.4MB
 c62c3fc0300d Downloading 288.4MB
 c62c3fc0300d Downloading 288.4MB
 c62c3fc0300d Downloading 288.4MB
 c62c3fc0300d Downloading 288.4MB
 c62c3fc0300d Downloading 288.4MB
 c62c3fc0300d Downloading 288.4MB
 c62c3fc0300d Downloading 288.4MB
 c62c3fc0300d Downloading 288.4MB
 c62c3fc0300d Downloading 288.4MB
 c62c3fc0300d Downloading 288.4MB
 c62c3fc0300d Downloading 288.4MB
 c62c3fc0300d Downloading 288.4MB
 c62c3fc0300d Downloading 288.4MB
 c62c3fc0300d Downloading 288.4MB
 c62c3fc0300d Downloading 288.4MB
 c62c3fc0300d Downloading 288.4MB
 c62c3fc0300d Downloading 288.4MB
 c62c3fc0300d Downloading 288.4MB
 c62c3fc0300d Downloading 288.4MB
 c62c3fc0300d Downloading 288.4MB
 c62c3fc0300d Downloading 288.4MB
 c62c3fc0300d Downloading 288.4MB
 c62c3fc0300d Downloading 288.4MB
 c62c3fc0300d Downloading 288.4MB
 c62c3fc0300d Downloading 288.4MB
 c62c3fc0300d Downloading 288.4MB
 c62c3fc0300d Downloading 288.4MB
 c62c3fc0300d Downloading 288.4MB
 c62c3fc0300d Downloading 288.4MB
 c62c3fc0300d Downloading 288.4MB
 c62c3fc0300d Downloading 288.4MB
 c62c3fc0300d Downloading 288.4MB
 c62c3fc0300d Downloading 288.4MB
 c62c3fc0300d Downloading 288.4MB
 c62c3fc0300d Downloading 288.4MB
 c62c3fc0300d Downloading 288.4MB
 c62c3fc0300d Downloading 288.4MB
 c62c3fc0300d Downloading 288.4MB
 c62c3fc0300d Downloading 288.4MB
 c62c3fc0300d Downloading 288.4MB
 c62c3fc0300d Downloading 288.4MB
 c62c3fc0300d Downloading 288.4MB
 c62c3fc0300d Downloading 288.4MB
 c62c3fc0300d Downloading 288.4MB
 c62c3fc0300d Downloading 288.4MB
 c62c3fc0300d Downloading 288.4MB
 c62c3fc0300d Downloading 288.4MB
 c62c3fc0300d Downloading 288.4MB
 c62c3fc0300d Downloading 288.4MB
 c62c3fc0300d Downloading 288.4MB
 c62c3fc0300d Downloading 288.4MB
 c62c3fc0300d Downloading 288.4MB
 c62c3fc0300d Downloading 288.4MB
 c62c3fc0300d Downloading 288.4MB
 c62c3fc0300d Downloading 288.4MB
 c62c3fc0300d Downloading 288.4MB
 c62c3fc0300d Downloading 288.4MB
 c62c3fc0300d Downloading 288.4MB
 c62c3fc0300d Downloading 288.4MB
 c62c3fc0300d Downloading 288.4MB
 c62c3fc0300d Downloading 288.4MB
 c62c3fc0300d Downloading 289.4MB
 c62c3fc0300d Downloading 289.4MB
 c62c3fc0300d Downloading 289.4MB
 c62c3fc0300d Downloading 289.4MB
 c62c3fc0300d Downloading 289.4MB
 c62c3fc0300d Downloading 289.4MB
 c62c3fc0300d Downloading 289.4MB
 c62c3fc0300d Downloading 289.4MB
 c62c3fc0300d Downloading 289.4MB
 c62c3fc0300d Downloading 289.4MB
 c62c3fc0300d Downloading 289.4MB
 c62c3fc0300d Downloading 289.4MB
 c62c3fc0300d Downloading 289.4MB
 c62c3fc0300d Downloading 289.4MB
 c62c3fc0300d Downloading 289.4MB
 c62c3fc0300d Downloading 289.4MB
 c62c3fc0300d Downloading 289.4MB
 c62c3fc0300d Downloading 289.4MB
 c62c3fc0300d Downloading 289.4MB
 c62c3fc0300d Downloading 289.4MB
 c62c3fc0300d Downloading 289.4MB
 c62c3fc0300d Downloading 289.4MB
 c62c3fc0300d Downloading 289.4MB
 c62c3fc0300d Downloading 289.4MB
 c62c3fc0300d Downloading 289.4MB
 c62c3fc0300d Downloading 289.4MB
 c62c3fc0300d Downloading 289.4MB
 c62c3fc0300d Downloading 289.4MB
 c62c3fc0300d Downloading 289.4MB
 c62c3fc0300d Downloading 289.4MB
 c62c3fc0300d Downloading 289.4MB
 c62c3fc0300d Downloading 289.4MB
 c62c3fc0300d Downloading 289.4MB
 c62c3fc0300d Downloading 289.4MB
 c62c3fc0300d Downloading 289.4MB
 c62c3fc0300d Downloading 289.4MB
 c62c3fc0300d Downloading 289.4MB
 c62c3fc0300d Downloading 289.4MB
 c62c3fc0300d Downloading 290.5MB
 c62c3fc0300d Downloading 290.5MB
 c62c3fc0300d Downloading 290.5MB
 c62c3fc0300d Downloading 290.5MB
 c62c3fc0300d Downloading 290.5MB
 c62c3fc0300d Downloading 290.5MB
 c62c3fc0300d Downloading 290.5MB
 c62c3fc0300d Downloading 290.5MB
 c62c3fc0300d Downloading 290.5MB
 c62c3fc0300d Downloading 290.5MB
 c62c3fc0300d Downloading 290.5MB
 c62c3fc0300d Downloading 291.5MB
 c62c3fc0300d Downloading 291.5MB
 c62c3fc0300d Downloading 291.5MB
 c62c3fc0300d Downloading 291.5MB
 c62c3fc0300d Downloading 291.5MB
 c62c3fc0300d Downloading 291.5MB
 c62c3fc0300d Downloading 291.5MB
 c62c3fc0300d Downloading 291.5MB
 c62c3fc0300d Downloading 291.5MB
 c62c3fc0300d Downloading 291.5MB
 c62c3fc0300d Downloading 291.5MB
 c62c3fc0300d Downloading 291.5MB
 c62c3fc0300d Downloading 291.5MB
 c62c3fc0300d Downloading 291.5MB
 c62c3fc0300d Downloading 291.5MB
 c62c3fc0300d Downloading 291.5MB
 c62c3fc0300d Downloading 291.5MB
 c62c3fc0300d Downloading 291.5MB
 c62c3fc0300d Downloading 291.5MB
 c62c3fc0300d Downloading 291.5MB
 c62c3fc0300d Downloading 291.5MB
 c62c3fc0300d Downloading 291.5MB
 c62c3fc0300d Downloading 291.5MB
 c62c3fc0300d Downloading 291.5MB
 c62c3fc0300d Downloading 292.6MB
 c62c3fc0300d Downloading 292.6MB
 c62c3fc0300d Downloading 292.6MB
 c62c3fc0300d Downloading 292.6MB
 c62c3fc0300d Downloading 292.6MB
 c62c3fc0300d Downloading 292.6MB
 c62c3fc0300d Downloading 292.6MB
 c62c3fc0300d Downloading 292.6MB
 c62c3fc0300d Downloading 292.6MB
 c62c3fc0300d Downloading 292.6MB
 c62c3fc0300d Downloading 292.6MB
 c62c3fc0300d Downloading 292.6MB
 c62c3fc0300d Downloading 292.6MB
 c62c3fc0300d Downloading 292.6MB
 c62c3fc0300d Downloading 292.6MB
 c62c3fc0300d Downloading 292.6MB
 c62c3fc0300d Downloading 292.6MB
 c62c3fc0300d Downloading 292.6MB
 c62c3fc0300d Downloading 292.6MB
 c62c3fc0300d Downloading 292.6MB
 c62c3fc0300d Downloading 293.6MB
 c62c3fc0300d Downloading 293.6MB
 c62c3fc0300d Downloading 293.6MB
 c62c3fc0300d Downloading 293.6MB
 c62c3fc0300d Downloading 293.6MB
 c62c3fc0300d Downloading 293.6MB
 c62c3fc0300d Downloading 293.6MB
 c62c3fc0300d Downloading 293.6MB
 c62c3fc0300d Downloading 293.6MB
 c62c3fc0300d Downloading 293.6MB
 c62c3fc0300d Downloading 293.6MB
 c62c3fc0300d Downloading 293.6MB
 c62c3fc0300d Downloading 293.6MB
 c62c3fc0300d Downloading 293.6MB
 c62c3fc0300d Downloading 293.6MB
 c62c3fc0300d Downloading 293.6MB
 c62c3fc0300d Downloading 293.6MB
 c62c3fc0300d Downloading 293.6MB
 c62c3fc0300d Downloading 293.6MB
 c62c3fc0300d Downloading 293.6MB
 c62c3fc0300d Downloading 293.6MB
 c62c3fc0300d Downloading 293.6MB
 c62c3fc0300d Downloading 293.6MB
 c62c3fc0300d Downloading 293.6MB
 c62c3fc0300d Downloading 293.6MB
 c62c3fc0300d Downloading 293.6MB
 c62c3fc0300d Downloading 293.6MB
 c62c3fc0300d Downloading 293.6MB
 c62c3fc0300d Downloading 293.6MB
 c62c3fc0300d Downloading 293.6MB
 c62c3fc0300d Downloading 293.6MB
 c62c3fc0300d Downloading 293.6MB
 c62c3fc0300d Downloading 293.6MB
 c62c3fc0300d Downloading 293.6MB
 c62c3fc0300d Downloading 293.6MB
 c62c3fc0300d Downloading 293.6MB
 c62c3fc0300d Downloading 293.6MB
 c62c3fc0300d Downloading 293.6MB
 c62c3fc0300d Downloading 293.6MB
 c62c3fc0300d Downloading 293.6MB
 c62c3fc0300d Downloading 293.6MB
 c62c3fc0300d Downloading 293.6MB
 c62c3fc0300d Downloading 293.6MB
 c62c3fc0300d Downloading 293.6MB
 c62c3fc0300d Downloading 293.6MB
 c62c3fc0300d Downloading 293.6MB
 c62c3fc0300d Downloading 293.6MB
 c62c3fc0300d Downloading 293.6MB
 c62c3fc0300d Downloading 294.6MB
 c62c3fc0300d Downloading 294.6MB
 c62c3fc0300d Downloading 294.6MB
 c62c3fc0300d Downloading 294.6MB
 c62c3fc0300d Downloading 294.6MB
 c62c3fc0300d Downloading 294.6MB
 c62c3fc0300d Downloading 294.6MB
 c62c3fc0300d Downloading 294.6MB
 c62c3fc0300d Downloading 294.6MB
 c62c3fc0300d Downloading 294.6MB
 c62c3fc0300d Downloading 294.6MB
 c62c3fc0300d Downloading 294.6MB
 c62c3fc0300d Downloading 294.6MB
 c62c3fc0300d Downloading 294.6MB
 c62c3fc0300d Downloading 294.6MB
 c62c3fc0300d Downloading 294.6MB
 c62c3fc0300d Downloading 294.6MB
 c62c3fc0300d Downloading 294.6MB
 c62c3fc0300d Downloading 294.6MB
 c62c3fc0300d Downloading 294.6MB
 c62c3fc0300d Downloading 294.6MB
 c62c3fc0300d Downloading 294.6MB
 c62c3fc0300d Downloading 294.6MB
 c62c3fc0300d Downloading 294.6MB
 c62c3fc0300d Downloading 294.6MB
 c62c3fc0300d Downloading 294.6MB
 c62c3fc0300d Downloading 294.6MB
 c62c3fc0300d Downloading 294.6MB
 c62c3fc0300d Downloading 294.6MB
 c62c3fc0300d Downloading 294.6MB
 c62c3fc0300d Downloading 294.6MB
 c62c3fc0300d Downloading 294.6MB
 c62c3fc0300d Downloading 294.6MB
 c62c3fc0300d Downloading 294.6MB
 c62c3fc0300d Downloading 294.6MB
 c62c3fc0300d Downloading 294.6MB
 c62c3fc0300d Downloading 294.6MB
 c62c3fc0300d Downloading 295.7MB
 c62c3fc0300d Downloading 295.7MB
 c62c3fc0300d Downloading 295.7MB
 c62c3fc0300d Downloading 295.7MB
 c62c3fc0300d Downloading 295.7MB
 c62c3fc0300d Downloading 295.7MB
 c62c3fc0300d Downloading 295.7MB
 c62c3fc0300d Downloading 295.7MB
 c62c3fc0300d Downloading 295.7MB
 c62c3fc0300d Downloading 295.7MB
 c62c3fc0300d Downloading 295.7MB
 c62c3fc0300d Downloading 295.7MB
 c62c3fc0300d Downloading 295.7MB
 c62c3fc0300d Downloading 295.7MB
 c62c3fc0300d Downloading 295.7MB
 c62c3fc0300d Downloading 295.7MB
 c62c3fc0300d Downloading 295.7MB
 c62c3fc0300d Downloading 295.7MB
 c62c3fc0300d Downloading 295.7MB
 c62c3fc0300d Downloading 295.7MB
 c62c3fc0300d Downloading 295.7MB
 c62c3fc0300d Downloading 295.7MB
 c62c3fc0300d Downloading 295.7MB
 c62c3fc0300d Downloading 295.7MB
 c62c3fc0300d Downloading 295.7MB
 c62c3fc0300d Downloading 295.7MB
 c62c3fc0300d Downloading 295.7MB
 c62c3fc0300d Downloading 295.7MB
 c62c3fc0300d Downloading 295.7MB
 c62c3fc0300d Downloading 295.7MB
 c62c3fc0300d Downloading 295.7MB
 c62c3fc0300d Downloading 295.7MB
 c62c3fc0300d Downloading 295.7MB
 c62c3fc0300d Downloading 295.7MB
 c62c3fc0300d Downloading 295.7MB
 c62c3fc0300d Downloading 295.7MB
 c62c3fc0300d Downloading 296.7MB
 c62c3fc0300d Downloading 296.7MB
 c62c3fc0300d Downloading 296.7MB
 c62c3fc0300d Downloading 296.7MB
 c62c3fc0300d Downloading 296.7MB
 c62c3fc0300d Downloading 296.7MB
 c62c3fc0300d Downloading 296.7MB
 c62c3fc0300d Downloading 296.7MB
 c62c3fc0300d Downloading 296.7MB
 c62c3fc0300d Downloading 296.7MB
 c62c3fc0300d Downloading 296.7MB
 c62c3fc0300d Downloading 296.7MB
 c62c3fc0300d Downloading 296.7MB
 c62c3fc0300d Downloading 296.7MB
 c62c3fc0300d Downloading 296.7MB
 c62c3fc0300d Downloading 296.7MB
 c62c3fc0300d Downloading 296.7MB
 c62c3fc0300d Downloading 296.7MB
 c62c3fc0300d Downloading 296.7MB
 c62c3fc0300d Downloading 296.7MB
 c62c3fc0300d Downloading 296.7MB
 c62c3fc0300d Downloading 296.7MB
 c62c3fc0300d Downloading 296.7MB
 c62c3fc0300d Downloading 296.7MB
 c62c3fc0300d Downloading 296.7MB
 c62c3fc0300d Downloading 296.7MB
 c62c3fc0300d Downloading 296.7MB
 c62c3fc0300d Downloading 296.7MB
 c62c3fc0300d Downloading 296.7MB
 c62c3fc0300d Downloading 296.7MB
 c62c3fc0300d Downloading 296.7MB
 c62c3fc0300d Downloading 296.7MB
 c62c3fc0300d Downloading 296.7MB
 c62c3fc0300d Downloading 296.7MB
 c62c3fc0300d Downloading 297.8MB
 c62c3fc0300d Downloading 297.8MB
 c62c3fc0300d Downloading 297.8MB
 c62c3fc0300d Downloading 297.8MB
 c62c3fc0300d Downloading 297.8MB
 c62c3fc0300d Downloading 297.8MB
 c62c3fc0300d Downloading 297.8MB
 c62c3fc0300d Downloading 297.8MB
 c62c3fc0300d Downloading 297.8MB
 c62c3fc0300d Downloading 297.8MB
 c62c3fc0300d Downloading 297.8MB
 c62c3fc0300d Downloading 297.8MB
 c62c3fc0300d Downloading 297.8MB
 c62c3fc0300d Downloading 297.8MB
 c62c3fc0300d Downloading 297.8MB
 c62c3fc0300d Downloading 297.8MB
 c62c3fc0300d Downloading 297.8MB
 c62c3fc0300d Downloading 297.8MB
 c62c3fc0300d Downloading 297.8MB
 c62c3fc0300d Downloading 297.8MB
 c62c3fc0300d Downloading 297.8MB
 c62c3fc0300d Downloading 297.8MB
 c62c3fc0300d Downloading 297.8MB
 c62c3fc0300d Downloading 297.8MB
 c62c3fc0300d Downloading 297.8MB
 c62c3fc0300d Downloading 297.8MB
 c62c3fc0300d Downloading 297.8MB
 c62c3fc0300d Downloading 297.8MB
 c62c3fc0300d Downloading 297.8MB
 c62c3fc0300d Downloading 297.8MB
 c62c3fc0300d Downloading 297.8MB
 c62c3fc0300d Downloading 297.8MB
 c62c3fc0300d Downloading 297.8MB
 c62c3fc0300d Downloading 297.8MB
 c62c3fc0300d Downloading 297.8MB
 c62c3fc0300d Downloading 297.8MB
 c62c3fc0300d Downloading 297.8MB
 c62c3fc0300d Downloading 297.8MB
 c62c3fc0300d Downloading 297.8MB
 c62c3fc0300d Downloading 297.8MB
 c62c3fc0300d Downloading 297.8MB
 c62c3fc0300d Downloading 297.8MB
 c62c3fc0300d Downloading 297.8MB
 c62c3fc0300d Downloading 297.8MB
 c62c3fc0300d Downloading 297.8MB
 c62c3fc0300d Downloading 297.8MB
 c62c3fc0300d Downloading 298.8MB
 c62c3fc0300d Downloading 298.8MB
 c62c3fc0300d Downloading 298.8MB
 c62c3fc0300d Downloading 298.8MB
 c62c3fc0300d Downloading 298.8MB
 c62c3fc0300d Downloading 298.8MB
 c62c3fc0300d Downloading 298.8MB
 c62c3fc0300d Downloading 298.8MB
 c62c3fc0300d Downloading 298.8MB
 c62c3fc0300d Downloading 298.8MB
 c62c3fc0300d Downloading 298.8MB
 c62c3fc0300d Downloading 298.8MB
 c62c3fc0300d Downloading 298.8MB
 c62c3fc0300d Downloading 298.8MB
 c62c3fc0300d Downloading 298.8MB
 c62c3fc0300d Downloading 298.8MB
 c62c3fc0300d Downloading 298.8MB
 c62c3fc0300d Downloading 298.8MB
 c62c3fc0300d Downloading 298.8MB
 c62c3fc0300d Downloading 298.8MB
 c62c3fc0300d Downloading 298.8MB
 c62c3fc0300d Downloading 298.8MB
 c62c3fc0300d Downloading 298.8MB
 c62c3fc0300d Downloading 298.8MB
 c62c3fc0300d Downloading 298.8MB
 c62c3fc0300d Downloading 298.8MB
 c62c3fc0300d Downloading 298.8MB
 c62c3fc0300d Downloading 298.8MB
 c62c3fc0300d Downloading 298.8MB
 c62c3fc0300d Downloading 298.8MB
 c62c3fc0300d Downloading 298.8MB
 c62c3fc0300d Downloading 298.8MB
 c62c3fc0300d Downloading 298.8MB
 c62c3fc0300d Downloading 298.8MB
 c62c3fc0300d Downloading 298.8MB
 c62c3fc0300d Downloading 298.8MB
 c62c3fc0300d Downloading 298.8MB
 c62c3fc0300d Downloading 298.8MB
 c62c3fc0300d Downloading 298.8MB
 c62c3fc0300d Downloading 298.8MB
 c62c3fc0300d Downloading 298.8MB
 c62c3fc0300d Downloading 298.8MB
 c62c3fc0300d Downloading 298.8MB
 c62c3fc0300d Downloading 298.8MB
 c62c3fc0300d Downloading 298.8MB
 c62c3fc0300d Downloading 298.8MB
 c62c3fc0300d Downloading 298.8MB
 c62c3fc0300d Downloading 298.8MB
 c62c3fc0300d Downloading 298.8MB
 c62c3fc0300d Downloading 298.8MB
 c62c3fc0300d Downloading 298.8MB
 c62c3fc0300d Downloading 298.8MB
 c62c3fc0300d Downloading 298.8MB
 c62c3fc0300d Downloading 298.8MB
 c62c3fc0300d Downloading 299.9MB
 c62c3fc0300d Downloading 299.9MB
 c62c3fc0300d Downloading 299.9MB
 c62c3fc0300d Downloading 299.9MB
 c62c3fc0300d Downloading 299.9MB
 c62c3fc0300d Downloading 299.9MB
 c62c3fc0300d Downloading 299.9MB
 c62c3fc0300d Downloading 299.9MB
 c62c3fc0300d Downloading 299.9MB
 c62c3fc0300d Downloading 299.9MB
 c62c3fc0300d Downloading 299.9MB
 c62c3fc0300d Downloading 299.9MB
 c62c3fc0300d Downloading 299.9MB
 c62c3fc0300d Downloading 299.9MB
 c62c3fc0300d Downloading 299.9MB
 c62c3fc0300d Downloading 299.9MB
 c62c3fc0300d Downloading 299.9MB
 c62c3fc0300d Downloading 299.9MB
 c62c3fc0300d Downloading 299.9MB
 c62c3fc0300d Downloading 299.9MB
 c62c3fc0300d Downloading 299.9MB
 c62c3fc0300d Downloading 299.9MB
 c62c3fc0300d Downloading 299.9MB
 c62c3fc0300d Downloading 299.9MB
 c62c3fc0300d Downloading 299.9MB
 c62c3fc0300d Downloading 299.9MB
 c62c3fc0300d Downloading 299.9MB
 c62c3fc0300d Downloading 299.9MB
 c62c3fc0300d Downloading 299.9MB
 c62c3fc0300d Downloading 299.9MB
 c62c3fc0300d Downloading 299.9MB
 c62c3fc0300d Downloading 299.9MB
 c62c3fc0300d Downloading 299.9MB
 c62c3fc0300d Downloading 299.9MB
 c62c3fc0300d Downloading 299.9MB
 c62c3fc0300d Downloading 299.9MB
 c62c3fc0300d Downloading 299.9MB
 c62c3fc0300d Downloading 299.9MB
 c62c3fc0300d Downloading 299.9MB
 c62c3fc0300d Downloading 299.9MB
 c62c3fc0300d Downloading 299.9MB
 c62c3fc0300d Downloading 299.9MB
 c62c3fc0300d Downloading 299.9MB
 c62c3fc0300d Downloading 299.9MB
 c62c3fc0300d Downloading 299.9MB
 c62c3fc0300d Downloading 299.9MB
 c62c3fc0300d Downloading 299.9MB
 c62c3fc0300d Downloading 299.9MB
 c62c3fc0300d Downloading 299.9MB
 c62c3fc0300d Downloading 299.9MB
 c62c3fc0300d Downloading 299.9MB
 c62c3fc0300d Downloading 299.9MB
 c62c3fc0300d Downloading 300.9MB
 c62c3fc0300d Downloading 300.9MB
 c62c3fc0300d Downloading 300.9MB
 c62c3fc0300d Downloading 300.9MB
 c62c3fc0300d Downloading 300.9MB
 c62c3fc0300d Downloading 300.9MB
 c62c3fc0300d Downloading 300.9MB
 c62c3fc0300d Downloading 300.9MB
 c62c3fc0300d Downloading 300.9MB
 c62c3fc0300d Downloading 300.9MB
 c62c3fc0300d Downloading 300.9MB
 c62c3fc0300d Downloading 300.9MB
 c62c3fc0300d Downloading 300.9MB
 c62c3fc0300d Downloading 300.9MB
 c62c3fc0300d Downloading 300.9MB
 c62c3fc0300d Downloading 300.9MB
 c62c3fc0300d Downloading 300.9MB
 c62c3fc0300d Downloading 300.9MB
 c62c3fc0300d Downloading 300.9MB
 c62c3fc0300d Downloading 300.9MB
 c62c3fc0300d Downloading 300.9MB
 c62c3fc0300d Downloading 300.9MB
 c62c3fc0300d Downloading 300.9MB
 c62c3fc0300d Downloading 300.9MB
 c62c3fc0300d Downloading 300.9MB
 c62c3fc0300d Downloading 300.9MB
 c62c3fc0300d Downloading 300.9MB
 c62c3fc0300d Downloading 300.9MB
 c62c3fc0300d Downloading 300.9MB
 c62c3fc0300d Downloading 300.9MB
 c62c3fc0300d Downloading 300.9MB
 c62c3fc0300d Downloading 300.9MB
 c62c3fc0300d Downloading 300.9MB
 c62c3fc0300d Downloading 300.9MB
 c62c3fc0300d Downloading 302MB
 c62c3fc0300d Downloading 302MB
 c62c3fc0300d Downloading 302MB
 c62c3fc0300d Downloading 302MB
 c62c3fc0300d Downloading 302MB
 c62c3fc0300d Downloading 302MB
 c62c3fc0300d Downloading 302MB
 c62c3fc0300d Downloading 302MB
 c62c3fc0300d Downloading 302MB
 c62c3fc0300d Downloading 302MB
 c62c3fc0300d Downloading 302MB
 c62c3fc0300d Downloading 302MB
 c62c3fc0300d Downloading 302MB
 c62c3fc0300d Downloading 302MB
 c62c3fc0300d Downloading 302MB
 c62c3fc0300d Downloading 302MB
 c62c3fc0300d Downloading 302MB
 c62c3fc0300d Downloading 302MB
 c62c3fc0300d Downloading 302MB
 c62c3fc0300d Downloading 302MB
 c62c3fc0300d Downloading 302MB
 c62c3fc0300d Downloading 302MB
 c62c3fc0300d Downloading 302MB
 c62c3fc0300d Downloading 302MB
 c62c3fc0300d Downloading 302MB
 c62c3fc0300d Downloading 302MB
 c62c3fc0300d Downloading 303MB
 c62c3fc0300d Downloading 303MB
 c62c3fc0300d Downloading 303MB
 c62c3fc0300d Downloading 303MB
 c62c3fc0300d Downloading 303MB
 c62c3fc0300d Downloading 303MB
 c62c3fc0300d Downloading 303MB
 c62c3fc0300d Downloading 303MB
 c62c3fc0300d Downloading 303MB
 c62c3fc0300d Downloading 303MB
 c62c3fc0300d Downloading 303MB
 c62c3fc0300d Downloading 303MB
 c62c3fc0300d Downloading 303MB
 c62c3fc0300d Downloading 303MB
 c62c3fc0300d Downloading 303MB
 c62c3fc0300d Downloading 303MB
 c62c3fc0300d Downloading 303MB
 c62c3fc0300d Downloading 303MB
 c62c3fc0300d Downloading 303MB
 c62c3fc0300d Downloading 303MB
 c62c3fc0300d Downloading 303MB
 c62c3fc0300d Downloading 303MB
 c62c3fc0300d Downloading 303MB
 c62c3fc0300d Downloading 303MB
 c62c3fc0300d Downloading 303MB
 c62c3fc0300d Downloading 303MB
 c62c3fc0300d Downloading 303MB
 c62c3fc0300d Downloading 303MB
 c62c3fc0300d Downloading 303MB
 c62c3fc0300d Downloading 303MB
 c62c3fc0300d Downloading 303MB
 c62c3fc0300d Downloading 303MB
 c62c3fc0300d Downloading 303MB
 c62c3fc0300d Downloading 303MB
 c62c3fc0300d Downloading 303MB
 c62c3fc0300d Downloading 303MB
 c62c3fc0300d Downloading 303MB
 c62c3fc0300d Downloading 303MB
 c62c3fc0300d Downloading 303MB
 c62c3fc0300d Downloading 304.1MB
 c62c3fc0300d Downloading 304.1MB
 c62c3fc0300d Downloading 304.1MB
 c62c3fc0300d Downloading 304.1MB
 c62c3fc0300d Downloading 304.1MB
 c62c3fc0300d Downloading 304.1MB
 c62c3fc0300d Downloading 304.1MB
 c62c3fc0300d Downloading 304.1MB
 c62c3fc0300d Downloading 304.1MB
 c62c3fc0300d Downloading 304.1MB
 c62c3fc0300d Downloading 304.1MB
 c62c3fc0300d Downloading 304.1MB
 c62c3fc0300d Downloading 304.1MB
 c62c3fc0300d Downloading 304.1MB
 c62c3fc0300d Downloading 304.1MB
 c62c3fc0300d Downloading 304.1MB
 c62c3fc0300d Downloading 304.1MB
 c62c3fc0300d Downloading 304.1MB
 c62c3fc0300d Downloading 304.1MB
 c62c3fc0300d Downloading 304.1MB
 c62c3fc0300d Downloading 304.1MB
 c62c3fc0300d Downloading 304.1MB
 c62c3fc0300d Downloading 304.1MB
 c62c3fc0300d Downloading 304.1MB
 c62c3fc0300d Downloading 304.1MB
 c62c3fc0300d Downloading 304.1MB
 c62c3fc0300d Downloading 304.1MB
 c62c3fc0300d Downloading 304.1MB
 c62c3fc0300d Downloading 304.1MB
 c62c3fc0300d Downloading 304.1MB
 c62c3fc0300d Downloading 304.1MB
 c62c3fc0300d Downloading 304.1MB
 c62c3fc0300d Downloading 304.1MB
 c62c3fc0300d Downloading 304.1MB
 c62c3fc0300d Downloading 304.1MB
 c62c3fc0300d Downloading 304.1MB
 c62c3fc0300d Downloading 304.1MB
 c62c3fc0300d Downloading 304.1MB
 c62c3fc0300d Downloading 304.1MB
 c62c3fc0300d Downloading 304.1MB
 c62c3fc0300d Downloading 304.1MB
 c62c3fc0300d Downloading 304.1MB
 c62c3fc0300d Downloading 304.1MB
 c62c3fc0300d Downloading 304.1MB
 c62c3fc0300d Downloading 304.1MB
 c62c3fc0300d Downloading 304.1MB
 c62c3fc0300d Downloading 304.1MB
 c62c3fc0300d Downloading 304.1MB
 c62c3fc0300d Downloading 304.1MB
 c62c3fc0300d Downloading 304.1MB
 c62c3fc0300d Downloading 304.1MB
 c62c3fc0300d Downloading 304.1MB
 c62c3fc0300d Downloading 304.1MB
 c62c3fc0300d Downloading 304.1MB
 c62c3fc0300d Downloading 304.1MB
 c62c3fc0300d Downloading 304.1MB
 c62c3fc0300d Downloading 304.1MB
 c62c3fc0300d Downloading 304.1MB
 c62c3fc0300d Downloading 304.1MB
 c62c3fc0300d Downloading 304.1MB
 c62c3fc0300d Downloading 304.1MB
 c62c3fc0300d Downloading 304.1MB
 c62c3fc0300d Downloading 305.1MB
 c62c3fc0300d Downloading 305.1MB
 c62c3fc0300d Downloading 305.1MB
 c62c3fc0300d Downloading 305.1MB
 c62c3fc0300d Downloading 305.1MB
 c62c3fc0300d Downloading 305.1MB
 c62c3fc0300d Downloading 305.1MB
 c62c3fc0300d Downloading 305.1MB
 c62c3fc0300d Downloading 305.1MB
 c62c3fc0300d Downloading 305.1MB
 c62c3fc0300d Downloading 305.1MB
 c62c3fc0300d Downloading 305.1MB
 c62c3fc0300d Downloading 305.1MB
 c62c3fc0300d Downloading 305.1MB
 c62c3fc0300d Downloading 305.1MB
 c62c3fc0300d Downloading 305.1MB
 c62c3fc0300d Downloading 305.1MB
 c62c3fc0300d Downloading 305.1MB
 c62c3fc0300d Downloading 305.1MB
 c62c3fc0300d Downloading 305.1MB
 c62c3fc0300d Downloading 305.1MB
 c62c3fc0300d Downloading 305.1MB
 c62c3fc0300d Downloading 305.1MB
 c62c3fc0300d Downloading 305.1MB
 c62c3fc0300d Downloading 305.1MB
 c62c3fc0300d Downloading 305.1MB
 c62c3fc0300d Downloading 305.1MB
 c62c3fc0300d Downloading 305.1MB
 c62c3fc0300d Downloading 305.1MB
 c62c3fc0300d Downloading 305.1MB
 c62c3fc0300d Downloading 305.1MB
 c62c3fc0300d Downloading 305.1MB
 c62c3fc0300d Downloading 305.1MB
 c62c3fc0300d Downloading 305.1MB
 c62c3fc0300d Downloading 305.1MB
 c62c3fc0300d Downloading 305.1MB
 c62c3fc0300d Downloading 305.1MB
 c62c3fc0300d Downloading 305.1MB
 c62c3fc0300d Downloading 305.1MB
 c62c3fc0300d Downloading 305.1MB
 c62c3fc0300d Downloading 305.1MB
 c62c3fc0300d Downloading 305.1MB
 c62c3fc0300d Downloading 305.1MB
 c62c3fc0300d Downloading 305.1MB
 c62c3fc0300d Downloading 305.1MB
 c62c3fc0300d Downloading 306.2MB
 c62c3fc0300d Downloading 306.2MB
 c62c3fc0300d Downloading 306.2MB
 c62c3fc0300d Downloading 306.2MB
 c62c3fc0300d Downloading 306.2MB
 c62c3fc0300d Downloading 306.2MB
 c62c3fc0300d Downloading 306.2MB
 c62c3fc0300d Downloading 306.2MB
 c62c3fc0300d Downloading 306.2MB
 c62c3fc0300d Downloading 306.2MB
 c62c3fc0300d Downloading 306.2MB
 c62c3fc0300d Downloading 306.2MB
 c62c3fc0300d Downloading 306.2MB
 c62c3fc0300d Downloading 306.2MB
 c62c3fc0300d Downloading 306.2MB
 c62c3fc0300d Downloading 306.2MB
 c62c3fc0300d Downloading 306.2MB
 c62c3fc0300d Downloading 306.2MB
 c62c3fc0300d Downloading 306.2MB
 c62c3fc0300d Downloading 306.2MB
 c62c3fc0300d Downloading 306.2MB
 c62c3fc0300d Downloading 306.2MB
 c62c3fc0300d Downloading 306.2MB
 c62c3fc0300d Downloading 306.2MB
 c62c3fc0300d Downloading 306.2MB
 c62c3fc0300d Downloading 306.2MB
 c62c3fc0300d Downloading 306.2MB
 c62c3fc0300d Downloading 306.2MB
 c62c3fc0300d Downloading 306.2MB
 c62c3fc0300d Downloading 306.2MB
 c62c3fc0300d Downloading 306.2MB
 c62c3fc0300d Downloading 307.2MB
 c62c3fc0300d Downloading 307.2MB
 c62c3fc0300d Downloading 307.2MB
 c62c3fc0300d Downloading 307.2MB
 c62c3fc0300d Downloading 307.2MB
 c62c3fc0300d Downloading 307.2MB
 c62c3fc0300d Downloading 307.2MB
 c62c3fc0300d Downloading 307.2MB
 c62c3fc0300d Downloading 307.2MB
 c62c3fc0300d Downloading 307.2MB
 c62c3fc0300d Downloading 307.2MB
 c62c3fc0300d Downloading 307.2MB
 c62c3fc0300d Downloading 307.2MB
 c62c3fc0300d Downloading 307.2MB
 c62c3fc0300d Downloading 307.2MB
 c62c3fc0300d Downloading 307.2MB
 c62c3fc0300d Downloading 307.2MB
 c62c3fc0300d Downloading 307.2MB
 c62c3fc0300d Downloading 307.2MB
 c62c3fc0300d Downloading 307.2MB
 c62c3fc0300d Downloading 307.2MB
 c62c3fc0300d Downloading 307.2MB
 c62c3fc0300d Downloading 307.2MB
 c62c3fc0300d Downloading 307.2MB
 c62c3fc0300d Downloading 307.2MB
 c62c3fc0300d Downloading 307.2MB
 c62c3fc0300d Downloading 307.2MB
 c62c3fc0300d Downloading 307.2MB
 c62c3fc0300d Downloading 307.2MB
 c62c3fc0300d Downloading 307.2MB
 c62c3fc0300d Downloading 307.2MB
 c62c3fc0300d Downloading 307.2MB
 c62c3fc0300d Downloading 307.2MB
 c62c3fc0300d Downloading 307.2MB
 c62c3fc0300d Downloading 307.2MB
 c62c3fc0300d Downloading 307.2MB
 c62c3fc0300d Downloading 307.2MB
 c62c3fc0300d Downloading 307.2MB
 c62c3fc0300d Downloading 307.2MB
 c62c3fc0300d Downloading 307.2MB
 c62c3fc0300d Downloading 307.2MB
 c62c3fc0300d Downloading 307.2MB
 c62c3fc0300d Downloading 307.2MB
 c62c3fc0300d Downloading 308.3MB
 c62c3fc0300d Downloading 308.3MB
 c62c3fc0300d Downloading 308.3MB
 c62c3fc0300d Downloading 308.3MB
 c62c3fc0300d Downloading 308.3MB
 c62c3fc0300d Downloading 308.3MB
 c62c3fc0300d Downloading 308.3MB
 c62c3fc0300d Downloading 308.3MB
 c62c3fc0300d Downloading 308.3MB
 c62c3fc0300d Downloading 308.3MB
 c62c3fc0300d Downloading 308.3MB
 c62c3fc0300d Downloading 308.3MB
 c62c3fc0300d Downloading 308.3MB
 c62c3fc0300d Downloading 308.3MB
 c62c3fc0300d Downloading 308.3MB
 c62c3fc0300d Downloading 308.3MB
 c62c3fc0300d Downloading 308.3MB
 c62c3fc0300d Downloading 308.3MB
 c62c3fc0300d Downloading 308.3MB
 c62c3fc0300d Downloading 308.3MB
 c62c3fc0300d Downloading 308.3MB
 c62c3fc0300d Downloading 308.3MB
 c62c3fc0300d Downloading 308.3MB
 c62c3fc0300d Downloading 308.3MB
 c62c3fc0300d Downloading 308.3MB
 c62c3fc0300d Downloading 308.3MB
 c62c3fc0300d Downloading 308.3MB
 c62c3fc0300d Downloading 308.3MB
 c62c3fc0300d Downloading 308.3MB
 c62c3fc0300d Downloading 308.3MB
 c62c3fc0300d Downloading 308.3MB
 c62c3fc0300d Downloading 308.3MB
 c62c3fc0300d Downloading 308.3MB
 c62c3fc0300d Downloading 308.3MB
 c62c3fc0300d Downloading 308.3MB
 c62c3fc0300d Downloading 308.3MB
 c62c3fc0300d Downloading 308.3MB
 c62c3fc0300d Downloading 308.3MB
 c62c3fc0300d Downloading 308.3MB
 c62c3fc0300d Downloading 308.3MB
 c62c3fc0300d Downloading 308.3MB
 c62c3fc0300d Downloading 308.3MB
 c62c3fc0300d Downloading 308.3MB
 c62c3fc0300d Downloading 308.3MB
 c62c3fc0300d Downloading 308.3MB
 c62c3fc0300d Downloading 308.3MB
 c62c3fc0300d Downloading 308.3MB
 c62c3fc0300d Downloading 308.3MB
 c62c3fc0300d Downloading 308.3MB
 c62c3fc0300d Downloading 308.3MB
 c62c3fc0300d Downloading 308.3MB
 c62c3fc0300d Downloading 308.3MB
 c62c3fc0300d Downloading 308.3MB
 c62c3fc0300d Downloading 308.3MB
 c62c3fc0300d Downloading 308.3MB
 c62c3fc0300d Downloading 308.3MB
 c62c3fc0300d Downloading 308.3MB
 c62c3fc0300d Downloading 308.3MB
 c62c3fc0300d Downloading 308.3MB
 c62c3fc0300d Downloading 308.3MB
 c62c3fc0300d Downloading 308.3MB
 c62c3fc0300d Downloading 309.3MB
 c62c3fc0300d Downloading 309.3MB
 c62c3fc0300d Downloading 309.3MB
 c62c3fc0300d Downloading 309.3MB
 c62c3fc0300d Downloading 309.3MB
 c62c3fc0300d Downloading 309.3MB
 c62c3fc0300d Downloading 309.3MB
 c62c3fc0300d Downloading 309.3MB
 c62c3fc0300d Downloading 309.3MB
 c62c3fc0300d Downloading 309.3MB
 c62c3fc0300d Downloading 309.3MB
 c62c3fc0300d Downloading 309.3MB
 c62c3fc0300d Downloading 309.3MB
 c62c3fc0300d Downloading 309.3MB
 c62c3fc0300d Downloading 309.3MB
 c62c3fc0300d Downloading 309.3MB
 c62c3fc0300d Downloading 309.3MB
 c62c3fc0300d Downloading 309.3MB
 c62c3fc0300d Downloading 309.3MB
 c62c3fc0300d Downloading 309.3MB
 c62c3fc0300d Downloading 309.3MB
 c62c3fc0300d Downloading 309.3MB
 c62c3fc0300d Downloading 309.3MB
 c62c3fc0300d Downloading 309.3MB
 c62c3fc0300d Downloading 309.3MB
 c62c3fc0300d Downloading 309.3MB
 c62c3fc0300d Downloading 309.3MB
 c62c3fc0300d Downloading 309.3MB
 c62c3fc0300d Downloading 309.3MB
 c62c3fc0300d Downloading 309.3MB
 c62c3fc0300d Downloading 309.3MB
 c62c3fc0300d Downloading 309.3MB
 c62c3fc0300d Downloading 309.3MB
 c62c3fc0300d Downloading 309.3MB
 c62c3fc0300d Downloading 309.3MB
 c62c3fc0300d Downloading 309.3MB
 c62c3fc0300d Downloading 309.3MB
 c62c3fc0300d Downloading 309.3MB
 c62c3fc0300d Downloading 309.3MB
 c62c3fc0300d Downloading 309.3MB
 c62c3fc0300d Downloading 309.3MB
 c62c3fc0300d Downloading 309.3MB
 c62c3fc0300d Downloading 309.3MB
 c62c3fc0300d Downloading 309.3MB
 c62c3fc0300d Downloading 309.3MB
 c62c3fc0300d Downloading 309.3MB
 c62c3fc0300d Downloading 309.3MB
 c62c3fc0300d Downloading 309.3MB
 c62c3fc0300d Downloading 309.3MB
 c62c3fc0300d Downloading 309.3MB
 c62c3fc0300d Downloading 309.3MB
 c62c3fc0300d Downloading 309.3MB
 c62c3fc0300d Downloading 309.3MB
 c62c3fc0300d Downloading 309.3MB
 c62c3fc0300d Downloading 309.3MB
 c62c3fc0300d Downloading 309.3MB
 c62c3fc0300d Downloading 310.4MB
 c62c3fc0300d Downloading 310.4MB
 c62c3fc0300d Downloading 310.4MB
 c62c3fc0300d Downloading 310.4MB
 c62c3fc0300d Downloading 310.4MB
 c62c3fc0300d Downloading 310.4MB
 c62c3fc0300d Downloading 310.4MB
 c62c3fc0300d Downloading 310.4MB
 c62c3fc0300d Downloading 310.4MB
 c62c3fc0300d Downloading 310.4MB
 c62c3fc0300d Downloading 310.4MB
 c62c3fc0300d Downloading 310.4MB
 c62c3fc0300d Downloading 310.4MB
 c62c3fc0300d Downloading 310.4MB
 c62c3fc0300d Downloading 310.4MB
 c62c3fc0300d Downloading 310.4MB
 c62c3fc0300d Downloading 310.4MB
 c62c3fc0300d Downloading 311.4MB
 c62c3fc0300d Downloading 311.4MB
 c62c3fc0300d Downloading 311.4MB
 c62c3fc0300d Downloading 311.4MB
 c62c3fc0300d Downloading 311.4MB
 c62c3fc0300d Downloading 311.4MB
 c62c3fc0300d Downloading 311.4MB
 c62c3fc0300d Downloading 311.4MB
 c62c3fc0300d Downloading 311.4MB
 c62c3fc0300d Downloading 311.4MB
 c62c3fc0300d Downloading 311.4MB
 c62c3fc0300d Downloading 311.4MB
 c62c3fc0300d Downloading 311.4MB
 c62c3fc0300d Downloading 311.4MB
 c62c3fc0300d Downloading 311.4MB
 c62c3fc0300d Downloading 311.4MB
 c62c3fc0300d Downloading 311.4MB
 c62c3fc0300d Downloading 311.4MB
 c62c3fc0300d Downloading 311.4MB
 c62c3fc0300d Downloading 311.4MB
 c62c3fc0300d Downloading 311.4MB
 c62c3fc0300d Downloading 311.4MB
 c62c3fc0300d Downloading 311.4MB
 c62c3fc0300d Downloading 311.4MB
 c62c3fc0300d Downloading 311.4MB
 c62c3fc0300d Downloading 311.4MB
 c62c3fc0300d Downloading 311.4MB
 c62c3fc0300d Downloading 311.4MB
 c62c3fc0300d Downloading 311.4MB
 c62c3fc0300d Downloading 311.4MB
 c62c3fc0300d Downloading 311.4MB
 c62c3fc0300d Downloading 311.4MB
 c62c3fc0300d Downloading 311.4MB
 c62c3fc0300d Downloading 311.4MB
 c62c3fc0300d Downloading 311.4MB
 c62c3fc0300d Downloading 311.4MB
 c62c3fc0300d Downloading 311.4MB
 c62c3fc0300d Downloading 311.4MB
 c62c3fc0300d Downloading 311.4MB
 c62c3fc0300d Downloading 311.4MB
 c62c3fc0300d Downloading 311.4MB
 c62c3fc0300d Downloading 311.4MB
 c62c3fc0300d Downloading 311.4MB
 c62c3fc0300d Downloading 311.4MB
 c62c3fc0300d Downloading 311.4MB
 c62c3fc0300d Downloading 311.4MB
 c62c3fc0300d Downloading 312.5MB
 c62c3fc0300d Downloading 312.5MB
 c62c3fc0300d Downloading 312.5MB
 c62c3fc0300d Downloading 312.5MB
 c62c3fc0300d Downloading 312.5MB
 c62c3fc0300d Downloading 312.5MB
 c62c3fc0300d Downloading 312.5MB
 c62c3fc0300d Downloading 312.5MB
 c62c3fc0300d Downloading 312.5MB
 c62c3fc0300d Downloading 312.5MB
 c62c3fc0300d Downloading 312.5MB
 c62c3fc0300d Downloading 312.5MB
 c62c3fc0300d Downloading 312.5MB
 c62c3fc0300d Downloading 312.5MB
 c62c3fc0300d Downloading 312.5MB
 c62c3fc0300d Downloading 312.5MB
 c62c3fc0300d Downloading 312.5MB
 c62c3fc0300d Downloading 312.5MB
 c62c3fc0300d Downloading 312.5MB
 c62c3fc0300d Downloading 312.5MB
 c62c3fc0300d Downloading 312.5MB
 c62c3fc0300d Downloading 312.5MB
 c62c3fc0300d Downloading 312.5MB
 c62c3fc0300d Downloading 312.5MB
 c62c3fc0300d Downloading 312.5MB
 c62c3fc0300d Downloading 312.5MB
 c62c3fc0300d Downloading 312.5MB
 c62c3fc0300d Downloading 312.5MB
 c62c3fc0300d Downloading 312.5MB
 c62c3fc0300d Downloading 312.5MB
 c62c3fc0300d Downloading 312.5MB
 c62c3fc0300d Downloading 312.5MB
 c62c3fc0300d Downloading 312.5MB
 c62c3fc0300d Downloading 312.5MB
 c62c3fc0300d Downloading 312.5MB
 c62c3fc0300d Downloading 312.5MB
 c62c3fc0300d Downloading 312.5MB
 c62c3fc0300d Downloading 312.5MB
 c62c3fc0300d Downloading 312.5MB
 c62c3fc0300d Downloading 312.5MB
 c62c3fc0300d Downloading 313.5MB
 c62c3fc0300d Downloading 313.5MB
 c62c3fc0300d Downloading 313.5MB
 c62c3fc0300d Downloading 313.5MB
 c62c3fc0300d Downloading 313.5MB
 c62c3fc0300d Downloading 313.5MB
 c62c3fc0300d Downloading 313.5MB
 c62c3fc0300d Downloading 313.5MB
 c62c3fc0300d Downloading 313.5MB
 c62c3fc0300d Downloading 313.5MB
 c62c3fc0300d Downloading 313.5MB
 c62c3fc0300d Downloading 313.5MB
 c62c3fc0300d Downloading 313.5MB
 c62c3fc0300d Downloading 313.5MB
 c62c3fc0300d Downloading 313.5MB
 c62c3fc0300d Downloading 313.5MB
 c62c3fc0300d Downloading 313.5MB
 c62c3fc0300d Downloading 313.5MB
 c62c3fc0300d Downloading 313.5MB
 c62c3fc0300d Downloading 313.5MB
 c62c3fc0300d Downloading 313.5MB
 c62c3fc0300d Downloading 313.5MB
 c62c3fc0300d Downloading 313.5MB
 c62c3fc0300d Downloading 313.5MB
 c62c3fc0300d Downloading 313.5MB
 c62c3fc0300d Downloading 313.5MB
 c62c3fc0300d Downloading 313.5MB
 c62c3fc0300d Downloading 313.5MB
 c62c3fc0300d Downloading 314.6MB
 c62c3fc0300d Downloading 314.6MB
 c62c3fc0300d Downloading 314.6MB
 c62c3fc0300d Downloading 314.6MB
 c62c3fc0300d Downloading 314.6MB
 c62c3fc0300d Downloading 314.6MB
 c62c3fc0300d Downloading 314.6MB
 c62c3fc0300d Downloading 314.6MB
 c62c3fc0300d Downloading 314.6MB
 c62c3fc0300d Downloading 314.6MB
 c62c3fc0300d Downloading 314.6MB
 c62c3fc0300d Downloading 314.6MB
 c62c3fc0300d Downloading 314.6MB
 c62c3fc0300d Downloading 314.6MB
 c62c3fc0300d Downloading 314.6MB
 c62c3fc0300d Downloading 314.6MB
 c62c3fc0300d Downloading 314.6MB
 c62c3fc0300d Downloading 314.6MB
 c62c3fc0300d Downloading 314.6MB
 c62c3fc0300d Downloading 314.6MB
 c62c3fc0300d Downloading 314.6MB
 c62c3fc0300d Downloading 314.6MB
 c62c3fc0300d Downloading 314.6MB
 c62c3fc0300d Downloading 314.6MB
 c62c3fc0300d Downloading 314.6MB
 c62c3fc0300d Downloading 314.6MB
 c62c3fc0300d Downloading 314.6MB
 c62c3fc0300d Downloading 314.6MB
 c62c3fc0300d Downloading 314.6MB
 c62c3fc0300d Downloading 314.6MB
 c62c3fc0300d Downloading 314.6MB
 c62c3fc0300d Downloading 314.6MB
 c62c3fc0300d Downloading 314.6MB
 c62c3fc0300d Downloading 314.6MB
 c62c3fc0300d Downloading 314.6MB
 c62c3fc0300d Downloading 315.6MB
 c62c3fc0300d Downloading 315.6MB
 c62c3fc0300d Downloading 315.6MB
 c62c3fc0300d Downloading 315.6MB
 c62c3fc0300d Downloading 315.6MB
 c62c3fc0300d Downloading 315.6MB
 c62c3fc0300d Downloading 315.6MB
 c62c3fc0300d Downloading 315.6MB
 c62c3fc0300d Downloading 315.6MB
 c62c3fc0300d Downloading 315.6MB
 c62c3fc0300d Downloading 315.6MB
 c62c3fc0300d Downloading 315.6MB
 c62c3fc0300d Downloading 315.6MB
 c62c3fc0300d Downloading 315.6MB
 c62c3fc0300d Downloading 315.6MB
 c62c3fc0300d Downloading 315.6MB
 c62c3fc0300d Downloading 315.6MB
 c62c3fc0300d Downloading 315.6MB
 c62c3fc0300d Downloading 315.6MB
 c62c3fc0300d Downloading 315.6MB
 c62c3fc0300d Downloading 315.6MB
 c62c3fc0300d Downloading 315.6MB
 c62c3fc0300d Downloading 315.6MB
 c62c3fc0300d Downloading 315.6MB
 c62c3fc0300d Downloading 315.6MB
 c62c3fc0300d Downloading 315.6MB
 c62c3fc0300d Downloading 315.6MB
 c62c3fc0300d Downloading 315.6MB
 c62c3fc0300d Downloading 315.6MB
 c62c3fc0300d Downloading 315.6MB
 c62c3fc0300d Downloading 315.6MB
 c62c3fc0300d Downloading 315.6MB
 c62c3fc0300d Downloading 315.6MB
 c62c3fc0300d Downloading 315.6MB
 c62c3fc0300d Downloading 315.6MB
 c62c3fc0300d Downloading 315.6MB
 c62c3fc0300d Downloading 315.6MB
 c62c3fc0300d Downloading 315.6MB
 c62c3fc0300d Downloading 315.6MB
 c62c3fc0300d Downloading 315.6MB
 c62c3fc0300d Downloading 315.6MB
 c62c3fc0300d Downloading 315.6MB
 c62c3fc0300d Downloading 316.7MB
 c62c3fc0300d Downloading 316.7MB
 c62c3fc0300d Downloading 316.7MB
 c62c3fc0300d Downloading 316.7MB
 c62c3fc0300d Downloading 316.7MB
 c62c3fc0300d Downloading 316.7MB
 c62c3fc0300d Downloading 316.7MB
 c62c3fc0300d Downloading 316.7MB
 c62c3fc0300d Downloading 316.7MB
 c62c3fc0300d Downloading 316.7MB
 c62c3fc0300d Downloading 316.7MB
 c62c3fc0300d Downloading 316.7MB
 c62c3fc0300d Downloading 316.7MB
 c62c3fc0300d Downloading 316.7MB
 c62c3fc0300d Downloading 316.7MB
 c62c3fc0300d Downloading 316.7MB
 c62c3fc0300d Downloading 316.7MB
 c62c3fc0300d Downloading 316.7MB
 c62c3fc0300d Downloading 316.7MB
 c62c3fc0300d Downloading 316.7MB
 c62c3fc0300d Downloading 316.7MB
 c62c3fc0300d Downloading 316.7MB
 c62c3fc0300d Downloading 316.7MB
 c62c3fc0300d Downloading 316.7MB
 c62c3fc0300d Downloading 316.7MB
 c62c3fc0300d Downloading 316.7MB
 c62c3fc0300d Downloading 316.7MB
 c62c3fc0300d Downloading 316.7MB
 c62c3fc0300d Downloading 316.7MB
 c62c3fc0300d Downloading 316.7MB
 c62c3fc0300d Downloading 316.7MB
 c62c3fc0300d Downloading 316.7MB
 c62c3fc0300d Downloading 316.7MB
 c62c3fc0300d Downloading 316.7MB
 c62c3fc0300d Downloading 316.7MB
 c62c3fc0300d Downloading 316.7MB
 c62c3fc0300d Downloading 316.7MB
 c62c3fc0300d Downloading 316.7MB
 c62c3fc0300d Downloading 316.7MB
 c62c3fc0300d Downloading 316.7MB
 c62c3fc0300d Downloading 316.7MB
 c62c3fc0300d Downloading 316.7MB
 c62c3fc0300d Downloading 316.7MB
 c62c3fc0300d Downloading 316.7MB
 c62c3fc0300d Downloading 316.7MB
 c62c3fc0300d Downloading 316.7MB
 c62c3fc0300d Downloading 316.7MB
 c62c3fc0300d Downloading 316.7MB
 c62c3fc0300d Downloading 316.7MB
 c62c3fc0300d Downloading 316.7MB
 c62c3fc0300d Downloading 316.7MB
 c62c3fc0300d Downloading 316.7MB
 c62c3fc0300d Downloading 316.7MB
 c62c3fc0300d Downloading 316.7MB
 c62c3fc0300d Downloading 316.7MB
 c62c3fc0300d Downloading 316.7MB
 c62c3fc0300d Downloading 316.7MB
 c62c3fc0300d Downloading 316.7MB
 c62c3fc0300d Downloading 316.7MB
 c62c3fc0300d Downloading 316.7MB
 c62c3fc0300d Downloading 316.7MB
 c62c3fc0300d Downloading 316.7MB
 c62c3fc0300d Downloading 316.7MB
 c62c3fc0300d Downloading 316.7MB
 c62c3fc0300d Downloading 317.7MB
 c62c3fc0300d Downloading 317.7MB
 c62c3fc0300d Downloading 317.7MB
 c62c3fc0300d Downloading 317.7MB
 c62c3fc0300d Downloading 317.7MB
 c62c3fc0300d Downloading 317.7MB
 c62c3fc0300d Downloading 317.7MB
 c62c3fc0300d Downloading 317.7MB
 c62c3fc0300d Downloading 317.7MB
 c62c3fc0300d Downloading 317.7MB
 c62c3fc0300d Downloading 317.7MB
 c62c3fc0300d Downloading 317.7MB
 c62c3fc0300d Downloading 317.7MB
 c62c3fc0300d Downloading 317.7MB
 c62c3fc0300d Downloading 317.7MB
 c62c3fc0300d Downloading 317.7MB
 c62c3fc0300d Downloading 317.7MB
 c62c3fc0300d Downloading 317.7MB
 c62c3fc0300d Downloading 317.7MB
 c62c3fc0300d Downloading 317.7MB
 c62c3fc0300d Downloading 317.7MB
 c62c3fc0300d Downloading 317.7MB
 c62c3fc0300d Downloading 317.7MB
 c62c3fc0300d Downloading 317.7MB
 c62c3fc0300d Downloading 317.7MB
 c62c3fc0300d Downloading 317.7MB
 c62c3fc0300d Downloading 317.7MB
 c62c3fc0300d Downloading 317.7MB
 c62c3fc0300d Downloading 317.7MB
 c62c3fc0300d Downloading 317.7MB
 c62c3fc0300d Downloading 317.7MB
 c62c3fc0300d Downloading 317.7MB
 c62c3fc0300d Downloading 317.7MB
 c62c3fc0300d Downloading 317.7MB
 c62c3fc0300d Downloading 317.7MB
 c62c3fc0300d Downloading 317.7MB
 c62c3fc0300d Downloading 317.7MB
 c62c3fc0300d Downloading 317.7MB
 c62c3fc0300d Downloading 317.7MB
 c62c3fc0300d Downloading 317.7MB
 c62c3fc0300d Downloading 317.7MB
 c62c3fc0300d Downloading 317.7MB
 c62c3fc0300d Downloading 317.7MB
 c62c3fc0300d Downloading 317.7MB
 c62c3fc0300d Downloading 317.7MB
 c62c3fc0300d Downloading 317.7MB
 c62c3fc0300d Downloading 318.8MB
 c62c3fc0300d Downloading 318.8MB
 c62c3fc0300d Downloading 318.8MB
 c62c3fc0300d Downloading 318.8MB
 c62c3fc0300d Downloading 318.8MB
 c62c3fc0300d Downloading 318.8MB
 c62c3fc0300d Downloading 318.8MB
 c62c3fc0300d Downloading 318.8MB
 c62c3fc0300d Downloading 318.8MB
 c62c3fc0300d Downloading 318.8MB
 c62c3fc0300d Downloading 318.8MB
 c62c3fc0300d Downloading 318.8MB
 c62c3fc0300d Downloading 318.8MB
 c62c3fc0300d Downloading 318.8MB
 c62c3fc0300d Downloading 318.8MB
 c62c3fc0300d Downloading 318.8MB
 c62c3fc0300d Downloading 318.8MB
 c62c3fc0300d Downloading 318.8MB
 c62c3fc0300d Downloading 318.8MB
 c62c3fc0300d Downloading 318.8MB
 c62c3fc0300d Downloading 318.8MB
 c62c3fc0300d Downloading 318.8MB
 c62c3fc0300d Downloading 318.8MB
 c62c3fc0300d Downloading 318.8MB
 c62c3fc0300d Downloading 318.8MB
 c62c3fc0300d Downloading 318.8MB
 c62c3fc0300d Downloading 318.8MB
 c62c3fc0300d Downloading 319.8MB
 c62c3fc0300d Downloading 319.8MB
 c62c3fc0300d Downloading 319.8MB
 c62c3fc0300d Downloading 319.8MB
 c62c3fc0300d Downloading 319.8MB
 c62c3fc0300d Downloading 319.8MB
 c62c3fc0300d Downloading 319.8MB
 c62c3fc0300d Downloading 319.8MB
 c62c3fc0300d Downloading 319.8MB
 c62c3fc0300d Downloading 319.8MB
 c62c3fc0300d Downloading 319.8MB
 c62c3fc0300d Downloading 319.8MB
 c62c3fc0300d Downloading 319.8MB
 c62c3fc0300d Downloading 319.8MB
 c62c3fc0300d Downloading 319.8MB
 c62c3fc0300d Downloading 319.8MB
 c62c3fc0300d Downloading 319.8MB
 c62c3fc0300d Downloading 319.8MB
 c62c3fc0300d Downloading 319.8MB
 c62c3fc0300d Downloading 319.8MB
 c62c3fc0300d Downloading 319.8MB
 c62c3fc0300d Downloading 319.8MB
 c62c3fc0300d Downloading 319.8MB
 c62c3fc0300d Downloading 319.8MB
 c62c3fc0300d Downloading 319.8MB
 c62c3fc0300d Downloading 319.8MB
 c62c3fc0300d Downloading 319.8MB
 c62c3fc0300d Downloading 319.8MB
 c62c3fc0300d Downloading 319.8MB
 c62c3fc0300d Downloading 319.8MB
 c62c3fc0300d Downloading 319.8MB
 c62c3fc0300d Downloading 319.8MB
 c62c3fc0300d Downloading 319.8MB
 c62c3fc0300d Downloading 319.8MB
 c62c3fc0300d Downloading 319.8MB
 c62c3fc0300d Downloading 319.8MB
 c62c3fc0300d Downloading 319.8MB
 c62c3fc0300d Downloading 319.8MB
 c62c3fc0300d Downloading 319.8MB
 c62c3fc0300d Downloading 319.8MB
 c62c3fc0300d Downloading 319.8MB
 c62c3fc0300d Downloading 319.8MB
 c62c3fc0300d Downloading 319.8MB
 c62c3fc0300d Downloading 319.8MB
 c62c3fc0300d Downloading 319.8MB
 c62c3fc0300d Downloading 319.8MB
 c62c3fc0300d Downloading 319.8MB
 c62c3fc0300d Downloading 319.8MB
 c62c3fc0300d Downloading 319.8MB
 c62c3fc0300d Downloading 319.8MB
 c62c3fc0300d Downloading 319.8MB
 c62c3fc0300d Downloading 319.8MB
 c62c3fc0300d Downloading 319.8MB
 c62c3fc0300d Downloading 320.9MB
 c62c3fc0300d Downloading 320.9MB
 c62c3fc0300d Downloading 320.9MB
 c62c3fc0300d Downloading 320.9MB
 c62c3fc0300d Downloading 320.9MB
 c62c3fc0300d Downloading 320.9MB
 c62c3fc0300d Downloading 320.9MB
 c62c3fc0300d Downloading 320.9MB
 c62c3fc0300d Downloading 320.9MB
 c62c3fc0300d Downloading 320.9MB
 c62c3fc0300d Downloading 320.9MB
 c62c3fc0300d Downloading 320.9MB
 c62c3fc0300d Downloading 320.9MB
 c62c3fc0300d Downloading 320.9MB
 c62c3fc0300d Downloading 320.9MB
 c62c3fc0300d Downloading 320.9MB
 c62c3fc0300d Downloading 320.9MB
 c62c3fc0300d Downloading 320.9MB
 c62c3fc0300d Downloading 320.9MB
 c62c3fc0300d Downloading 320.9MB
 c62c3fc0300d Downloading 320.9MB
 c62c3fc0300d Downloading 320.9MB
 c62c3fc0300d Downloading 320.9MB
 c62c3fc0300d Downloading 320.9MB
 c62c3fc0300d Downloading 320.9MB
 c62c3fc0300d Downloading 320.9MB
 c62c3fc0300d Downloading 320.9MB
 c62c3fc0300d Downloading 320.9MB
 c62c3fc0300d Downloading 320.9MB
 c62c3fc0300d Downloading 320.9MB
 c62c3fc0300d Downloading 320.9MB
 c62c3fc0300d Downloading 320.9MB
 c62c3fc0300d Downloading 320.9MB
 c62c3fc0300d Downloading 320.9MB
 c62c3fc0300d Downloading 320.9MB
 c62c3fc0300d Downloading 320.9MB
 c62c3fc0300d Downloading 320.9MB
 c62c3fc0300d Downloading 320.9MB
 c62c3fc0300d Downloading 320.9MB
 c62c3fc0300d Downloading 320.9MB
 c62c3fc0300d Downloading 320.9MB
 c62c3fc0300d Downloading 320.9MB
 c62c3fc0300d Downloading 320.9MB
 c62c3fc0300d Downloading 320.9MB
 c62c3fc0300d Downloading 320.9MB
 c62c3fc0300d Downloading 320.9MB
 c62c3fc0300d Downloading 320.9MB
 c62c3fc0300d Downloading 320.9MB
 c62c3fc0300d Downloading 320.9MB
 c62c3fc0300d Downloading 320.9MB
 c62c3fc0300d Downloading 320.9MB
 c62c3fc0300d Downloading 320.9MB
 c62c3fc0300d Downloading 320.9MB
 c62c3fc0300d Downloading 320.9MB
 c62c3fc0300d Downloading 320.9MB
 c62c3fc0300d Downloading 320.9MB
 c62c3fc0300d Downloading 320.9MB
 c62c3fc0300d Downloading 320.9MB
 c62c3fc0300d Downloading 320.9MB
 c62c3fc0300d Downloading 320.9MB
 c62c3fc0300d Downloading 320.9MB
 c62c3fc0300d Downloading 320.9MB
 c62c3fc0300d Downloading 320.9MB
 c62c3fc0300d Downloading 320.9MB
 c62c3fc0300d Downloading 320.9MB
 c62c3fc0300d Downloading 320.9MB
 c62c3fc0300d Downloading 320.9MB
 c62c3fc0300d Downloading 320.9MB
 c62c3fc0300d Downloading 320.9MB
 c62c3fc0300d Downloading 320.9MB
 c62c3fc0300d Downloading 320.9MB
 c62c3fc0300d Downloading 320.9MB
 c62c3fc0300d Downloading 320.9MB
 c62c3fc0300d Downloading 321.9MB
 c62c3fc0300d Downloading 321.9MB
 c62c3fc0300d Downloading 321.9MB
 c62c3fc0300d Downloading 321.9MB
 c62c3fc0300d Downloading 321.9MB
 c62c3fc0300d Downloading 321.9MB
 c62c3fc0300d Downloading 321.9MB
 c62c3fc0300d Downloading 321.9MB
 c62c3fc0300d Downloading 321.9MB
 c62c3fc0300d Downloading 321.9MB
 c62c3fc0300d Downloading 321.9MB
 c62c3fc0300d Downloading 321.9MB
 c62c3fc0300d Downloading 321.9MB
 c62c3fc0300d Downloading 321.9MB
 c62c3fc0300d Downloading 321.9MB
 c62c3fc0300d Downloading 321.9MB
 c62c3fc0300d Downloading 321.9MB
 c62c3fc0300d Downloading 321.9MB
 c62c3fc0300d Downloading 321.9MB
 c62c3fc0300d Downloading 321.9MB
 c62c3fc0300d Downloading 321.9MB
 c62c3fc0300d Downloading 321.9MB
 c62c3fc0300d Downloading 321.9MB
 c62c3fc0300d Downloading 321.9MB
 c62c3fc0300d Downloading 321.9MB
 c62c3fc0300d Downloading 321.9MB
 c62c3fc0300d Downloading 321.9MB
 c62c3fc0300d Downloading 321.9MB
 c62c3fc0300d Downloading 321.9MB
 c62c3fc0300d Downloading 321.9MB
 c62c3fc0300d Downloading 321.9MB
 c62c3fc0300d Downloading 321.9MB
 c62c3fc0300d Downloading 321.9MB
 c62c3fc0300d Downloading 321.9MB
 c62c3fc0300d Downloading 321.9MB
 c62c3fc0300d Downloading 321.9MB
 c62c3fc0300d Downloading 321.9MB
 c62c3fc0300d Downloading 321.9MB
 c62c3fc0300d Downloading 321.9MB
 c62c3fc0300d Downloading 321.9MB
 c62c3fc0300d Downloading 321.9MB
 c62c3fc0300d Downloading 321.9MB
 c62c3fc0300d Downloading 321.9MB
 c62c3fc0300d Downloading 321.9MB
 c62c3fc0300d Downloading 321.9MB
 c62c3fc0300d Downloading 321.9MB
 c62c3fc0300d Downloading 321.9MB
 c62c3fc0300d Downloading 321.9MB
 c62c3fc0300d Downloading 321.9MB
 c62c3fc0300d Downloading 321.9MB
 c62c3fc0300d Downloading 321.9MB
 c62c3fc0300d Downloading 321.9MB
 c62c3fc0300d Downloading 321.9MB
 c62c3fc0300d Downloading 321.9MB
 c62c3fc0300d Downloading 321.9MB
 c62c3fc0300d Downloading 323MB
 c62c3fc0300d Downloading 323MB
 c62c3fc0300d Downloading 323MB
 c62c3fc0300d Downloading 323MB
 c62c3fc0300d Downloading 323MB
 c62c3fc0300d Downloading 323MB
 c62c3fc0300d Downloading 323MB
 c62c3fc0300d Downloading 323MB
 c62c3fc0300d Downloading 323MB
 c62c3fc0300d Downloading 323MB
 c62c3fc0300d Downloading 323MB
 c62c3fc0300d Downloading 323MB
 c62c3fc0300d Downloading 323MB
 c62c3fc0300d Downloading 323MB
 c62c3fc0300d Downloading 323MB
 c62c3fc0300d Downloading 323MB
 c62c3fc0300d Downloading 323MB
 c62c3fc0300d Downloading 323MB
 c62c3fc0300d Downloading 323MB
 c62c3fc0300d Downloading 323MB
 c62c3fc0300d Downloading 323MB
 c62c3fc0300d Downloading 323MB
 c62c3fc0300d Downloading 323MB
 c62c3fc0300d Downloading 323MB
 c62c3fc0300d Downloading 323MB
 c62c3fc0300d Downloading 323MB
 c62c3fc0300d Downloading 323MB
 c62c3fc0300d Downloading 323MB
 c62c3fc0300d Downloading 323MB
 c62c3fc0300d Downloading 323MB
 c62c3fc0300d Downloading 323MB
 c62c3fc0300d Downloading 323MB
 c62c3fc0300d Downloading 323MB
 c62c3fc0300d Downloading 323MB
 c62c3fc0300d Downloading 323MB
 c62c3fc0300d Downloading 323MB
 c62c3fc0300d Downloading 323MB
 c62c3fc0300d Downloading 323MB
 c62c3fc0300d Downloading 323MB
 c62c3fc0300d Downloading 323MB
 c62c3fc0300d Downloading 323MB
 c62c3fc0300d Downloading 323MB
 c62c3fc0300d Downloading 323MB
 c62c3fc0300d Downloading 323MB
 c62c3fc0300d Downloading 323MB
 c62c3fc0300d Downloading 323MB
 c62c3fc0300d Downloading 323MB
 c62c3fc0300d Downloading 323MB
 c62c3fc0300d Downloading 323MB
 c62c3fc0300d Downloading 323MB
 c62c3fc0300d Downloading 323MB
 c62c3fc0300d Downloading 323MB
 c62c3fc0300d Downloading 323MB
 c62c3fc0300d Downloading 323MB
 c62c3fc0300d Downloading 323MB
 c62c3fc0300d Downloading 323MB
 c62c3fc0300d Downloading 323MB
 c62c3fc0300d Downloading 323MB
 c62c3fc0300d Downloading 323MB
 c62c3fc0300d Downloading 323MB
 c62c3fc0300d Downloading 323MB
 c62c3fc0300d Downloading 323MB
 c62c3fc0300d Downloading 323MB
 c62c3fc0300d Downloading 323MB
 c62c3fc0300d Downloading 323MB
 c62c3fc0300d Downloading 323MB
 c62c3fc0300d Downloading 323MB
 c62c3fc0300d Downloading 323MB
 c62c3fc0300d Downloading 323MB
 c62c3fc0300d Downloading 323MB
 c62c3fc0300d Downloading 323MB
 c62c3fc0300d Downloading 323MB
 c62c3fc0300d Downloading 323MB
 c62c3fc0300d Downloading 323MB
 c62c3fc0300d Downloading 323MB
 c62c3fc0300d Downloading 323MB
 c62c3fc0300d Downloading 323MB
 c62c3fc0300d Downloading 323MB
 c62c3fc0300d Downloading 323MB
 c62c3fc0300d Downloading 324MB
 c62c3fc0300d Downloading 324MB
 c62c3fc0300d Downloading 324MB
 c62c3fc0300d Downloading 324MB
 c62c3fc0300d Downloading 324MB
 c62c3fc0300d Downloading 324MB
 c62c3fc0300d Downloading 324MB
 c62c3fc0300d Downloading 324MB
 c62c3fc0300d Downloading 324MB
 c62c3fc0300d Downloading 324MB
 c62c3fc0300d Downloading 324MB
 c62c3fc0300d Downloading 324MB
 c62c3fc0300d Downloading 324MB
 c62c3fc0300d Downloading 324MB
 c62c3fc0300d Downloading 324MB
 c62c3fc0300d Downloading 324MB
 c62c3fc0300d Downloading 324MB
 c62c3fc0300d Downloading 324MB
 c62c3fc0300d Downloading 324MB
 c62c3fc0300d Downloading 324MB
 c62c3fc0300d Downloading 324MB
 c62c3fc0300d Downloading 324MB
 c62c3fc0300d Downloading 324MB
 c62c3fc0300d Downloading 324MB
 c62c3fc0300d Downloading 324MB
 c62c3fc0300d Downloading 324MB
 c62c3fc0300d Downloading 324MB
 c62c3fc0300d Downloading 324MB
 c62c3fc0300d Downloading 324MB
 c62c3fc0300d Downloading 324MB
 c62c3fc0300d Downloading 324MB
 c62c3fc0300d Downloading 324MB
 c62c3fc0300d Downloading 324MB
 c62c3fc0300d Downloading 324MB
 c62c3fc0300d Downloading 324MB
 c62c3fc0300d Downloading 324MB
 c62c3fc0300d Downloading 324MB
 c62c3fc0300d Downloading 324MB
 c62c3fc0300d Downloading 324MB
 c62c3fc0300d Downloading 324MB
 c62c3fc0300d Downloading 324MB
 c62c3fc0300d Downloading 324MB
 c62c3fc0300d Downloading 324MB
 c62c3fc0300d Downloading 324MB
 c62c3fc0300d Downloading 324MB
 c62c3fc0300d Downloading 324MB
 c62c3fc0300d Downloading 324MB
 c62c3fc0300d Downloading 325.1MB
 c62c3fc0300d Downloading 325.1MB
 c62c3fc0300d Downloading 325.1MB
 c62c3fc0300d Downloading 325.1MB
 c62c3fc0300d Downloading 325.1MB
 c62c3fc0300d Downloading 325.1MB
 c62c3fc0300d Downloading 325.1MB
 c62c3fc0300d Downloading 325.1MB
 c62c3fc0300d Downloading 325.1MB
 c62c3fc0300d Downloading 325.1MB
 c62c3fc0300d Downloading 325.1MB
 c62c3fc0300d Downloading 325.1MB
 c62c3fc0300d Downloading 325.1MB
 c62c3fc0300d Downloading 325.1MB
 c62c3fc0300d Downloading 325.1MB
 c62c3fc0300d Downloading 325.1MB
 c62c3fc0300d Downloading 325.1MB
 c62c3fc0300d Downloading 325.1MB
 c62c3fc0300d Downloading 325.1MB
 c62c3fc0300d Downloading 325.1MB
 c62c3fc0300d Downloading 325.1MB
 c62c3fc0300d Downloading 325.1MB
 c62c3fc0300d Downloading 325.1MB
 c62c3fc0300d Downloading 325.1MB
 c62c3fc0300d Downloading 325.1MB
 c62c3fc0300d Downloading 325.1MB
 c62c3fc0300d Downloading 325.1MB
 c62c3fc0300d Downloading 325.1MB
 c62c3fc0300d Downloading 325.1MB
 c62c3fc0300d Downloading 325.1MB
 c62c3fc0300d Downloading 325.1MB
 c62c3fc0300d Downloading 325.1MB
 c62c3fc0300d Downloading 325.1MB
 c62c3fc0300d Downloading 325.1MB
 c62c3fc0300d Downloading 325.1MB
 c62c3fc0300d Downloading 325.1MB
 c62c3fc0300d Downloading 325.1MB
 c62c3fc0300d Downloading 325.1MB
 c62c3fc0300d Downloading 325.1MB
 c62c3fc0300d Downloading 325.1MB
 c62c3fc0300d Downloading 325.1MB
 c62c3fc0300d Downloading 325.1MB
 c62c3fc0300d Downloading 325.1MB
 c62c3fc0300d Downloading 325.1MB
 c62c3fc0300d Downloading 325.1MB
 c62c3fc0300d Downloading 325.1MB
 c62c3fc0300d Downloading 325.1MB
 c62c3fc0300d Downloading 325.1MB
 c62c3fc0300d Downloading 325.1MB
 c62c3fc0300d Downloading 325.1MB
 c62c3fc0300d Downloading 325.1MB
 c62c3fc0300d Downloading 325.1MB
 c62c3fc0300d Downloading 325.1MB
 c62c3fc0300d Downloading 325.1MB
 c62c3fc0300d Downloading 325.1MB
 c62c3fc0300d Downloading 325.1MB
 c62c3fc0300d Downloading 325.1MB
 c62c3fc0300d Downloading 325.1MB
 c62c3fc0300d Downloading 325.1MB
 c62c3fc0300d Downloading 325.1MB
 c62c3fc0300d Downloading 325.1MB
 c62c3fc0300d Downloading 325.1MB
 c62c3fc0300d Downloading 325.1MB
 c62c3fc0300d Downloading 325.1MB
 c62c3fc0300d Downloading 325.1MB
 c62c3fc0300d Downloading 325.1MB
 c62c3fc0300d Downloading 325.1MB
 c62c3fc0300d Downloading 326.1MB
 c62c3fc0300d Downloading 326.1MB
 c62c3fc0300d Downloading 326.1MB
 c62c3fc0300d Downloading 326.1MB
 c62c3fc0300d Downloading 326.1MB
 c62c3fc0300d Downloading 326.1MB
 c62c3fc0300d Downloading 326.1MB
 c62c3fc0300d Downloading 326.1MB
 c62c3fc0300d Downloading 326.1MB
 c62c3fc0300d Downloading 326.1MB
 c62c3fc0300d Downloading 326.1MB
 c62c3fc0300d Downloading 326.1MB
 c62c3fc0300d Downloading 326.1MB
 c62c3fc0300d Downloading 326.1MB
 c62c3fc0300d Downloading 326.1MB
 c62c3fc0300d Downloading 326.1MB
 c62c3fc0300d Downloading 326.1MB
 c62c3fc0300d Downloading 326.1MB
 c62c3fc0300d Downloading 326.1MB
 c62c3fc0300d Downloading 326.1MB
 c62c3fc0300d Downloading 326.1MB
 c62c3fc0300d Downloading 327.2MB
 c62c3fc0300d Downloading 327.2MB
 c62c3fc0300d Downloading 327.2MB
 c62c3fc0300d Downloading 327.2MB
 c62c3fc0300d Downloading 327.2MB
 c62c3fc0300d Downloading 327.2MB
 c62c3fc0300d Downloading 327.2MB
 c62c3fc0300d Downloading 327.2MB
 c62c3fc0300d Downloading 327.2MB
 c62c3fc0300d Downloading 327.2MB
 c62c3fc0300d Downloading 327.2MB
 c62c3fc0300d Downloading 327.2MB
 c62c3fc0300d Downloading 327.2MB
 c62c3fc0300d Downloading 327.2MB
 c62c3fc0300d Downloading 327.2MB
 c62c3fc0300d Downloading 327.2MB
 c62c3fc0300d Downloading 327.2MB
 c62c3fc0300d Downloading 327.2MB
 c62c3fc0300d Downloading 327.2MB
 c62c3fc0300d Downloading 327.2MB
 c62c3fc0300d Downloading 327.2MB
 c62c3fc0300d Downloading 327.2MB
 c62c3fc0300d Downloading 327.2MB
 c62c3fc0300d Downloading 327.2MB
 c62c3fc0300d Downloading 327.2MB
 c62c3fc0300d Downloading 327.2MB
 c62c3fc0300d Downloading 327.2MB
 c62c3fc0300d Downloading 327.2MB
 c62c3fc0300d Downloading 327.2MB
 c62c3fc0300d Downloading 327.2MB
 c62c3fc0300d Downloading 327.2MB
 c62c3fc0300d Downloading 327.2MB
 c62c3fc0300d Downloading 327.2MB
 c62c3fc0300d Downloading 328.2MB
 c62c3fc0300d Downloading 328.2MB
 c62c3fc0300d Downloading 328.2MB
 c62c3fc0300d Downloading 328.2MB
 c62c3fc0300d Downloading 328.2MB
 c62c3fc0300d Downloading 328.2MB
 c62c3fc0300d Downloading 328.2MB
 c62c3fc0300d Downloading 328.2MB
 c62c3fc0300d Downloading 328.2MB
 c62c3fc0300d Downloading 328.2MB
 c62c3fc0300d Downloading 328.2MB
 c62c3fc0300d Downloading 328.2MB
 c62c3fc0300d Downloading 328.2MB
 c62c3fc0300d Downloading 328.2MB
 c62c3fc0300d Downloading 328.2MB
 c62c3fc0300d Downloading 328.2MB
 c62c3fc0300d Downloading 328.2MB
 c62c3fc0300d Downloading 328.2MB
 c62c3fc0300d Downloading 328.2MB
 c62c3fc0300d Downloading 328.2MB
 c62c3fc0300d Downloading 328.2MB
 c62c3fc0300d Downloading 328.2MB
 c62c3fc0300d Downloading 328.2MB
 c62c3fc0300d Downloading 328.2MB
 c62c3fc0300d Downloading 328.2MB
 c62c3fc0300d Downloading 328.2MB
 c62c3fc0300d Downloading 328.2MB
 c62c3fc0300d Downloading 328.2MB
 c62c3fc0300d Downloading 328.2MB
 c62c3fc0300d Downloading 328.2MB
 c62c3fc0300d Downloading 328.2MB
 c62c3fc0300d Downloading 328.2MB
 c62c3fc0300d Downloading 329.3MB
 c62c3fc0300d Downloading 329.3MB
 c62c3fc0300d Downloading 329.3MB
 c62c3fc0300d Downloading 329.3MB
 c62c3fc0300d Downloading 329.3MB
 c62c3fc0300d Downloading 329.3MB
 c62c3fc0300d Downloading 329.3MB
 c62c3fc0300d Downloading 329.3MB
 c62c3fc0300d Downloading 329.3MB
 c62c3fc0300d Downloading 329.3MB
 c62c3fc0300d Downloading 329.3MB
 c62c3fc0300d Downloading 329.3MB
 c62c3fc0300d Downloading 329.3MB
 c62c3fc0300d Downloading 329.3MB
 c62c3fc0300d Downloading 329.3MB
 c62c3fc0300d Downloading 329.3MB
 c62c3fc0300d Downloading 329.3MB
 c62c3fc0300d Downloading 329.3MB
 c62c3fc0300d Downloading 329.3MB
 c62c3fc0300d Downloading 329.3MB
 c62c3fc0300d Downloading 329.3MB
 c62c3fc0300d Downloading 329.3MB
 c62c3fc0300d Downloading 329.3MB
 c62c3fc0300d Downloading 329.3MB
 c62c3fc0300d Downloading 329.3MB
 c62c3fc0300d Downloading 329.3MB
 c62c3fc0300d Downloading 329.3MB
 c62c3fc0300d Downloading 329.3MB
 c62c3fc0300d Downloading 330.3MB
 c62c3fc0300d Downloading 330.3MB
 c62c3fc0300d Downloading 330.3MB
 c62c3fc0300d Downloading 330.3MB
 c62c3fc0300d Downloading 330.3MB
 c62c3fc0300d Downloading 330.3MB
 c62c3fc0300d Downloading 330.3MB
 c62c3fc0300d Downloading 330.3MB
 c62c3fc0300d Downloading 330.3MB
 c62c3fc0300d Downloading 330.3MB
 c62c3fc0300d Downloading 330.3MB
 c62c3fc0300d Downloading 330.3MB
 c62c3fc0300d Downloading 330.3MB
 c62c3fc0300d Downloading 330.3MB
 c62c3fc0300d Downloading 330.3MB
 c62c3fc0300d Downloading 330.3MB
 c62c3fc0300d Downloading 330.3MB
 c62c3fc0300d Downloading 330.3MB
 c62c3fc0300d Downloading 330.3MB
 c62c3fc0300d Downloading 330.3MB
 c62c3fc0300d Downloading 330.3MB
 c62c3fc0300d Downloading 330.3MB
 c62c3fc0300d Downloading 331.4MB
 c62c3fc0300d Downloading 331.4MB
 c62c3fc0300d Downloading 331.4MB
 c62c3fc0300d Downloading 331.4MB
 c62c3fc0300d Downloading 331.4MB
 c62c3fc0300d Downloading 331.4MB
 c62c3fc0300d Downloading 331.4MB
 c62c3fc0300d Downloading 331.4MB
 c62c3fc0300d Downloading 331.4MB
 c62c3fc0300d Downloading 331.4MB
 c62c3fc0300d Downloading 331.4MB
 c62c3fc0300d Downloading 331.4MB
 c62c3fc0300d Downloading 331.4MB
 c62c3fc0300d Downloading 331.4MB
 c62c3fc0300d Downloading 331.4MB
 c62c3fc0300d Downloading 331.4MB
 c62c3fc0300d Downloading 331.4MB
 c62c3fc0300d Downloading 331.4MB
 c62c3fc0300d Downloading 331.4MB
 c62c3fc0300d Downloading 331.4MB
 c62c3fc0300d Downloading 331.4MB
 c62c3fc0300d Downloading 331.4MB
 c62c3fc0300d Downloading 332.4MB
 c62c3fc0300d Downloading 332.4MB
 c62c3fc0300d Downloading 332.4MB
 c62c3fc0300d Downloading 332.4MB
 c62c3fc0300d Downloading 332.4MB
 c62c3fc0300d Downloading 332.4MB
 c62c3fc0300d Downloading 332.4MB
 c62c3fc0300d Downloading 332.4MB
 c62c3fc0300d Downloading 332.4MB
 c62c3fc0300d Downloading 332.4MB
 c62c3fc0300d Downloading 332.4MB
 c62c3fc0300d Downloading 332.4MB
 c62c3fc0300d Downloading 332.4MB
 c62c3fc0300d Downloading 332.4MB
 c62c3fc0300d Downloading 332.4MB
 c62c3fc0300d Downloading 332.4MB
 c62c3fc0300d Downloading 332.4MB
 c62c3fc0300d Downloading 332.4MB
 c62c3fc0300d Downloading 332.4MB
 c62c3fc0300d Downloading 332.4MB
 c62c3fc0300d Downloading 332.4MB
 c62c3fc0300d Downloading 332.4MB
 c62c3fc0300d Downloading 332.4MB
 c62c3fc0300d Downloading 332.4MB
 c62c3fc0300d Downloading 332.4MB
 c62c3fc0300d Downloading 332.4MB
 c62c3fc0300d Downloading 332.4MB
 c62c3fc0300d Downloading 332.4MB
 c62c3fc0300d Downloading 333.4MB
 c62c3fc0300d Downloading 333.4MB
 c62c3fc0300d Downloading 333.4MB
 c62c3fc0300d Downloading 333.4MB
 c62c3fc0300d Downloading 333.4MB
 c62c3fc0300d Downloading 333.4MB
 c62c3fc0300d Downloading 333.4MB
 c62c3fc0300d Downloading 333.4MB
 c62c3fc0300d Downloading 333.4MB
 c62c3fc0300d Downloading 333.4MB
 c62c3fc0300d Downloading 333.4MB
 c62c3fc0300d Downloading 333.4MB
 c62c3fc0300d Downloading 333.4MB
 c62c3fc0300d Downloading 333.4MB
 c62c3fc0300d Downloading 333.4MB
 c62c3fc0300d Downloading 333.4MB
 c62c3fc0300d Downloading 333.4MB
 c62c3fc0300d Downloading 333.4MB
 c62c3fc0300d Downloading 333.4MB
 c62c3fc0300d Downloading 333.4MB
 c62c3fc0300d Downloading 333.4MB
 c62c3fc0300d Downloading 333.4MB
 c62c3fc0300d Downloading 333.4MB
 c62c3fc0300d Downloading 333.4MB
 c62c3fc0300d Downloading 333.4MB
 c62c3fc0300d Downloading 333.4MB
 c62c3fc0300d Downloading 333.4MB
 c62c3fc0300d Downloading 333.4MB
 c62c3fc0300d Downloading 333.4MB
 c62c3fc0300d Downloading 333.4MB
 c62c3fc0300d Downloading 333.4MB
 c62c3fc0300d Downloading 333.4MB
 c62c3fc0300d Downloading 333.4MB
 c62c3fc0300d Downloading 333.4MB
 c62c3fc0300d Downloading 333.4MB
 c62c3fc0300d Downloading 333.4MB
 c62c3fc0300d Downloading 333.4MB
 c62c3fc0300d Downloading 333.4MB
 c62c3fc0300d Downloading 333.4MB
 c62c3fc0300d Downloading 333.4MB
 c62c3fc0300d Downloading 333.4MB
 c62c3fc0300d Downloading 333.4MB
 c62c3fc0300d Downloading 333.4MB
 c62c3fc0300d Downloading 333.4MB
 c62c3fc0300d Downloading 333.4MB
 c62c3fc0300d Downloading 334.5MB
 c62c3fc0300d Downloading 334.5MB
 c62c3fc0300d Downloading 334.5MB
 c62c3fc0300d Downloading 334.5MB
 c62c3fc0300d Downloading 334.5MB
 c62c3fc0300d Downloading 334.5MB
 c62c3fc0300d Downloading 334.5MB
 c62c3fc0300d Downloading 334.5MB
 c62c3fc0300d Downloading 334.5MB
 c62c3fc0300d Downloading 334.5MB
 c62c3fc0300d Downloading 334.5MB
 c62c3fc0300d Downloading 334.5MB
 c62c3fc0300d Downloading 334.5MB
 c62c3fc0300d Downloading 334.5MB
 c62c3fc0300d Downloading 334.5MB
 c62c3fc0300d Downloading 334.5MB
 c62c3fc0300d Downloading 334.5MB
 c62c3fc0300d Downloading 334.5MB
 c62c3fc0300d Downloading 334.5MB
 c62c3fc0300d Downloading 334.5MB
 c62c3fc0300d Downloading 334.5MB
 c62c3fc0300d Downloading 334.5MB
 c62c3fc0300d Downloading 334.5MB
 c62c3fc0300d Downloading 334.5MB
 c62c3fc0300d Downloading 334.5MB
 c62c3fc0300d Downloading 334.5MB
 c62c3fc0300d Downloading 334.5MB
 c62c3fc0300d Downloading 334.5MB
 c62c3fc0300d Downloading 334.5MB
 c62c3fc0300d Downloading 334.5MB
 c62c3fc0300d Downloading 334.5MB
 c62c3fc0300d Downloading 334.5MB
 c62c3fc0300d Downloading 334.5MB
 c62c3fc0300d Downloading 334.5MB
 c62c3fc0300d Downloading 334.5MB
 c62c3fc0300d Downloading 334.5MB
 c62c3fc0300d Downloading 334.5MB
 c62c3fc0300d Downloading 334.5MB
 c62c3fc0300d Downloading 334.5MB
 c62c3fc0300d Downloading 335.5MB
 c62c3fc0300d Downloading 335.5MB
 c62c3fc0300d Downloading 335.5MB
 c62c3fc0300d Downloading 335.5MB
 c62c3fc0300d Downloading 335.5MB
 c62c3fc0300d Downloading 335.5MB
 c62c3fc0300d Downloading 335.5MB
 c62c3fc0300d Downloading 335.5MB
 c62c3fc0300d Downloading 335.5MB
 c62c3fc0300d Downloading 335.5MB
 c62c3fc0300d Downloading 335.5MB
 c62c3fc0300d Downloading 335.5MB
 c62c3fc0300d Downloading 335.5MB
 c62c3fc0300d Downloading 335.5MB
 c62c3fc0300d Downloading 335.5MB
 c62c3fc0300d Downloading 335.5MB
 c62c3fc0300d Downloading 335.5MB
 c62c3fc0300d Downloading 335.5MB
 c62c3fc0300d Downloading 335.5MB
 c62c3fc0300d Downloading 335.5MB
 c62c3fc0300d Downloading 335.5MB
 c62c3fc0300d Downloading 335.5MB
 c62c3fc0300d Downloading 335.5MB
 c62c3fc0300d Downloading 335.5MB
 c62c3fc0300d Downloading 335.5MB
 c62c3fc0300d Downloading 335.5MB
 c62c3fc0300d Downloading 335.5MB
 c62c3fc0300d Downloading 335.5MB
 c62c3fc0300d Downloading 335.5MB
 c62c3fc0300d Downloading 335.5MB
 c62c3fc0300d Downloading 335.5MB
 c62c3fc0300d Downloading 335.5MB
 c62c3fc0300d Downloading 335.5MB
 c62c3fc0300d Downloading 335.5MB
 c62c3fc0300d Downloading 335.5MB
 c62c3fc0300d Downloading 335.5MB
 c62c3fc0300d Downloading 335.5MB
 c62c3fc0300d Downloading 335.5MB
 c62c3fc0300d Downloading 335.5MB
 c62c3fc0300d Downloading 335.5MB
 c62c3fc0300d Downloading 335.5MB
 c62c3fc0300d Downloading 335.5MB
 c62c3fc0300d Downloading 335.5MB
 c62c3fc0300d Downloading 336.6MB
 c62c3fc0300d Downloading 336.6MB
 c62c3fc0300d Downloading 336.6MB
 c62c3fc0300d Downloading 336.6MB
 c62c3fc0300d Downloading 336.6MB
 c62c3fc0300d Downloading 336.6MB
 c62c3fc0300d Downloading 336.6MB
 c62c3fc0300d Downloading 336.6MB
 c62c3fc0300d Downloading 336.6MB
 c62c3fc0300d Downloading 336.6MB
 c62c3fc0300d Downloading 336.6MB
 c62c3fc0300d Downloading 336.6MB
 c62c3fc0300d Downloading 336.6MB
 c62c3fc0300d Downloading 336.6MB
 c62c3fc0300d Downloading 336.6MB
 c62c3fc0300d Downloading 336.6MB
 c62c3fc0300d Downloading 336.6MB
 c62c3fc0300d Downloading 336.6MB
 c62c3fc0300d Downloading 336.6MB
 c62c3fc0300d Downloading 336.6MB
 c62c3fc0300d Downloading 336.6MB
 c62c3fc0300d Downloading 336.6MB
 c62c3fc0300d Downloading 336.6MB
 c62c3fc0300d Downloading 336.6MB
 c62c3fc0300d Downloading 336.6MB
 c62c3fc0300d Downloading 336.6MB
 c62c3fc0300d Downloading 336.6MB
 c62c3fc0300d Downloading 337.6MB
 c62c3fc0300d Downloading 337.6MB
 c62c3fc0300d Downloading 337.6MB
 c62c3fc0300d Downloading 337.6MB
 c62c3fc0300d Downloading 337.6MB
 c62c3fc0300d Downloading 337.6MB
 c62c3fc0300d Downloading 337.6MB
 c62c3fc0300d Downloading 337.6MB
 c62c3fc0300d Downloading 337.6MB
 c62c3fc0300d Downloading 337.6MB
 c62c3fc0300d Downloading 337.6MB
 c62c3fc0300d Downloading 337.6MB
 c62c3fc0300d Downloading 337.6MB
 c62c3fc0300d Downloading 337.6MB
 c62c3fc0300d Downloading 337.6MB
 c62c3fc0300d Downloading 337.6MB
 c62c3fc0300d Downloading 337.6MB
 c62c3fc0300d Downloading 337.6MB
 c62c3fc0300d Downloading 337.6MB
 c62c3fc0300d Downloading 337.6MB
 c62c3fc0300d Downloading 337.6MB
 c62c3fc0300d Downloading 337.6MB
 c62c3fc0300d Downloading 337.6MB
 c62c3fc0300d Downloading 337.6MB
 c62c3fc0300d Downloading 337.6MB
 c62c3fc0300d Downloading 337.6MB
 c62c3fc0300d Downloading 337.6MB
 c62c3fc0300d Downloading 337.6MB
 c62c3fc0300d Downloading 337.6MB
 c62c3fc0300d Downloading 337.6MB
 c62c3fc0300d Downloading 337.6MB
 c62c3fc0300d Downloading 337.6MB
 c62c3fc0300d Downloading 337.6MB
 c62c3fc0300d Downloading 337.6MB
 c62c3fc0300d Downloading 337.6MB
 c62c3fc0300d Downloading 337.6MB
 c62c3fc0300d Downloading 338.7MB
 c62c3fc0300d Downloading 338.7MB
 c62c3fc0300d Downloading 338.7MB
 c62c3fc0300d Downloading 338.7MB
 c62c3fc0300d Downloading 338.7MB
 c62c3fc0300d Downloading 338.7MB
 c62c3fc0300d Downloading 338.7MB
 c62c3fc0300d Downloading 338.7MB
 c62c3fc0300d Downloading 338.7MB
 c62c3fc0300d Downloading 338.7MB
 c62c3fc0300d Downloading 338.7MB
 c62c3fc0300d Downloading 338.7MB
 c62c3fc0300d Downloading 338.7MB
 c62c3fc0300d Downloading 338.7MB
 c62c3fc0300d Downloading 338.7MB
 c62c3fc0300d Downloading 338.7MB
 c62c3fc0300d Downloading 338.7MB
 c62c3fc0300d Downloading 338.7MB
 c62c3fc0300d Downloading 338.7MB
 c62c3fc0300d Downloading 338.7MB
 c62c3fc0300d Downloading 338.7MB
 c62c3fc0300d Downloading 338.7MB
 c62c3fc0300d Downloading 338.7MB
 c62c3fc0300d Downloading 338.7MB
 c62c3fc0300d Downloading 338.7MB
 c62c3fc0300d Downloading 338.7MB
 c62c3fc0300d Downloading 338.7MB
 c62c3fc0300d Downloading 338.7MB
 c62c3fc0300d Downloading 339.7MB
 c62c3fc0300d Downloading 339.7MB
 c62c3fc0300d Downloading 339.7MB
 c62c3fc0300d Downloading 339.7MB
 c62c3fc0300d Downloading 339.7MB
 c62c3fc0300d Downloading 339.7MB
 c62c3fc0300d Downloading 339.7MB
 c62c3fc0300d Downloading 339.7MB
 c62c3fc0300d Downloading 339.7MB
 c62c3fc0300d Downloading 339.7MB
 c62c3fc0300d Downloading 339.7MB
 c62c3fc0300d Downloading 339.7MB
 c62c3fc0300d Downloading 339.7MB
 c62c3fc0300d Downloading 339.7MB
 c62c3fc0300d Downloading 339.7MB
 c62c3fc0300d Downloading 339.7MB
 c62c3fc0300d Downloading 339.7MB
 c62c3fc0300d Downloading 339.7MB
 c62c3fc0300d Downloading 339.7MB
 c62c3fc0300d Downloading 339.7MB
 c62c3fc0300d Downloading 339.7MB
 c62c3fc0300d Downloading 339.7MB
 c62c3fc0300d Downloading 339.7MB
 c62c3fc0300d Downloading 339.7MB
 c62c3fc0300d Downloading 339.7MB
 c62c3fc0300d Downloading 339.7MB
 c62c3fc0300d Downloading 339.7MB
 c62c3fc0300d Downloading 339.7MB
 c62c3fc0300d Downloading 339.7MB
 c62c3fc0300d Downloading 339.7MB
 c62c3fc0300d Downloading 339.7MB
 c62c3fc0300d Downloading 339.7MB
 c62c3fc0300d Downloading 339.7MB
 c62c3fc0300d Downloading 339.7MB
 c62c3fc0300d Downloading 339.7MB
 c62c3fc0300d Downloading 339.7MB
 c62c3fc0300d Downloading 339.7MB
 c62c3fc0300d Downloading 339.7MB
 c62c3fc0300d Downloading 340.8MB
 c62c3fc0300d Downloading 340.8MB
 c62c3fc0300d Downloading 340.8MB
 c62c3fc0300d Downloading 340.8MB
 c62c3fc0300d Downloading 340.8MB
 c62c3fc0300d Downloading 340.8MB
 c62c3fc0300d Downloading 340.8MB
 c62c3fc0300d Downloading 340.8MB
 c62c3fc0300d Downloading 340.8MB
 c62c3fc0300d Downloading 340.8MB
 c62c3fc0300d Downloading 340.8MB
 c62c3fc0300d Downloading 340.8MB
 c62c3fc0300d Downloading 340.8MB
 c62c3fc0300d Downloading 340.8MB
 c62c3fc0300d Downloading 340.8MB
 c62c3fc0300d Downloading 340.8MB
 c62c3fc0300d Downloading 340.8MB
 c62c3fc0300d Downloading 340.8MB
 c62c3fc0300d Downloading 340.8MB
 c62c3fc0300d Downloading 340.8MB
 c62c3fc0300d Downloading 340.8MB
 c62c3fc0300d Downloading 340.8MB
 c62c3fc0300d Downloading 340.8MB
 c62c3fc0300d Downloading 340.8MB
 c62c3fc0300d Downloading 340.8MB
 c62c3fc0300d Downloading 340.8MB
 c62c3fc0300d Downloading 341.8MB
 c62c3fc0300d Downloading 341.8MB
 c62c3fc0300d Downloading 341.8MB
 c62c3fc0300d Downloading 341.8MB
 c62c3fc0300d Downloading 341.8MB
 c62c3fc0300d Downloading 341.8MB
 c62c3fc0300d Downloading 341.8MB
 c62c3fc0300d Downloading 341.8MB
 c62c3fc0300d Downloading 341.8MB
 c62c3fc0300d Downloading 341.8MB
 c62c3fc0300d Downloading 341.8MB
 c62c3fc0300d Downloading 341.8MB
 c62c3fc0300d Downloading 341.8MB
 c62c3fc0300d Downloading 341.8MB
 c62c3fc0300d Downloading 341.8MB
 c62c3fc0300d Downloading 341.8MB
 c62c3fc0300d Downloading 341.8MB
 c62c3fc0300d Downloading 341.8MB
 c62c3fc0300d Downloading 341.8MB
 c62c3fc0300d Downloading 341.8MB
 c62c3fc0300d Downloading 341.8MB
 c62c3fc0300d Downloading 341.8MB
 c62c3fc0300d Downloading 341.8MB
 c62c3fc0300d Downloading 342.9MB
 c62c3fc0300d Downloading 342.9MB
 c62c3fc0300d Downloading 342.9MB
 c62c3fc0300d Downloading 342.9MB
 c62c3fc0300d Downloading 342.9MB
 c62c3fc0300d Downloading 342.9MB
 c62c3fc0300d Downloading 342.9MB
 c62c3fc0300d Downloading 342.9MB
 c62c3fc0300d Downloading 342.9MB
 c62c3fc0300d Downloading 342.9MB
 c62c3fc0300d Downloading 342.9MB
 c62c3fc0300d Downloading 342.9MB
 c62c3fc0300d Downloading 342.9MB
 c62c3fc0300d Downloading 342.9MB
 c62c3fc0300d Downloading 342.9MB
 c62c3fc0300d Downloading 342.9MB
 c62c3fc0300d Downloading 342.9MB
 c62c3fc0300d Downloading 342.9MB
 c62c3fc0300d Downloading 342.9MB
 c62c3fc0300d Downloading 342.9MB
 c62c3fc0300d Downloading 342.9MB
 c62c3fc0300d Downloading 342.9MB
 c62c3fc0300d Downloading 342.9MB
 c62c3fc0300d Downloading 342.9MB
 c62c3fc0300d Downloading 342.9MB
 c62c3fc0300d Downloading 342.9MB
 c62c3fc0300d Downloading 342.9MB
 c62c3fc0300d Downloading 342.9MB
 c62c3fc0300d Downloading 342.9MB
 c62c3fc0300d Downloading 342.9MB
 c62c3fc0300d Downloading 343.9MB
 c62c3fc0300d Downloading 343.9MB
 c62c3fc0300d Downloading 343.9MB
 c62c3fc0300d Downloading 343.9MB
 c62c3fc0300d Downloading 343.9MB
 c62c3fc0300d Downloading 343.9MB
 c62c3fc0300d Downloading 343.9MB
 c62c3fc0300d Downloading 343.9MB
 c62c3fc0300d Downloading 343.9MB
 c62c3fc0300d Downloading 343.9MB
 c62c3fc0300d Downloading 343.9MB
 c62c3fc0300d Downloading 343.9MB
 c62c3fc0300d Downloading 343.9MB
 c62c3fc0300d Downloading 343.9MB
 c62c3fc0300d Downloading 343.9MB
 c62c3fc0300d Downloading 343.9MB
 c62c3fc0300d Downloading 343.9MB
 c62c3fc0300d Downloading 343.9MB
 c62c3fc0300d Downloading 343.9MB
 c62c3fc0300d Downloading 343.9MB
 c62c3fc0300d Downloading 343.9MB
 c62c3fc0300d Downloading 343.9MB
 c62c3fc0300d Downloading 343.9MB
 c62c3fc0300d Downloading 343.9MB
 c62c3fc0300d Downloading 343.9MB
 c62c3fc0300d Downloading 343.9MB
 c62c3fc0300d Downloading 343.9MB
 c62c3fc0300d Downloading 343.9MB
 c62c3fc0300d Downloading 343.9MB
 c62c3fc0300d Downloading 343.9MB
 c62c3fc0300d Downloading 343.9MB
 c62c3fc0300d Downloading 343.9MB
 c62c3fc0300d Downloading 343.9MB
 c62c3fc0300d Downloading 343.9MB
 c62c3fc0300d Downloading 343.9MB
 c62c3fc0300d Downloading 343.9MB
 c62c3fc0300d Downloading 343.9MB
 c62c3fc0300d Downloading 343.9MB
 c62c3fc0300d Downloading 345MB
 c62c3fc0300d Downloading 345MB
 c62c3fc0300d Downloading 345MB
 c62c3fc0300d Downloading 345MB
 c62c3fc0300d Downloading 345MB
 c62c3fc0300d Downloading 345MB
 c62c3fc0300d Downloading 345MB
 c62c3fc0300d Downloading 345MB
 c62c3fc0300d Downloading 345MB
 c62c3fc0300d Downloading 345MB
 c62c3fc0300d Downloading 345MB
 c62c3fc0300d Downloading 345MB
 c62c3fc0300d Downloading 345MB
 c62c3fc0300d Downloading 345MB
 c62c3fc0300d Downloading 345MB
 c62c3fc0300d Downloading 345MB
 c62c3fc0300d Downloading 345MB
 c62c3fc0300d Downloading 345MB
 c62c3fc0300d Downloading 345MB
 c62c3fc0300d Downloading 345MB
 c62c3fc0300d Downloading 345MB
 c62c3fc0300d Downloading 345MB
 c62c3fc0300d Downloading 345MB
 c62c3fc0300d Downloading 345MB
 c62c3fc0300d Downloading 345MB
 c62c3fc0300d Downloading 345MB
 c62c3fc0300d Downloading 345MB
 c62c3fc0300d Downloading 345MB
 c62c3fc0300d Downloading 345MB
 c62c3fc0300d Downloading 345MB
 c62c3fc0300d Downloading 345MB
 c62c3fc0300d Downloading 345MB
 c62c3fc0300d Downloading 345MB
 c62c3fc0300d Downloading 345MB
 c62c3fc0300d Downloading 345MB
 c62c3fc0300d Downloading 345MB
 c62c3fc0300d Downloading 345MB
 c62c3fc0300d Downloading 345MB
 c62c3fc0300d Downloading 346MB
 c62c3fc0300d Downloading 346MB
 c62c3fc0300d Downloading 346MB
 c62c3fc0300d Downloading 346MB
 c62c3fc0300d Downloading 346MB
 c62c3fc0300d Downloading 346MB
 c62c3fc0300d Downloading 346MB
 c62c3fc0300d Downloading 346MB
 c62c3fc0300d Downloading 346MB
 c62c3fc0300d Downloading 346MB
 c62c3fc0300d Downloading 346MB
 c62c3fc0300d Downloading 346MB
 c62c3fc0300d Downloading 346MB
 c62c3fc0300d Downloading 346MB
 c62c3fc0300d Downloading 346MB
 c62c3fc0300d Downloading 346MB
 c62c3fc0300d Downloading 346MB
 c62c3fc0300d Downloading 346MB
 c62c3fc0300d Downloading 346MB
 c62c3fc0300d Downloading 346MB
 c62c3fc0300d Downloading 346MB
 c62c3fc0300d Downloading 346MB
 c62c3fc0300d Downloading 346MB
 c62c3fc0300d Downloading 346MB
 c62c3fc0300d Downloading 346MB
 c62c3fc0300d Downloading 346MB
 c62c3fc0300d Downloading 346MB
 c62c3fc0300d Downloading 346MB
 c62c3fc0300d Downloading 346MB
 c62c3fc0300d Downloading 346MB
 c62c3fc0300d Downloading 346MB
 c62c3fc0300d Downloading 346MB
 c62c3fc0300d Downloading 346MB
 c62c3fc0300d Downloading 346MB
 c62c3fc0300d Downloading 346MB
 c62c3fc0300d Downloading 346MB
 c62c3fc0300d Downloading 346MB
 c62c3fc0300d Downloading 346MB
 c62c3fc0300d Downloading 347.1MB
 c62c3fc0300d Downloading 347.1MB
 c62c3fc0300d Downloading 347.1MB
 c62c3fc0300d Downloading 347.1MB
 c62c3fc0300d Downloading 347.1MB
 c62c3fc0300d Downloading 347.1MB
 c62c3fc0300d Downloading 347.1MB
 c62c3fc0300d Downloading 347.1MB
 c62c3fc0300d Downloading 347.1MB
 c62c3fc0300d Downloading 347.1MB
 c62c3fc0300d Downloading 347.1MB
 c62c3fc0300d Downloading 347.1MB
 c62c3fc0300d Downloading 347.1MB
 c62c3fc0300d Downloading 347.1MB
 c62c3fc0300d Downloading 347.1MB
 c62c3fc0300d Downloading 347.1MB
 c62c3fc0300d Downloading 347.1MB
 c62c3fc0300d Downloading 347.1MB
 c62c3fc0300d Downloading 347.1MB
 c62c3fc0300d Downloading 347.1MB
 c62c3fc0300d Downloading 347.1MB
 c62c3fc0300d Downloading 347.1MB
 c62c3fc0300d Downloading 347.1MB
 c62c3fc0300d Downloading 347.1MB
 c62c3fc0300d Downloading 347.1MB
 c62c3fc0300d Downloading 347.1MB
 c62c3fc0300d Downloading 347.1MB
 c62c3fc0300d Downloading 347.1MB
 c62c3fc0300d Downloading 347.1MB
 c62c3fc0300d Downloading 347.1MB
 c62c3fc0300d Downloading 347.1MB
 c62c3fc0300d Downloading 348.1MB
 c62c3fc0300d Downloading 348.1MB
 c62c3fc0300d Downloading 348.1MB
 c62c3fc0300d Downloading 348.1MB
 c62c3fc0300d Downloading 348.1MB
 c62c3fc0300d Downloading 348.1MB
 c62c3fc0300d Downloading 348.1MB
 c62c3fc0300d Downloading 348.1MB
 c62c3fc0300d Downloading 348.1MB
 c62c3fc0300d Downloading 348.1MB
 c62c3fc0300d Downloading 348.1MB
 c62c3fc0300d Downloading 348.1MB
 c62c3fc0300d Downloading 348.1MB
 c62c3fc0300d Downloading 348.1MB
 c62c3fc0300d Downloading 348.1MB
 c62c3fc0300d Downloading 348.1MB
 c62c3fc0300d Downloading 348.1MB
 c62c3fc0300d Downloading 348.1MB
 c62c3fc0300d Downloading 348.1MB
 c62c3fc0300d Downloading 348.1MB
 c62c3fc0300d Downloading 348.1MB
 c62c3fc0300d Downloading 348.1MB
 c62c3fc0300d Downloading 348.1MB
 c62c3fc0300d Downloading 348.1MB
 c62c3fc0300d Downloading 348.1MB
 c62c3fc0300d Downloading 348.1MB
 c62c3fc0300d Downloading 348.1MB
 c62c3fc0300d Downloading 348.1MB
 c62c3fc0300d Downloading 348.1MB
 c62c3fc0300d Downloading 348.1MB
 c62c3fc0300d Downloading 349.2MB
 c62c3fc0300d Downloading 349.2MB
 c62c3fc0300d Downloading 349.2MB
 c62c3fc0300d Downloading 349.2MB
 c62c3fc0300d Downloading 349.2MB
 c62c3fc0300d Downloading 349.2MB
 c62c3fc0300d Downloading 349.2MB
 c62c3fc0300d Downloading 349.2MB
 c62c3fc0300d Downloading 349.2MB
 c62c3fc0300d Downloading 349.2MB
 c62c3fc0300d Downloading 349.2MB
 c62c3fc0300d Downloading 349.2MB
 c62c3fc0300d Downloading 349.2MB
 c62c3fc0300d Downloading 349.2MB
 c62c3fc0300d Downloading 349.2MB
 c62c3fc0300d Downloading 349.2MB
 c62c3fc0300d Downloading 349.2MB
 c62c3fc0300d Downloading 349.2MB
 c62c3fc0300d Downloading 349.2MB
 c62c3fc0300d Downloading 349.2MB
 c62c3fc0300d Downloading 349.2MB
 c62c3fc0300d Downloading 349.2MB
 c62c3fc0300d Downloading 349.2MB
 c62c3fc0300d Downloading 349.2MB
 c62c3fc0300d Downloading 349.2MB
 c62c3fc0300d Downloading 349.2MB
 c62c3fc0300d Downloading 349.2MB
 c62c3fc0300d Downloading 349.2MB
 c62c3fc0300d Downloading 349.2MB
 c62c3fc0300d Downloading 350.2MB
 c62c3fc0300d Downloading 350.2MB
 c62c3fc0300d Downloading 350.2MB
 c62c3fc0300d Downloading 350.2MB
 c62c3fc0300d Downloading 350.2MB
 c62c3fc0300d Downloading 350.2MB
 c62c3fc0300d Downloading 350.2MB
 c62c3fc0300d Downloading 350.2MB
 c62c3fc0300d Downloading 350.2MB
 c62c3fc0300d Downloading 350.2MB
 c62c3fc0300d Downloading 350.2MB
 c62c3fc0300d Downloading 350.2MB
 c62c3fc0300d Downloading 350.2MB
 c62c3fc0300d Downloading 350.2MB
 c62c3fc0300d Downloading 350.2MB
 c62c3fc0300d Downloading 350.2MB
 c62c3fc0300d Downloading 350.2MB
 c62c3fc0300d Downloading 350.2MB
 c62c3fc0300d Downloading 350.2MB
 c62c3fc0300d Downloading 350.2MB
 c62c3fc0300d Downloading 350.2MB
 c62c3fc0300d Downloading 350.2MB
 c62c3fc0300d Downloading 350.2MB
 c62c3fc0300d Downloading 350.2MB
 c62c3fc0300d Downloading 350.2MB
 c62c3fc0300d Downloading 350.2MB
 c62c3fc0300d Downloading 350.2MB
 c62c3fc0300d Downloading 350.2MB
 c62c3fc0300d Downloading 350.2MB
 c62c3fc0300d Downloading 350.2MB
 c62c3fc0300d Downloading 350.2MB
 c62c3fc0300d Downloading 350.2MB
 c62c3fc0300d Downloading 350.2MB
 c62c3fc0300d Downloading 350.2MB
 c62c3fc0300d Downloading 350.2MB
 c62c3fc0300d Downloading 350.2MB
 c62c3fc0300d Downloading 350.2MB
 c62c3fc0300d Downloading 350.2MB
 c62c3fc0300d Downloading 350.2MB
 c62c3fc0300d Downloading 351.3MB
 c62c3fc0300d Downloading 351.3MB
 c62c3fc0300d Downloading 351.3MB
 c62c3fc0300d Downloading 351.3MB
 c62c3fc0300d Downloading 351.3MB
 c62c3fc0300d Downloading 351.3MB
 c62c3fc0300d Downloading 351.3MB
 c62c3fc0300d Downloading 351.3MB
 c62c3fc0300d Downloading 351.3MB
 c62c3fc0300d Downloading 351.3MB
 c62c3fc0300d Downloading 351.3MB
 c62c3fc0300d Downloading 351.3MB
 c62c3fc0300d Downloading 351.3MB
 c62c3fc0300d Downloading 351.3MB
 c62c3fc0300d Downloading 351.3MB
 c62c3fc0300d Downloading 351.3MB
 c62c3fc0300d Downloading 351.3MB
 c62c3fc0300d Downloading 351.3MB
 c62c3fc0300d Downloading 351.3MB
 c62c3fc0300d Downloading 351.3MB
 c62c3fc0300d Downloading 351.3MB
 c62c3fc0300d Downloading 351.3MB
 c62c3fc0300d Downloading 351.3MB
 c62c3fc0300d Downloading 351.3MB
 c62c3fc0300d Downloading 351.3MB
 c62c3fc0300d Downloading 351.3MB
 c62c3fc0300d Downloading 351.3MB
 c62c3fc0300d Downloading 351.3MB
 c62c3fc0300d Downloading 351.3MB
 c62c3fc0300d Downloading 351.3MB
 c62c3fc0300d Downloading 351.3MB
 c62c3fc0300d Downloading 351.3MB
 c62c3fc0300d Downloading 351.3MB
 c62c3fc0300d Downloading 351.3MB
 c62c3fc0300d Downloading 351.3MB
 c62c3fc0300d Downloading 351.3MB
 c62c3fc0300d Downloading 351.3MB
 c62c3fc0300d Downloading 351.3MB
 c62c3fc0300d Downloading 351.3MB
 c62c3fc0300d Downloading 351.3MB
 c62c3fc0300d Downloading 351.3MB
 c62c3fc0300d Downloading 351.3MB
 c62c3fc0300d Downloading 351.3MB
 c62c3fc0300d Downloading 351.3MB
 c62c3fc0300d Downloading 351.3MB
 c62c3fc0300d Downloading 351.3MB
 c62c3fc0300d Downloading 351.3MB
 c62c3fc0300d Downloading 352.3MB
 c62c3fc0300d Downloading 352.3MB
 c62c3fc0300d Downloading 352.3MB
 c62c3fc0300d Downloading 352.3MB
 c62c3fc0300d Downloading 352.3MB
 c62c3fc0300d Downloading 352.3MB
 c62c3fc0300d Downloading 352.3MB
 c62c3fc0300d Downloading 352.3MB
 c62c3fc0300d Downloading 352.3MB
 c62c3fc0300d Downloading 352.3MB
 c62c3fc0300d Downloading 352.3MB
 c62c3fc0300d Downloading 352.3MB
 c62c3fc0300d Downloading 352.3MB
 c62c3fc0300d Downloading 352.3MB
 c62c3fc0300d Downloading 352.3MB
 c62c3fc0300d Downloading 352.3MB
 c62c3fc0300d Downloading 352.3MB
 c62c3fc0300d Downloading 352.3MB
 c62c3fc0300d Downloading 352.3MB
 c62c3fc0300d Downloading 352.3MB
 c62c3fc0300d Downloading 352.3MB
 c62c3fc0300d Downloading 352.3MB
 c62c3fc0300d Downloading 352.3MB
 c62c3fc0300d Downloading 352.3MB
 c62c3fc0300d Downloading 352.3MB
 c62c3fc0300d Downloading 352.3MB
 c62c3fc0300d Downloading 352.3MB
 c62c3fc0300d Downloading 352.3MB
 c62c3fc0300d Downloading 352.3MB
 c62c3fc0300d Downloading 352.3MB
 c62c3fc0300d Downloading 352.3MB
 c62c3fc0300d Downloading 352.3MB
 c62c3fc0300d Downloading 352.3MB
 c62c3fc0300d Downloading 352.3MB
 c62c3fc0300d Downloading 352.3MB
 c62c3fc0300d Downloading 352.3MB
 c62c3fc0300d Downloading 352.3MB
 c62c3fc0300d Downloading 352.3MB
 c62c3fc0300d Downloading 353.4MB
 c62c3fc0300d Downloading 353.4MB
 c62c3fc0300d Downloading 353.4MB
 c62c3fc0300d Downloading 353.4MB
 c62c3fc0300d Downloading 353.4MB
 c62c3fc0300d Downloading 353.4MB
 c62c3fc0300d Downloading 353.4MB
 c62c3fc0300d Downloading 353.4MB
 c62c3fc0300d Downloading 353.4MB
 c62c3fc0300d Downloading 353.4MB
 c62c3fc0300d Downloading 353.4MB
 c62c3fc0300d Downloading 353.4MB
 c62c3fc0300d Downloading 353.4MB
 c62c3fc0300d Downloading 353.4MB
 c62c3fc0300d Downloading 353.4MB
 c62c3fc0300d Downloading 353.4MB
 c62c3fc0300d Downloading 353.4MB
 c62c3fc0300d Downloading 353.4MB
 c62c3fc0300d Downloading 353.4MB
 c62c3fc0300d Downloading 353.4MB
 c62c3fc0300d Downloading 353.4MB
 c62c3fc0300d Downloading 353.4MB
 c62c3fc0300d Downloading 353.4MB
 c62c3fc0300d Downloading 353.4MB
 c62c3fc0300d Downloading 353.4MB
 c62c3fc0300d Downloading 353.4MB
 c62c3fc0300d Downloading 353.4MB
 c62c3fc0300d Downloading 353.4MB
 c62c3fc0300d Downloading 353.4MB
 c62c3fc0300d Downloading 353.4MB
 c62c3fc0300d Downloading 353.4MB
 c62c3fc0300d Downloading 353.4MB
 c62c3fc0300d Downloading 353.4MB
 c62c3fc0300d Downloading 353.4MB
 c62c3fc0300d Downloading 353.4MB
 c62c3fc0300d Downloading 353.4MB
 c62c3fc0300d Downloading 353.4MB
 c62c3fc0300d Downloading 353.4MB
 c62c3fc0300d Downloading 353.4MB
 c62c3fc0300d Downloading 353.4MB
 c62c3fc0300d Downloading 353.4MB
 c62c3fc0300d Downloading 353.4MB
 c62c3fc0300d Downloading 353.4MB
 c62c3fc0300d Downloading 353.4MB
 c62c3fc0300d Downloading 353.4MB
 c62c3fc0300d Downloading 353.4MB
 c62c3fc0300d Downloading 353.4MB
 c62c3fc0300d Downloading 353.4MB
 c62c3fc0300d Downloading 353.4MB
 c62c3fc0300d Downloading 353.4MB
 c62c3fc0300d Downloading 353.4MB
 c62c3fc0300d Downloading 353.4MB
 c62c3fc0300d Downloading 353.4MB
 c62c3fc0300d Downloading 353.4MB
 c62c3fc0300d Downloading 353.4MB
 c62c3fc0300d Downloading 353.4MB
 c62c3fc0300d Downloading 353.4MB
 c62c3fc0300d Downloading 354.4MB
 c62c3fc0300d Downloading 354.4MB
 c62c3fc0300d Downloading 354.4MB
 c62c3fc0300d Downloading 354.4MB
 c62c3fc0300d Downloading 354.4MB
 c62c3fc0300d Downloading 354.4MB
 c62c3fc0300d Downloading 354.4MB
 c62c3fc0300d Downloading 354.4MB
 c62c3fc0300d Downloading 354.4MB
 c62c3fc0300d Downloading 354.4MB
 c62c3fc0300d Downloading 354.4MB
 c62c3fc0300d Downloading 354.4MB
 c62c3fc0300d Downloading 354.4MB
 c62c3fc0300d Downloading 354.4MB
 c62c3fc0300d Downloading 354.4MB
 c62c3fc0300d Downloading 354.4MB
 c62c3fc0300d Downloading 354.4MB
 c62c3fc0300d Downloading 354.4MB
 c62c3fc0300d Downloading 354.4MB
 c62c3fc0300d Downloading 354.4MB
 c62c3fc0300d Downloading 354.4MB
 c62c3fc0300d Downloading 354.4MB
 c62c3fc0300d Downloading 354.4MB
 c62c3fc0300d Downloading 354.4MB
 c62c3fc0300d Downloading 354.4MB
 c62c3fc0300d Downloading 354.4MB
 c62c3fc0300d Downloading 354.4MB
 c62c3fc0300d Downloading 354.4MB
 c62c3fc0300d Downloading 354.4MB
 c62c3fc0300d Downloading 354.4MB
 c62c3fc0300d Downloading 354.4MB
 c62c3fc0300d Downloading 354.4MB
 c62c3fc0300d Downloading 354.4MB
 c62c3fc0300d Downloading 354.4MB
 c62c3fc0300d Downloading 354.4MB
 c62c3fc0300d Downloading 354.4MB
 c62c3fc0300d Downloading 354.4MB
 c62c3fc0300d Downloading 354.4MB
 c62c3fc0300d Downloading 354.4MB
 c62c3fc0300d Downloading 354.4MB
 c62c3fc0300d Downloading 354.4MB
 c62c3fc0300d Downloading 354.4MB
 c62c3fc0300d Downloading 354.4MB
 c62c3fc0300d Downloading 354.4MB
 c62c3fc0300d Downloading 354.4MB
 c62c3fc0300d Downloading 354.4MB
 c62c3fc0300d Downloading 354.4MB
 c62c3fc0300d Downloading 354.4MB
 c62c3fc0300d Downloading 354.4MB
 c62c3fc0300d Downloading 354.4MB
 c62c3fc0300d Downloading 354.4MB
 c62c3fc0300d Downloading 354.4MB
 c62c3fc0300d Downloading 354.4MB
 c62c3fc0300d Downloading 354.4MB
 c62c3fc0300d Downloading 355.5MB
 c62c3fc0300d Downloading 355.5MB
 c62c3fc0300d Downloading 355.5MB
 c62c3fc0300d Downloading 355.5MB
 c62c3fc0300d Downloading 355.5MB
 c62c3fc0300d Downloading 355.5MB
 c62c3fc0300d Downloading 355.5MB
 c62c3fc0300d Downloading 355.5MB
 c62c3fc0300d Downloading 355.5MB
 c62c3fc0300d Downloading 355.5MB
 c62c3fc0300d Downloading 355.5MB
 c62c3fc0300d Downloading 355.5MB
 c62c3fc0300d Downloading 355.5MB
 c62c3fc0300d Downloading 355.5MB
 c62c3fc0300d Downloading 355.5MB
 c62c3fc0300d Downloading 355.5MB
 c62c3fc0300d Downloading 355.5MB
 c62c3fc0300d Downloading 355.5MB
 c62c3fc0300d Downloading 355.5MB
 c62c3fc0300d Downloading 355.5MB
 c62c3fc0300d Downloading 355.5MB
 c62c3fc0300d Downloading 355.5MB
 c62c3fc0300d Downloading 355.5MB
 c62c3fc0300d Downloading 355.5MB
 c62c3fc0300d Downloading 355.5MB
 c62c3fc0300d Downloading 355.5MB
 c62c3fc0300d Downloading 355.5MB
 c62c3fc0300d Downloading 355.5MB
 c62c3fc0300d Downloading 355.5MB
 c62c3fc0300d Downloading 355.5MB
 c62c3fc0300d Downloading 355.5MB
 c62c3fc0300d Downloading 355.5MB
 c62c3fc0300d Downloading 355.5MB
 c62c3fc0300d Downloading 355.5MB
 c62c3fc0300d Downloading 355.5MB
 c62c3fc0300d Downloading 355.5MB
 c62c3fc0300d Downloading 355.5MB
 c62c3fc0300d Downloading 355.5MB
 c62c3fc0300d Downloading 355.5MB
 c62c3fc0300d Downloading 355.5MB
 c62c3fc0300d Downloading 355.5MB
 c62c3fc0300d Downloading 355.5MB
 c62c3fc0300d Downloading 355.5MB
 c62c3fc0300d Downloading 355.5MB
 c62c3fc0300d Downloading 355.5MB
 c62c3fc0300d Downloading 355.5MB
 c62c3fc0300d Downloading 355.5MB
 c62c3fc0300d Downloading 355.5MB
 c62c3fc0300d Downloading 355.5MB
 c62c3fc0300d Downloading 355.5MB
 c62c3fc0300d Downloading 355.5MB
 c62c3fc0300d Downloading 355.5MB
 c62c3fc0300d Downloading 355.5MB
 c62c3fc0300d Downloading 355.5MB
 c62c3fc0300d Downloading 355.5MB
 c62c3fc0300d Downloading 355.5MB
 c62c3fc0300d Downloading 355.5MB
 c62c3fc0300d Downloading 355.5MB
 c62c3fc0300d Downloading 355.5MB
 c62c3fc0300d Downloading 355.5MB
 c62c3fc0300d Downloading 355.5MB
 c62c3fc0300d Downloading 355.5MB
 c62c3fc0300d Downloading 355.5MB
 c62c3fc0300d Downloading 355.5MB
 c62c3fc0300d Downloading 355.5MB
 c62c3fc0300d Downloading 355.5MB
 c62c3fc0300d Downloading 355.5MB
 c62c3fc0300d Downloading 355.5MB
 c62c3fc0300d Downloading 355.5MB
 c62c3fc0300d Downloading 355.5MB
 c62c3fc0300d Downloading 355.5MB
 c62c3fc0300d Downloading 355.5MB
 c62c3fc0300d Downloading 355.5MB
 c62c3fc0300d Downloading 355.5MB
 c62c3fc0300d Downloading 355.5MB
 c62c3fc0300d Downloading 355.5MB
 c62c3fc0300d Downloading 355.5MB
 c62c3fc0300d Downloading 355.5MB
 c62c3fc0300d Downloading 355.5MB
 c62c3fc0300d Downloading 355.5MB
 c62c3fc0300d Downloading 355.5MB
 c62c3fc0300d Downloading 355.5MB
 c62c3fc0300d Downloading 356.5MB
 c62c3fc0300d Downloading 356.5MB
 c62c3fc0300d Downloading 356.5MB
 c62c3fc0300d Downloading 356.5MB
 c62c3fc0300d Downloading 356.5MB
 c62c3fc0300d Downloading 356.5MB
 c62c3fc0300d Downloading 356.5MB
 c62c3fc0300d Downloading 356.5MB
 c62c3fc0300d Downloading 356.5MB
 c62c3fc0300d Downloading 356.5MB
 c62c3fc0300d Downloading 356.5MB
 c62c3fc0300d Downloading 356.5MB
 c62c3fc0300d Downloading 356.5MB
 c62c3fc0300d Downloading 356.5MB
 c62c3fc0300d Downloading 356.5MB
 c62c3fc0300d Downloading 356.5MB
 c62c3fc0300d Downloading 356.5MB
 c62c3fc0300d Downloading 356.5MB
 c62c3fc0300d Downloading 356.5MB
 c62c3fc0300d Downloading 356.5MB
 c62c3fc0300d Downloading 356.5MB
 c62c3fc0300d Downloading 356.5MB
 c62c3fc0300d Downloading 356.5MB
 c62c3fc0300d Downloading 356.5MB
 c62c3fc0300d Downloading 356.5MB
 c62c3fc0300d Downloading 356.5MB
 c62c3fc0300d Downloading 356.5MB
 c62c3fc0300d Downloading 356.5MB
 c62c3fc0300d Downloading 356.5MB
 c62c3fc0300d Downloading 356.5MB
 c62c3fc0300d Downloading 356.5MB
 c62c3fc0300d Downloading 356.5MB
 c62c3fc0300d Downloading 356.5MB
 c62c3fc0300d Downloading 356.5MB
 c62c3fc0300d Downloading 356.5MB
 c62c3fc0300d Downloading 356.5MB
 c62c3fc0300d Downloading 356.5MB
 c62c3fc0300d Downloading 356.5MB
 c62c3fc0300d Downloading 356.5MB
 c62c3fc0300d Downloading 356.5MB
 c62c3fc0300d Downloading 356.5MB
 c62c3fc0300d Downloading 357.6MB
 c62c3fc0300d Downloading 357.6MB
 c62c3fc0300d Downloading 357.6MB
 c62c3fc0300d Downloading 357.6MB
 c62c3fc0300d Downloading 357.6MB
 c62c3fc0300d Downloading 357.6MB
 c62c3fc0300d Downloading 357.6MB
 c62c3fc0300d Downloading 357.6MB
 c62c3fc0300d Downloading 357.6MB
 c62c3fc0300d Downloading 357.6MB
 c62c3fc0300d Downloading 357.6MB
 c62c3fc0300d Downloading 357.6MB
 c62c3fc0300d Downloading 357.6MB
 c62c3fc0300d Downloading 357.6MB
 c62c3fc0300d Downloading 357.6MB
 c62c3fc0300d Downloading 357.6MB
 c62c3fc0300d Downloading 357.6MB
 c62c3fc0300d Downloading 357.6MB
 c62c3fc0300d Downloading 357.6MB
 c62c3fc0300d Downloading 357.6MB
 c62c3fc0300d Downloading 357.6MB
 c62c3fc0300d Downloading 357.6MB
 c62c3fc0300d Downloading 357.6MB
 c62c3fc0300d Downloading 357.6MB
 c62c3fc0300d Downloading 357.6MB
 c62c3fc0300d Downloading 357.6MB
 c62c3fc0300d Downloading 357.6MB
 c62c3fc0300d Downloading 357.6MB
 c62c3fc0300d Downloading 357.6MB
 c62c3fc0300d Downloading 357.6MB
 c62c3fc0300d Downloading 357.6MB
 c62c3fc0300d Downloading 357.6MB
 c62c3fc0300d Downloading 357.6MB
 c62c3fc0300d Downloading 357.6MB
 c62c3fc0300d Downloading 357.6MB
 c62c3fc0300d Downloading 357.6MB
 c62c3fc0300d Downloading 357.6MB
 c62c3fc0300d Downloading 358.6MB
 c62c3fc0300d Downloading 358.6MB
 c62c3fc0300d Downloading 358.6MB
 c62c3fc0300d Downloading 358.6MB
 c62c3fc0300d Downloading 358.6MB
 c62c3fc0300d Downloading 358.6MB
 c62c3fc0300d Downloading 358.6MB
 c62c3fc0300d Downloading 358.6MB
 c62c3fc0300d Downloading 358.6MB
 c62c3fc0300d Downloading 358.6MB
 c62c3fc0300d Downloading 358.6MB
 c62c3fc0300d Downloading 358.6MB
 c62c3fc0300d Downloading 358.6MB
 c62c3fc0300d Downloading 358.6MB
 c62c3fc0300d Downloading 358.6MB
 c62c3fc0300d Downloading 358.6MB
 c62c3fc0300d Downloading 358.6MB
 c62c3fc0300d Downloading 358.6MB
 c62c3fc0300d Downloading 358.6MB
 c62c3fc0300d Downloading 358.6MB
 c62c3fc0300d Downloading 358.6MB
 c62c3fc0300d Downloading 358.6MB
 c62c3fc0300d Downloading 358.6MB
 c62c3fc0300d Downloading 358.6MB
 c62c3fc0300d Downloading 358.6MB
 c62c3fc0300d Downloading 358.6MB
 c62c3fc0300d Downloading 359.7MB
 c62c3fc0300d Downloading 359.7MB
 c62c3fc0300d Downloading 359.7MB
 c62c3fc0300d Downloading 359.7MB
 c62c3fc0300d Downloading 359.7MB
 c62c3fc0300d Downloading 359.7MB
 c62c3fc0300d Downloading 359.7MB
 c62c3fc0300d Downloading 359.7MB
 c62c3fc0300d Downloading 359.7MB
 c62c3fc0300d Downloading 359.7MB
 c62c3fc0300d Downloading 359.7MB
 c62c3fc0300d Downloading 359.7MB
 c62c3fc0300d Downloading 359.7MB
 c62c3fc0300d Downloading 359.7MB
 c62c3fc0300d Downloading 359.7MB
 c62c3fc0300d Downloading 359.7MB
 c62c3fc0300d Downloading 359.7MB
 c62c3fc0300d Downloading 360.7MB
 c62c3fc0300d Downloading 360.7MB
 c62c3fc0300d Downloading 360.7MB
 c62c3fc0300d Downloading 360.7MB
 c62c3fc0300d Downloading 360.7MB
 c62c3fc0300d Downloading 360.7MB
 c62c3fc0300d Downloading 360.7MB
 c62c3fc0300d Downloading 360.7MB
 c62c3fc0300d Downloading 360.7MB
 c62c3fc0300d Downloading 360.7MB
 c62c3fc0300d Downloading 360.7MB
 c62c3fc0300d Downloading 360.7MB
 c62c3fc0300d Downloading 360.7MB
 c62c3fc0300d Downloading 360.7MB
 c62c3fc0300d Downloading 360.7MB
 c62c3fc0300d Downloading 360.7MB
 c62c3fc0300d Downloading 360.7MB
 c62c3fc0300d Downloading 360.7MB
 c62c3fc0300d Downloading 360.7MB
 c62c3fc0300d Downloading 360.7MB
 c62c3fc0300d Downloading 360.7MB
 c62c3fc0300d Downloading 360.7MB
 c62c3fc0300d Downloading 360.7MB
 c62c3fc0300d Downloading 360.7MB
 c62c3fc0300d Downloading 360.7MB
 c62c3fc0300d Downloading 360.7MB
 c62c3fc0300d Downloading 360.7MB
 c62c3fc0300d Downloading 360.7MB
 c62c3fc0300d Downloading 360.7MB
 c62c3fc0300d Downloading 360.7MB
 c62c3fc0300d Downloading 360.7MB
 c62c3fc0300d Downloading 360.7MB
 c62c3fc0300d Downloading 361.8MB
 c62c3fc0300d Downloading 361.8MB
 c62c3fc0300d Downloading 361.8MB
 c62c3fc0300d Downloading 361.8MB
 c62c3fc0300d Downloading 361.8MB
 c62c3fc0300d Downloading 361.8MB
 c62c3fc0300d Downloading 361.8MB
 c62c3fc0300d Downloading 361.8MB
 c62c3fc0300d Downloading 361.8MB
 c62c3fc0300d Downloading 361.8MB
 c62c3fc0300d Downloading 361.8MB
 c62c3fc0300d Downloading 362.8MB
 c62c3fc0300d Downloading 362.8MB
 c62c3fc0300d Downloading 362.8MB
 c62c3fc0300d Downloading 362.8MB
 c62c3fc0300d Downloading 362.8MB
 c62c3fc0300d Downloading 362.8MB
 c62c3fc0300d Downloading 362.8MB
 c62c3fc0300d Downloading 362.8MB
 c62c3fc0300d Downloading 362.8MB
 c62c3fc0300d Downloading 362.8MB
 c62c3fc0300d Downloading 362.8MB
 c62c3fc0300d Downloading 362.8MB
 c62c3fc0300d Downloading 362.8MB
 c62c3fc0300d Downloading 362.8MB
 c62c3fc0300d Downloading 362.8MB
 c62c3fc0300d Downloading 362.8MB
 c62c3fc0300d Downloading 362.8MB
 c62c3fc0300d Downloading 362.8MB
 c62c3fc0300d Downloading 362.8MB
 c62c3fc0300d Downloading 362.8MB
 c62c3fc0300d Downloading 362.8MB
 c62c3fc0300d Downloading 362.8MB
 c62c3fc0300d Downloading 362.8MB
 c62c3fc0300d Downloading 362.8MB
 c62c3fc0300d Downloading 362.8MB
 c62c3fc0300d Downloading 362.8MB
 c62c3fc0300d Downloading 362.8MB
 c62c3fc0300d Downloading 362.8MB
 c62c3fc0300d Downloading 362.8MB
 c62c3fc0300d Downloading 362.8MB
 c62c3fc0300d Downloading 362.8MB
 c62c3fc0300d Downloading 362.8MB
 c62c3fc0300d Downloading 362.8MB
 c62c3fc0300d Downloading 362.8MB
 c62c3fc0300d Downloading 362.8MB
 c62c3fc0300d Downloading 362.8MB
 c62c3fc0300d Downloading 362.8MB
 c62c3fc0300d Downloading 362.8MB
 c62c3fc0300d Downloading 362.8MB
 c62c3fc0300d Downloading 362.8MB
 c62c3fc0300d Downloading 362.8MB
 c62c3fc0300d Downloading 362.8MB
 c62c3fc0300d Downloading 362.8MB
 c62c3fc0300d Downloading 362.8MB
 c62c3fc0300d Downloading 363.9MB
 c62c3fc0300d Downloading 363.9MB
 c62c3fc0300d Downloading 363.9MB
 c62c3fc0300d Downloading 363.9MB
 c62c3fc0300d Downloading 363.9MB
 c62c3fc0300d Downloading 363.9MB
 c62c3fc0300d Downloading 363.9MB
 c62c3fc0300d Downloading 363.9MB
 c62c3fc0300d Downloading 363.9MB
 c62c3fc0300d Downloading 363.9MB
 c62c3fc0300d Downloading 363.9MB
 c62c3fc0300d Downloading 363.9MB
 c62c3fc0300d Downloading 363.9MB
 c62c3fc0300d Downloading 363.9MB
 c62c3fc0300d Downloading 363.9MB
 c62c3fc0300d Downloading 363.9MB
 c62c3fc0300d Downloading 363.9MB
 c62c3fc0300d Downloading 363.9MB
 c62c3fc0300d Downloading 363.9MB
 c62c3fc0300d Downloading 363.9MB
 c62c3fc0300d Downloading 363.9MB
 c62c3fc0300d Downloading 363.9MB
 c62c3fc0300d Downloading 363.9MB
 c62c3fc0300d Downloading 363.9MB
 c62c3fc0300d Downloading 363.9MB
 c62c3fc0300d Downloading 363.9MB
 c62c3fc0300d Downloading 363.9MB
 c62c3fc0300d Downloading 363.9MB
 c62c3fc0300d Downloading 363.9MB
 c62c3fc0300d Downloading 363.9MB
 c62c3fc0300d Downloading 363.9MB
 c62c3fc0300d Downloading 363.9MB
 c62c3fc0300d Downloading 363.9MB
 c62c3fc0300d Downloading 363.9MB
 c62c3fc0300d Downloading 363.9MB
 c62c3fc0300d Downloading 364.9MB
 c62c3fc0300d Downloading 364.9MB
 c62c3fc0300d Downloading 364.9MB
 c62c3fc0300d Downloading 364.9MB
 c62c3fc0300d Downloading 364.9MB
 c62c3fc0300d Downloading 364.9MB
 c62c3fc0300d Downloading 364.9MB
 c62c3fc0300d Downloading 364.9MB
 c62c3fc0300d Downloading 364.9MB
 c62c3fc0300d Downloading 364.9MB
 c62c3fc0300d Downloading 364.9MB
 c62c3fc0300d Downloading 364.9MB
 c62c3fc0300d Downloading 364.9MB
 c62c3fc0300d Downloading 364.9MB
 c62c3fc0300d Downloading 364.9MB
 c62c3fc0300d Downloading 364.9MB
 c62c3fc0300d Downloading 364.9MB
 c62c3fc0300d Downloading 364.9MB
 c62c3fc0300d Downloading 364.9MB
 c62c3fc0300d Downloading 364.9MB
 c62c3fc0300d Downloading 364.9MB
 c62c3fc0300d Downloading 364.9MB
 c62c3fc0300d Downloading 364.9MB
 c62c3fc0300d Downloading 364.9MB
 c62c3fc0300d Downloading 364.9MB
 c62c3fc0300d Downloading 364.9MB
 c62c3fc0300d Downloading 364.9MB
 c62c3fc0300d Downloading 364.9MB
 c62c3fc0300d Downloading 364.9MB
 c62c3fc0300d Downloading 364.9MB
 c62c3fc0300d Downloading 364.9MB
 c62c3fc0300d Downloading 364.9MB
 c62c3fc0300d Downloading 364.9MB
 c62c3fc0300d Downloading 364.9MB
 c62c3fc0300d Downloading 364.9MB
 c62c3fc0300d Downloading 364.9MB
 c62c3fc0300d Downloading 364.9MB
 c62c3fc0300d Downloading 364.9MB
 c62c3fc0300d Downloading 364.9MB
 c62c3fc0300d Downloading 364.9MB
 c62c3fc0300d Downloading 364.9MB
 c62c3fc0300d Downloading 364.9MB
 c62c3fc0300d Downloading 364.9MB
 c62c3fc0300d Downloading 364.9MB
 c62c3fc0300d Downloading 364.9MB
 c62c3fc0300d Downloading 364.9MB
 c62c3fc0300d Downloading 364.9MB
 c62c3fc0300d Downloading 366MB
 c62c3fc0300d Downloading 366MB
 c62c3fc0300d Downloading 366MB
 c62c3fc0300d Downloading 366MB
 c62c3fc0300d Downloading 366MB
 c62c3fc0300d Downloading 366MB
 c62c3fc0300d Downloading 366MB
 c62c3fc0300d Downloading 366MB
 c62c3fc0300d Downloading 366MB
 c62c3fc0300d Downloading 366MB
 c62c3fc0300d Downloading 366MB
 c62c3fc0300d Downloading 366MB
 c62c3fc0300d Downloading 366MB
 c62c3fc0300d Downloading 366MB
 c62c3fc0300d Downloading 366MB
 c62c3fc0300d Downloading 366MB
 c62c3fc0300d Downloading 366MB
 c62c3fc0300d Downloading 366MB
 c62c3fc0300d Downloading 366MB
 c62c3fc0300d Downloading 366MB
 c62c3fc0300d Downloading 366MB
 c62c3fc0300d Downloading 366MB
 c62c3fc0300d Downloading 366MB
 c62c3fc0300d Downloading 366MB
 c62c3fc0300d Downloading 366MB
 c62c3fc0300d Downloading 366MB
 c62c3fc0300d Downloading 366MB
 c62c3fc0300d Downloading 366MB
 c62c3fc0300d Downloading 366MB
 c62c3fc0300d Downloading 366MB
 c62c3fc0300d Downloading 366MB
 c62c3fc0300d Downloading 366MB
 c62c3fc0300d Downloading 366MB
 c62c3fc0300d Downloading 366MB
 c62c3fc0300d Downloading 366MB
 c62c3fc0300d Downloading 366MB
 c62c3fc0300d Downloading 366MB
 c62c3fc0300d Downloading 366MB
 c62c3fc0300d Downloading 366MB
 c62c3fc0300d Downloading 366MB
 c62c3fc0300d Downloading 366MB
 c62c3fc0300d Downloading 366MB
 c62c3fc0300d Downloading 366MB
 c62c3fc0300d Downloading 367MB
 c62c3fc0300d Downloading 367MB
 c62c3fc0300d Downloading 367MB
 c62c3fc0300d Downloading 367MB
 c62c3fc0300d Downloading 367MB
 c62c3fc0300d Downloading 367MB
 c62c3fc0300d Downloading 367MB
 c62c3fc0300d Downloading 367MB
 c62c3fc0300d Downloading 367MB
 c62c3fc0300d Downloading 367MB
 c62c3fc0300d Downloading 367MB
 c62c3fc0300d Downloading 367MB
 c62c3fc0300d Downloading 367MB
 c62c3fc0300d Downloading 367MB
 c62c3fc0300d Downloading 367MB
 c62c3fc0300d Downloading 367MB
 c62c3fc0300d Downloading 367MB
 c62c3fc0300d Downloading 367MB
 c62c3fc0300d Downloading 367MB
 c62c3fc0300d Downloading 367MB
 c62c3fc0300d Downloading 367MB
 c62c3fc0300d Downloading 367MB
 c62c3fc0300d Downloading 367MB
 c62c3fc0300d Downloading 367MB
 c62c3fc0300d Downloading 367MB
 c62c3fc0300d Downloading 367MB
 c62c3fc0300d Downloading 367MB
 c62c3fc0300d Downloading 367MB
 c62c3fc0300d Downloading 367MB
 c62c3fc0300d Downloading 367MB
 c62c3fc0300d Downloading 367MB
 c62c3fc0300d Downloading 367MB
 c62c3fc0300d Downloading 367MB
 c62c3fc0300d Downloading 367MB
 c62c3fc0300d Downloading 367MB
 c62c3fc0300d Downloading 367MB
 c62c3fc0300d Downloading 367MB
 c62c3fc0300d Downloading 367MB
 c62c3fc0300d Downloading 367MB
 c62c3fc0300d Downloading 367MB
 c62c3fc0300d Downloading 367MB
 c62c3fc0300d Downloading 367MB
 c62c3fc0300d Downloading 367MB
 c62c3fc0300d Downloading 367MB
 c62c3fc0300d Downloading 367MB
 c62c3fc0300d Downloading 367MB
 c62c3fc0300d Downloading 367MB
 c62c3fc0300d Downloading 367MB
 c62c3fc0300d Downloading 367MB
 c62c3fc0300d Downloading 367MB
 c62c3fc0300d Downloading 367MB
 c62c3fc0300d Downloading 367MB
 c62c3fc0300d Downloading 367MB
 c62c3fc0300d Downloading 367MB
 c62c3fc0300d Downloading 367MB
 c62c3fc0300d Downloading 367MB
 c62c3fc0300d Downloading 367MB
 c62c3fc0300d Downloading 367MB
 c62c3fc0300d Downloading 368.1MB
 c62c3fc0300d Downloading 368.1MB
 c62c3fc0300d Downloading 368.1MB
 c62c3fc0300d Downloading 368.1MB
 c62c3fc0300d Downloading 368.1MB
 c62c3fc0300d Downloading 368.1MB
 c62c3fc0300d Downloading 368.1MB
 c62c3fc0300d Downloading 368.1MB
 c62c3fc0300d Downloading 368.1MB
 c62c3fc0300d Downloading 368.1MB
 c62c3fc0300d Downloading 368.1MB
 c62c3fc0300d Downloading 368.1MB
 c62c3fc0300d Downloading 368.1MB
 c62c3fc0300d Downloading 368.1MB
 c62c3fc0300d Downloading 368.1MB
 c62c3fc0300d Downloading 368.1MB
 c62c3fc0300d Downloading 368.1MB
 c62c3fc0300d Downloading 368.1MB
 c62c3fc0300d Downloading 368.1MB
 c62c3fc0300d Downloading 368.1MB
 c62c3fc0300d Downloading 368.1MB
 c62c3fc0300d Downloading 368.1MB
 c62c3fc0300d Downloading 368.1MB
 c62c3fc0300d Downloading 368.1MB
 c62c3fc0300d Downloading 368.1MB
 c62c3fc0300d Downloading 368.1MB
 c62c3fc0300d Downloading 368.1MB
 c62c3fc0300d Downloading 368.1MB
 c62c3fc0300d Downloading 368.1MB
 c62c3fc0300d Downloading 368.1MB
 c62c3fc0300d Downloading 368.1MB
 c62c3fc0300d Downloading 368.1MB
 c62c3fc0300d Downloading 368.1MB
 c62c3fc0300d Downloading 368.1MB
 c62c3fc0300d Downloading 368.1MB
 c62c3fc0300d Downloading 368.1MB
 c62c3fc0300d Downloading 368.1MB
 c62c3fc0300d Downloading 368.1MB
 c62c3fc0300d Downloading 368.1MB
 c62c3fc0300d Downloading 368.1MB
 c62c3fc0300d Downloading 368.1MB
 c62c3fc0300d Downloading 368.1MB
 c62c3fc0300d Downloading 368.1MB
 c62c3fc0300d Downloading 368.1MB
 c62c3fc0300d Downloading 368.1MB
 c62c3fc0300d Downloading 368.1MB
 c62c3fc0300d Downloading 368.1MB
 c62c3fc0300d Downloading 368.1MB
 c62c3fc0300d Downloading 368.1MB
 c62c3fc0300d Downloading 368.1MB
 c62c3fc0300d Downloading 368.1MB
 c62c3fc0300d Downloading 368.1MB
 c62c3fc0300d Downloading 368.1MB
 c62c3fc0300d Downloading 368.1MB
 c62c3fc0300d Downloading 368.1MB
 c62c3fc0300d Downloading 368.1MB
 c62c3fc0300d Downloading 368.1MB
 c62c3fc0300d Downloading 368.1MB
 c62c3fc0300d Downloading 368.1MB
 c62c3fc0300d Downloading 368.1MB
 c62c3fc0300d Downloading 368.1MB
 c62c3fc0300d Downloading 368.1MB
 c62c3fc0300d Downloading 368.1MB
 c62c3fc0300d Downloading 368.1MB
 c62c3fc0300d Downloading 368.1MB
 c62c3fc0300d Downloading 368.1MB
 c62c3fc0300d Downloading 368.1MB
 c62c3fc0300d Downloading 368.1MB
 c62c3fc0300d Downloading 368.1MB
 c62c3fc0300d Downloading 368.1MB
 c62c3fc0300d Downloading 368.1MB
 c62c3fc0300d Downloading 368.1MB
 c62c3fc0300d Downloading 368.1MB
 c62c3fc0300d Downloading 368.1MB
 c62c3fc0300d Downloading 368.1MB
 c62c3fc0300d Downloading 368.1MB
 c62c3fc0300d Downloading 368.1MB
 c62c3fc0300d Downloading 368.1MB
 c62c3fc0300d Downloading 368.1MB
 c62c3fc0300d Downloading 368.1MB
 c62c3fc0300d Downloading 368.1MB
 c62c3fc0300d Downloading 368.1MB
 c62c3fc0300d Downloading 368.1MB
 c62c3fc0300d Downloading 368.1MB
 c62c3fc0300d Downloading 368.1MB
 c62c3fc0300d Downloading 368.1MB
 c62c3fc0300d Downloading 368.1MB
 c62c3fc0300d Downloading 368.1MB
 c62c3fc0300d Downloading 368.1MB
 c62c3fc0300d Downloading 368.1MB
 c62c3fc0300d Downloading 368.1MB
 c62c3fc0300d Downloading 368.1MB
 c62c3fc0300d Downloading 368.1MB
 c62c3fc0300d Downloading 368.1MB
 c62c3fc0300d Downloading 368.1MB
 c62c3fc0300d Downloading 368.1MB
 c62c3fc0300d Downloading 368.1MB
 c62c3fc0300d Downloading 368.1MB
 c62c3fc0300d Downloading 368.1MB
 c62c3fc0300d Downloading 368.1MB
 c62c3fc0300d Downloading 368.1MB
 c62c3fc0300d Downloading 368.1MB
 c62c3fc0300d Downloading 368.1MB
 c62c3fc0300d Downloading 368.1MB
 c62c3fc0300d Downloading 368.1MB
 c62c3fc0300d Downloading 368.1MB
 c62c3fc0300d Downloading 368.1MB
 c62c3fc0300d Downloading 368.1MB
 c62c3fc0300d Downloading 368.1MB
 c62c3fc0300d Downloading 368.1MB
 c62c3fc0300d Downloading 368.1MB
 c62c3fc0300d Downloading 369.1MB
 c62c3fc0300d Downloading 369.1MB
 c62c3fc0300d Downloading 369.1MB
 c62c3fc0300d Downloading 369.1MB
 c62c3fc0300d Downloading 369.1MB
 c62c3fc0300d Downloading 369.1MB
 c62c3fc0300d Downloading 369.1MB
 c62c3fc0300d Downloading 369.1MB
 c62c3fc0300d Downloading 369.1MB
 c62c3fc0300d Downloading 369.1MB
 c62c3fc0300d Downloading 369.1MB
 c62c3fc0300d Downloading 369.1MB
 c62c3fc0300d Downloading 369.1MB
 c62c3fc0300d Downloading 369.1MB
 c62c3fc0300d Downloading 369.1MB
 c62c3fc0300d Downloading 369.1MB
 c62c3fc0300d Downloading 369.1MB
 c62c3fc0300d Downloading 369.1MB
 c62c3fc0300d Downloading 369.1MB
 c62c3fc0300d Downloading 369.1MB
 c62c3fc0300d Downloading 369.1MB
 c62c3fc0300d Downloading 369.1MB
 c62c3fc0300d Downloading 369.1MB
 c62c3fc0300d Downloading 369.1MB
 c62c3fc0300d Downloading 369.1MB
 c62c3fc0300d Downloading 369.1MB
 c62c3fc0300d Downloading 369.1MB
 c62c3fc0300d Downloading 369.1MB
 c62c3fc0300d Downloading 369.1MB
 c62c3fc0300d Downloading 369.1MB
 c62c3fc0300d Downloading 369.1MB
 c62c3fc0300d Downloading 369.1MB
 c62c3fc0300d Downloading 369.1MB
 c62c3fc0300d Downloading 369.1MB
 c62c3fc0300d Downloading 369.1MB
 c62c3fc0300d Downloading 369.1MB
 c62c3fc0300d Downloading 369.1MB
 c62c3fc0300d Downloading 369.1MB
 c62c3fc0300d Downloading 369.1MB
 c62c3fc0300d Downloading 370.1MB
 c62c3fc0300d Downloading 370.1MB
 c62c3fc0300d Downloading 370.1MB
 c62c3fc0300d Downloading 370.1MB
 c62c3fc0300d Downloading 370.1MB
 c62c3fc0300d Downloading 370.1MB
 c62c3fc0300d Downloading 370.1MB
 c62c3fc0300d Downloading 370.1MB
 c62c3fc0300d Downloading 370.1MB
 c62c3fc0300d Downloading 370.1MB
 c62c3fc0300d Downloading 370.1MB
 c62c3fc0300d Downloading 370.1MB
 c62c3fc0300d Downloading 370.1MB
 c62c3fc0300d Downloading 370.1MB
 c62c3fc0300d Downloading 370.1MB
 c62c3fc0300d Downloading 370.1MB
 c62c3fc0300d Downloading 370.1MB
 c62c3fc0300d Downloading 370.1MB
 c62c3fc0300d Downloading 370.1MB
 c62c3fc0300d Downloading 370.1MB
 c62c3fc0300d Downloading 370.1MB
 c62c3fc0300d Downloading 370.1MB
 c62c3fc0300d Downloading 370.1MB
 c62c3fc0300d Downloading 370.1MB
 c62c3fc0300d Downloading 370.1MB
 c62c3fc0300d Downloading 370.1MB
 c62c3fc0300d Downloading 370.1MB
 c62c3fc0300d Downloading 370.1MB
 c62c3fc0300d Downloading 370.1MB
 c62c3fc0300d Downloading 370.1MB
 c62c3fc0300d Downloading 370.1MB
 c62c3fc0300d Downloading 370.1MB
 c62c3fc0300d Downloading 370.1MB
 c62c3fc0300d Downloading 370.1MB
 c62c3fc0300d Downloading 370.1MB
 c62c3fc0300d Downloading 370.1MB
 c62c3fc0300d Downloading 370.1MB
 c62c3fc0300d Downloading 370.1MB
 c62c3fc0300d Downloading 370.1MB
 c62c3fc0300d Downloading 370.1MB
 c62c3fc0300d Downloading 370.1MB
 c62c3fc0300d Downloading 370.1MB
 c62c3fc0300d Downloading 370.1MB
 c62c3fc0300d Downloading 370.1MB
 c62c3fc0300d Downloading 370.1MB
 c62c3fc0300d Downloading 370.1MB
 c62c3fc0300d Downloading 370.1MB
 c62c3fc0300d Downloading 370.1MB
 c62c3fc0300d Downloading 370.1MB
 c62c3fc0300d Downloading 370.1MB
 c62c3fc0300d Downloading 370.1MB
 c62c3fc0300d Downloading 370.1MB
 c62c3fc0300d Downloading 370.1MB
 c62c3fc0300d Downloading 370.1MB
 c62c3fc0300d Downloading 370.1MB
 c62c3fc0300d Downloading 370.1MB
 c62c3fc0300d Downloading 370.1MB
 c62c3fc0300d Downloading 370.1MB
 c62c3fc0300d Downloading 370.1MB
 c62c3fc0300d Downloading 371.2MB
 c62c3fc0300d Downloading 371.2MB
 c62c3fc0300d Downloading 371.2MB
 c62c3fc0300d Downloading 371.2MB
 c62c3fc0300d Downloading 371.2MB
 c62c3fc0300d Downloading 371.2MB
 c62c3fc0300d Downloading 371.2MB
 c62c3fc0300d Downloading 371.2MB
 c62c3fc0300d Downloading 371.2MB
 c62c3fc0300d Downloading 371.2MB
 c62c3fc0300d Downloading 371.2MB
 c62c3fc0300d Downloading 371.2MB
 c62c3fc0300d Downloading 371.2MB
 c62c3fc0300d Downloading 371.2MB
 c62c3fc0300d Downloading 371.2MB
 c62c3fc0300d Downloading 371.2MB
 c62c3fc0300d Downloading 371.2MB
 c62c3fc0300d Downloading 371.2MB
 c62c3fc0300d Downloading 371.2MB
 c62c3fc0300d Downloading 371.2MB
 c62c3fc0300d Downloading 371.2MB
 c62c3fc0300d Downloading 371.2MB
 c62c3fc0300d Downloading 371.2MB
 c62c3fc0300d Downloading 371.2MB
 c62c3fc0300d Downloading 371.2MB
 c62c3fc0300d Downloading 371.2MB
 c62c3fc0300d Downloading 371.2MB
 c62c3fc0300d Downloading 371.2MB
 c62c3fc0300d Downloading 371.2MB
 c62c3fc0300d Downloading 371.2MB
 c62c3fc0300d Downloading 371.2MB
 c62c3fc0300d Downloading 371.2MB
 c62c3fc0300d Downloading 371.2MB
 c62c3fc0300d Downloading 371.2MB
 c62c3fc0300d Downloading 371.2MB
 c62c3fc0300d Downloading 371.2MB
 c62c3fc0300d Downloading 371.2MB
 c62c3fc0300d Downloading 371.2MB
 c62c3fc0300d Downloading 371.2MB
 c62c3fc0300d Downloading 371.2MB
 c62c3fc0300d Downloading 371.2MB
 c62c3fc0300d Downloading 371.2MB
 c62c3fc0300d Downloading 371.2MB
 c62c3fc0300d Downloading 371.2MB
 c62c3fc0300d Downloading 371.2MB
 c62c3fc0300d Downloading 371.2MB
 c62c3fc0300d Downloading 371.2MB
 c62c3fc0300d Downloading 371.2MB
 c62c3fc0300d Downloading 371.2MB
 c62c3fc0300d Downloading 371.2MB
 c62c3fc0300d Downloading 371.2MB
 c62c3fc0300d Downloading 371.2MB
 c62c3fc0300d Downloading 371.2MB
 c62c3fc0300d Downloading 371.2MB
 c62c3fc0300d Downloading 371.2MB
 c62c3fc0300d Downloading 371.2MB
 c62c3fc0300d Downloading 371.2MB
 c62c3fc0300d Downloading 371.2MB
 c62c3fc0300d Downloading 371.2MB
 c62c3fc0300d Downloading 371.2MB
 c62c3fc0300d Downloading 371.2MB
 c62c3fc0300d Downloading 371.2MB
 c62c3fc0300d Downloading 371.2MB
 c62c3fc0300d Downloading 371.2MB
 c62c3fc0300d Downloading 371.2MB
 c62c3fc0300d Downloading 371.2MB
 c62c3fc0300d Downloading 371.2MB
 c62c3fc0300d Downloading 371.2MB
 c62c3fc0300d Downloading 371.2MB
 c62c3fc0300d Downloading 371.2MB
 c62c3fc0300d Downloading 371.2MB
 c62c3fc0300d Downloading 371.2MB
 c62c3fc0300d Downloading 371.2MB
 c62c3fc0300d Downloading 371.2MB
 c62c3fc0300d Downloading 371.2MB
 c62c3fc0300d Downloading 371.2MB
 c62c3fc0300d Downloading 371.2MB
 c62c3fc0300d Downloading 371.2MB
 c62c3fc0300d Downloading 371.2MB
 c62c3fc0300d Downloading 371.2MB
 c62c3fc0300d Downloading 371.2MB
 c62c3fc0300d Downloading 371.2MB
 c62c3fc0300d Downloading 371.2MB
 c62c3fc0300d Downloading 371.2MB
 c62c3fc0300d Downloading 371.2MB
 c62c3fc0300d Downloading 371.2MB
 c62c3fc0300d Downloading 371.2MB
 c62c3fc0300d Downloading 371.2MB
 c62c3fc0300d Downloading 371.2MB
 c62c3fc0300d Downloading 371.2MB
 c62c3fc0300d Downloading 371.2MB
 c62c3fc0300d Downloading 372.2MB
 c62c3fc0300d Downloading 372.2MB
 c62c3fc0300d Downloading 372.2MB
 c62c3fc0300d Downloading 372.2MB
 c62c3fc0300d Downloading 372.2MB
 c62c3fc0300d Downloading 372.2MB
 c62c3fc0300d Downloading 372.2MB
 c62c3fc0300d Downloading 372.2MB
 c62c3fc0300d Downloading 372.2MB
 c62c3fc0300d Downloading 372.2MB
 c62c3fc0300d Downloading 372.2MB
 c62c3fc0300d Downloading 372.2MB
 c62c3fc0300d Downloading 372.2MB
 c62c3fc0300d Downloading 372.2MB
 c62c3fc0300d Downloading 372.2MB
 c62c3fc0300d Downloading 372.2MB
 c62c3fc0300d Downloading 372.2MB
 c62c3fc0300d Downloading 372.2MB
 c62c3fc0300d Downloading 372.2MB
 c62c3fc0300d Downloading 372.2MB
 c62c3fc0300d Downloading 372.2MB
 c62c3fc0300d Downloading 372.2MB
 c62c3fc0300d Downloading 372.2MB
 c62c3fc0300d Downloading 372.2MB
 c62c3fc0300d Downloading 372.2MB
 c62c3fc0300d Downloading 372.2MB
 c62c3fc0300d Downloading 372.2MB
 c62c3fc0300d Downloading 372.2MB
 c62c3fc0300d Downloading 372.2MB
 c62c3fc0300d Downloading 372.2MB
 c62c3fc0300d Downloading 372.2MB
 c62c3fc0300d Downloading 372.2MB
 c62c3fc0300d Downloading 372.2MB
 c62c3fc0300d Downloading 372.2MB
 c62c3fc0300d Downloading 372.2MB
 c62c3fc0300d Downloading 372.2MB
 c62c3fc0300d Downloading 372.2MB
 c62c3fc0300d Downloading 372.2MB
 c62c3fc0300d Downloading 372.2MB
 c62c3fc0300d Downloading 372.2MB
 c62c3fc0300d Downloading 372.2MB
 c62c3fc0300d Downloading 372.2MB
 c62c3fc0300d Downloading 372.2MB
 c62c3fc0300d Downloading 372.2MB
 c62c3fc0300d Downloading 372.2MB
 c62c3fc0300d Downloading 372.2MB
 c62c3fc0300d Downloading 372.2MB
 c62c3fc0300d Downloading 372.2MB
 c62c3fc0300d Downloading 372.2MB
 c62c3fc0300d Downloading 372.2MB
 c62c3fc0300d Downloading 372.2MB
 c62c3fc0300d Downloading 372.2MB
 c62c3fc0300d Downloading 372.2MB
 c62c3fc0300d Downloading 372.2MB
 c62c3fc0300d Downloading 372.2MB
 c62c3fc0300d Downloading 372.2MB
 c62c3fc0300d Downloading 372.2MB
 c62c3fc0300d Downloading 372.2MB
 c62c3fc0300d Downloading 372.2MB
 c62c3fc0300d Downloading 372.2MB
 c62c3fc0300d Downloading 373.3MB
 c62c3fc0300d Downloading 373.3MB
 c62c3fc0300d Downloading 373.3MB
 c62c3fc0300d Downloading 373.3MB
 c62c3fc0300d Downloading 373.3MB
 c62c3fc0300d Downloading 373.3MB
 c62c3fc0300d Downloading 373.3MB
 c62c3fc0300d Downloading 373.3MB
 c62c3fc0300d Downloading 373.3MB
 c62c3fc0300d Downloading 373.3MB
 c62c3fc0300d Downloading 373.3MB
 c62c3fc0300d Downloading 373.3MB
 c62c3fc0300d Downloading 373.3MB
 c62c3fc0300d Downloading 373.3MB
 c62c3fc0300d Downloading 373.3MB
 c62c3fc0300d Downloading 373.3MB
 c62c3fc0300d Downloading 373.3MB
 c62c3fc0300d Downloading 373.3MB
 c62c3fc0300d Downloading 373.3MB
 c62c3fc0300d Downloading 373.3MB
 c62c3fc0300d Downloading 373.3MB
 c62c3fc0300d Downloading 373.3MB
 c62c3fc0300d Downloading 373.3MB
 c62c3fc0300d Downloading 373.3MB
 c62c3fc0300d Downloading 373.3MB
 c62c3fc0300d Downloading 373.3MB
 c62c3fc0300d Downloading 373.3MB
 c62c3fc0300d Downloading 373.3MB
 c62c3fc0300d Downloading 373.3MB
 c62c3fc0300d Downloading 373.3MB
 c62c3fc0300d Downloading 373.3MB
 c62c3fc0300d Downloading 373.3MB
 c62c3fc0300d Downloading 373.3MB
 c62c3fc0300d Downloading 373.3MB
 c62c3fc0300d Downloading 373.3MB
 c62c3fc0300d Downloading 373.3MB
 c62c3fc0300d Downloading 373.3MB
 c62c3fc0300d Downloading 373.3MB
 c62c3fc0300d Downloading 373.3MB
 c62c3fc0300d Downloading 373.3MB
 c62c3fc0300d Downloading 373.3MB
 c62c3fc0300d Downloading 373.3MB
 c62c3fc0300d Downloading 373.3MB
 c62c3fc0300d Downloading 373.3MB
 c62c3fc0300d Downloading 373.3MB
 c62c3fc0300d Downloading 373.3MB
 c62c3fc0300d Downloading 373.3MB
 c62c3fc0300d Downloading 373.3MB
 c62c3fc0300d Downloading 373.3MB
 c62c3fc0300d Downloading 373.3MB
 c62c3fc0300d Downloading 373.3MB
 c62c3fc0300d Downloading 373.3MB
 c62c3fc0300d Downloading 373.3MB
 c62c3fc0300d Downloading 373.3MB
 c62c3fc0300d Downloading 373.3MB
 c62c3fc0300d Downloading 373.3MB
 c62c3fc0300d Downloading 373.3MB
 c62c3fc0300d Downloading 373.3MB
 c62c3fc0300d Downloading 373.3MB
 c62c3fc0300d Downloading 373.3MB
 c62c3fc0300d Downloading 373.3MB
 c62c3fc0300d Downloading 373.3MB
 c62c3fc0300d Downloading 373.3MB
 c62c3fc0300d Downloading 373.3MB
 c62c3fc0300d Downloading 373.3MB
 c62c3fc0300d Downloading 373.3MB
 c62c3fc0300d Downloading 373.3MB
 c62c3fc0300d Downloading 373.3MB
 c62c3fc0300d Downloading 373.3MB
 c62c3fc0300d Downloading 373.3MB
 c62c3fc0300d Downloading 373.3MB
 c62c3fc0300d Downloading 373.3MB
 c62c3fc0300d Downloading 373.3MB
 c62c3fc0300d Downloading 373.3MB
 c62c3fc0300d Downloading 373.3MB
 c62c3fc0300d Downloading 373.3MB
 c62c3fc0300d Downloading 373.3MB
 c62c3fc0300d Downloading 373.3MB
 c62c3fc0300d Downloading 373.3MB
 c62c3fc0300d Downloading 373.3MB
 c62c3fc0300d Downloading 374.3MB
 c62c3fc0300d Downloading 374.3MB
 c62c3fc0300d Downloading 374.3MB
 c62c3fc0300d Downloading 374.3MB
 c62c3fc0300d Downloading 374.3MB
 c62c3fc0300d Downloading 374.3MB
 c62c3fc0300d Downloading 374.3MB
 c62c3fc0300d Downloading 374.3MB
 c62c3fc0300d Downloading 374.3MB
 c62c3fc0300d Downloading 374.3MB
 c62c3fc0300d Downloading 374.3MB
 c62c3fc0300d Downloading 374.3MB
 c62c3fc0300d Downloading 374.3MB
 c62c3fc0300d Downloading 374.3MB
 c62c3fc0300d Downloading 374.3MB
 c62c3fc0300d Downloading 374.3MB
 c62c3fc0300d Downloading 374.3MB
 c62c3fc0300d Downloading 374.3MB
 c62c3fc0300d Downloading 374.3MB
 c62c3fc0300d Downloading 374.3MB
 c62c3fc0300d Downloading 374.3MB
 c62c3fc0300d Downloading 374.3MB
 c62c3fc0300d Downloading 374.3MB
 c62c3fc0300d Downloading 374.3MB
 c62c3fc0300d Downloading 374.3MB
 c62c3fc0300d Downloading 374.3MB
 c62c3fc0300d Downloading 374.3MB
 c62c3fc0300d Downloading 374.3MB
 c62c3fc0300d Downloading 374.3MB
 c62c3fc0300d Downloading 374.3MB
 c62c3fc0300d Downloading 374.3MB
 c62c3fc0300d Downloading 374.3MB
 c62c3fc0300d Downloading 374.3MB
 c62c3fc0300d Downloading 374.3MB
 c62c3fc0300d Downloading 374.3MB
 c62c3fc0300d Downloading 374.3MB
 c62c3fc0300d Downloading 374.3MB
 c62c3fc0300d Downloading 374.3MB
 c62c3fc0300d Downloading 374.3MB
 c62c3fc0300d Downloading 374.3MB
 c62c3fc0300d Downloading 374.3MB
 c62c3fc0300d Downloading 374.3MB
 c62c3fc0300d Downloading 374.3MB
 c62c3fc0300d Downloading 374.3MB
 c62c3fc0300d Downloading 374.3MB
 c62c3fc0300d Downloading 374.3MB
 c62c3fc0300d Downloading 374.3MB
 c62c3fc0300d Downloading 374.3MB
 c62c3fc0300d Downloading 374.3MB
 c62c3fc0300d Downloading 374.3MB
 c62c3fc0300d Downloading 374.3MB
 c62c3fc0300d Downloading 374.3MB
 c62c3fc0300d Downloading 374.3MB
 c62c3fc0300d Downloading 374.3MB
 c62c3fc0300d Downloading 374.3MB
 c62c3fc0300d Downloading 374.3MB
 c62c3fc0300d Downloading 375.4MB
 c62c3fc0300d Downloading 375.4MB
 c62c3fc0300d Downloading 375.4MB
 c62c3fc0300d Downloading 375.4MB
 c62c3fc0300d Downloading 375.4MB
 c62c3fc0300d Downloading 375.4MB
 c62c3fc0300d Downloading 375.4MB
 c62c3fc0300d Downloading 375.4MB
 c62c3fc0300d Downloading 375.4MB
 c62c3fc0300d Downloading 375.4MB
 c62c3fc0300d Downloading 375.4MB
 c62c3fc0300d Downloading 375.4MB
 c62c3fc0300d Downloading 375.4MB
 c62c3fc0300d Downloading 375.4MB
 c62c3fc0300d Downloading 375.4MB
 c62c3fc0300d Downloading 375.4MB
 c62c3fc0300d Downloading 375.4MB
 c62c3fc0300d Downloading 375.4MB
 c62c3fc0300d Downloading 375.4MB
 c62c3fc0300d Downloading 375.4MB
 c62c3fc0300d Downloading 375.4MB
 c62c3fc0300d Downloading 375.4MB
 c62c3fc0300d Downloading 375.4MB
 c62c3fc0300d Downloading 375.4MB
 c62c3fc0300d Downloading 375.4MB
 c62c3fc0300d Downloading 375.4MB
 c62c3fc0300d Downloading 375.4MB
 c62c3fc0300d Downloading 375.4MB
 c62c3fc0300d Downloading 375.4MB
 c62c3fc0300d Downloading 375.4MB
 c62c3fc0300d Downloading 375.4MB
 c62c3fc0300d Downloading 375.4MB
 c62c3fc0300d Downloading 375.4MB
 c62c3fc0300d Downloading 376.4MB
 c62c3fc0300d Downloading 376.4MB
 c62c3fc0300d Downloading 376.4MB
 c62c3fc0300d Downloading 376.4MB
 c62c3fc0300d Downloading 376.4MB
 c62c3fc0300d Downloading 376.4MB
 c62c3fc0300d Downloading 376.4MB
 c62c3fc0300d Downloading 376.4MB
 c62c3fc0300d Downloading 376.4MB
 c62c3fc0300d Downloading 376.4MB
 c62c3fc0300d Downloading 376.4MB
 c62c3fc0300d Downloading 376.4MB
 c62c3fc0300d Downloading 376.4MB
 c62c3fc0300d Downloading 376.4MB
 c62c3fc0300d Downloading 376.4MB
 c62c3fc0300d Downloading 377.5MB
 c62c3fc0300d Downloading 377.5MB
 c62c3fc0300d Downloading 377.5MB
 c62c3fc0300d Downloading 377.5MB
 c62c3fc0300d Downloading 377.5MB
 c62c3fc0300d Downloading 377.5MB
 c62c3fc0300d Downloading 377.5MB
 c62c3fc0300d Downloading 377.5MB
 c62c3fc0300d Downloading 377.5MB
 c62c3fc0300d Downloading 377.5MB
 c62c3fc0300d Downloading 377.5MB
 c62c3fc0300d Downloading 377.5MB
 c62c3fc0300d Downloading 377.5MB
 c62c3fc0300d Downloading 377.5MB
 c62c3fc0300d Downloading 377.5MB
 c62c3fc0300d Downloading 377.5MB
 c62c3fc0300d Downloading 377.5MB
 c62c3fc0300d Downloading 377.5MB
 c62c3fc0300d Downloading 377.5MB
 c62c3fc0300d Downloading 377.5MB
 c62c3fc0300d Downloading 377.5MB
 c62c3fc0300d Downloading 377.5MB
 c62c3fc0300d Downloading 377.5MB
 c62c3fc0300d Downloading 378.5MB
 c62c3fc0300d Downloading 378.5MB
 c62c3fc0300d Downloading 378.5MB
 c62c3fc0300d Downloading 378.5MB
 c62c3fc0300d Downloading 378.5MB
 c62c3fc0300d Downloading 378.5MB
 c62c3fc0300d Downloading 378.5MB
 c62c3fc0300d Downloading 378.5MB
 c62c3fc0300d Downloading 378.5MB
 c62c3fc0300d Downloading 378.5MB
 c62c3fc0300d Downloading 378.5MB
 c62c3fc0300d Downloading 378.5MB
 c62c3fc0300d Downloading 378.5MB
 c62c3fc0300d Downloading 378.5MB
 c62c3fc0300d Downloading 378.5MB
 c62c3fc0300d Downloading 378.5MB
 c62c3fc0300d Downloading 378.5MB
 c62c3fc0300d Downloading 378.5MB
 c62c3fc0300d Downloading 378.5MB
 c62c3fc0300d Downloading 378.5MB
 c62c3fc0300d Downloading 378.5MB
 c62c3fc0300d Downloading 378.5MB
 c62c3fc0300d Downloading 378.5MB
 c62c3fc0300d Downloading 378.5MB
 c62c3fc0300d Downloading 378.5MB
 c62c3fc0300d Downloading 378.5MB
 c62c3fc0300d Downloading 378.5MB
 c62c3fc0300d Downloading 378.5MB
 c62c3fc0300d Downloading 378.5MB
 c62c3fc0300d Downloading 378.5MB
 c62c3fc0300d Downloading 378.5MB
 c62c3fc0300d Downloading 378.5MB
 c62c3fc0300d Downloading 379.6MB
 c62c3fc0300d Downloading 379.6MB
 c62c3fc0300d Downloading 379.6MB
 c62c3fc0300d Downloading 379.6MB
 c62c3fc0300d Downloading 379.6MB
 c62c3fc0300d Downloading 379.6MB
 c62c3fc0300d Downloading 379.6MB
 c62c3fc0300d Downloading 379.6MB
 c62c3fc0300d Downloading 379.6MB
 c62c3fc0300d Downloading 379.6MB
 c62c3fc0300d Downloading 379.6MB
 c62c3fc0300d Downloading 379.6MB
 c62c3fc0300d Downloading 379.6MB
 c62c3fc0300d Downloading 379.6MB
 c62c3fc0300d Downloading 379.6MB
 c62c3fc0300d Downloading 379.6MB
 c62c3fc0300d Downloading 379.6MB
 c62c3fc0300d Downloading 379.6MB
 c62c3fc0300d Downloading 379.6MB
 c62c3fc0300d Downloading 379.6MB
 c62c3fc0300d Downloading 379.6MB
 c62c3fc0300d Downloading 379.6MB
 c62c3fc0300d Downloading 379.6MB
 c62c3fc0300d Downloading 379.6MB
 c62c3fc0300d Downloading 379.6MB
 c62c3fc0300d Downloading 379.6MB
 c62c3fc0300d Downloading 379.6MB
 c62c3fc0300d Downloading 379.6MB
 c62c3fc0300d Downloading 380.6MB
 c62c3fc0300d Downloading 380.6MB
 c62c3fc0300d Downloading 380.6MB
 c62c3fc0300d Downloading 380.6MB
 c62c3fc0300d Downloading 380.6MB
 c62c3fc0300d Downloading 380.6MB
 c62c3fc0300d Downloading 380.6MB
 c62c3fc0300d Downloading 380.6MB
 c62c3fc0300d Downloading 380.6MB
 c62c3fc0300d Downloading 380.6MB
 c62c3fc0300d Downloading 380.6MB
 c62c3fc0300d Downloading 380.6MB
 c62c3fc0300d Downloading 380.6MB
 c62c3fc0300d Downloading 380.6MB
 c62c3fc0300d Downloading 380.6MB
 c62c3fc0300d Downloading 380.6MB
 c62c3fc0300d Downloading 381.7MB
 c62c3fc0300d Downloading 381.7MB
 c62c3fc0300d Downloading 381.7MB
 c62c3fc0300d Downloading 381.7MB
 c62c3fc0300d Downloading 381.7MB
 c62c3fc0300d Downloading 381.7MB
 c62c3fc0300d Downloading 381.7MB
 c62c3fc0300d Downloading 381.7MB
 c62c3fc0300d Downloading 381.7MB
 c62c3fc0300d Downloading 381.7MB
 c62c3fc0300d Downloading 381.7MB
 c62c3fc0300d Downloading 381.7MB
 c62c3fc0300d Downloading 381.7MB
 c62c3fc0300d Downloading 381.7MB
 c62c3fc0300d Downloading 381.7MB
 c62c3fc0300d Downloading 381.7MB
 c62c3fc0300d Downloading 381.7MB
 c62c3fc0300d Downloading 381.7MB
 c62c3fc0300d Downloading 381.7MB
 c62c3fc0300d Downloading 381.7MB
 c62c3fc0300d Downloading 381.7MB
 c62c3fc0300d Downloading 381.7MB
 c62c3fc0300d Downloading 381.7MB
 c62c3fc0300d Downloading 381.7MB
 c62c3fc0300d Downloading 381.7MB
 c62c3fc0300d Downloading 381.7MB
 c62c3fc0300d Downloading 381.7MB
 c62c3fc0300d Downloading 381.7MB
 c62c3fc0300d Downloading 381.7MB
 c62c3fc0300d Downloading 381.7MB
 c62c3fc0300d Downloading 381.7MB
 c62c3fc0300d Downloading 381.7MB
 c62c3fc0300d Downloading 381.7MB
 c62c3fc0300d Downloading 381.7MB
 c62c3fc0300d Downloading 381.7MB
 c62c3fc0300d Downloading 382.7MB
 c62c3fc0300d Downloading 382.7MB
 c62c3fc0300d Downloading 382.7MB
 c62c3fc0300d Downloading 382.7MB
 c62c3fc0300d Downloading 382.7MB
 c62c3fc0300d Downloading 382.7MB
 c62c3fc0300d Downloading 382.7MB
 c62c3fc0300d Downloading 382.7MB
 c62c3fc0300d Downloading 382.7MB
 c62c3fc0300d Downloading 382.7MB
 c62c3fc0300d Downloading 382.7MB
 c62c3fc0300d Downloading 382.7MB
 c62c3fc0300d Downloading 382.7MB
 c62c3fc0300d Downloading 382.7MB
 c62c3fc0300d Downloading 382.7MB
 c62c3fc0300d Downloading 382.7MB
 c62c3fc0300d Downloading 382.7MB
 c62c3fc0300d Downloading 382.7MB
 c62c3fc0300d Downloading 382.7MB
 c62c3fc0300d Downloading 382.7MB
 c62c3fc0300d Downloading 382.7MB
 c62c3fc0300d Downloading 382.7MB
 c62c3fc0300d Downloading 382.7MB
 c62c3fc0300d Downloading 382.7MB
 c62c3fc0300d Downloading 382.7MB
 c62c3fc0300d Downloading 382.7MB
 c62c3fc0300d Downloading 382.7MB
 c62c3fc0300d Downloading 382.7MB
 c62c3fc0300d Downloading 382.7MB
 c62c3fc0300d Downloading 382.7MB
 c62c3fc0300d Downloading 382.7MB
 c62c3fc0300d Downloading 382.7MB
 c62c3fc0300d Downloading 382.7MB
 c62c3fc0300d Downloading 382.7MB
 c62c3fc0300d Downloading 382.7MB
 c62c3fc0300d Downloading 382.7MB
 c62c3fc0300d Downloading 382.7MB
 c62c3fc0300d Downloading 382.7MB
 c62c3fc0300d Downloading 382.7MB
 c62c3fc0300d Downloading 382.7MB
 c62c3fc0300d Downloading 382.7MB
 c62c3fc0300d Downloading 382.7MB
 c62c3fc0300d Downloading 382.7MB
 c62c3fc0300d Downloading 382.7MB
 c62c3fc0300d Downloading 382.7MB
 c62c3fc0300d Downloading 383.8MB
 c62c3fc0300d Downloading 383.8MB
 c62c3fc0300d Downloading 383.8MB
 c62c3fc0300d Downloading 383.8MB
 c62c3fc0300d Downloading 383.8MB
 c62c3fc0300d Downloading 383.8MB
 c62c3fc0300d Downloading 383.8MB
 c62c3fc0300d Downloading 383.8MB
 c62c3fc0300d Downloading 383.8MB
 c62c3fc0300d Downloading 383.8MB
 c62c3fc0300d Downloading 383.8MB
 c62c3fc0300d Downloading 383.8MB
 c62c3fc0300d Downloading 383.8MB
 c62c3fc0300d Downloading 383.8MB
 c62c3fc0300d Downloading 383.8MB
 c62c3fc0300d Downloading 383.8MB
 c62c3fc0300d Downloading 383.8MB
 c62c3fc0300d Downloading 383.8MB
 c62c3fc0300d Downloading 383.8MB
 c62c3fc0300d Downloading 383.8MB
 c62c3fc0300d Downloading 383.8MB
 c62c3fc0300d Downloading 383.8MB
 c62c3fc0300d Downloading 383.8MB
 c62c3fc0300d Downloading 383.8MB
 c62c3fc0300d Downloading 383.8MB
 c62c3fc0300d Downloading 383.8MB
 c62c3fc0300d Downloading 383.8MB
 c62c3fc0300d Downloading 383.8MB
 c62c3fc0300d Downloading 383.8MB
 c62c3fc0300d Downloading 384.8MB
 c62c3fc0300d Downloading 384.8MB
 c62c3fc0300d Downloading 384.8MB
 c62c3fc0300d Downloading 384.8MB
 c62c3fc0300d Downloading 384.8MB
 c62c3fc0300d Downloading 384.8MB
 c62c3fc0300d Downloading 384.8MB
 c62c3fc0300d Downloading 384.8MB
 c62c3fc0300d Downloading 384.8MB
 c62c3fc0300d Downloading 384.8MB
 c62c3fc0300d Downloading 384.8MB
 c62c3fc0300d Downloading 384.8MB
 c62c3fc0300d Downloading 384.8MB
 c62c3fc0300d Downloading 384.8MB
 c62c3fc0300d Downloading 384.8MB
 c62c3fc0300d Downloading 384.8MB
 c62c3fc0300d Downloading 385.9MB
 c62c3fc0300d Downloading 385.9MB
 c62c3fc0300d Downloading 385.9MB
 c62c3fc0300d Downloading 385.9MB
 c62c3fc0300d Downloading 385.9MB
 c62c3fc0300d Downloading 385.9MB
 c62c3fc0300d Downloading 385.9MB
 c62c3fc0300d Downloading 385.9MB
 c62c3fc0300d Downloading 385.9MB
 c62c3fc0300d Downloading 385.9MB
 c62c3fc0300d Downloading 385.9MB
 c62c3fc0300d Downloading 385.9MB
 c62c3fc0300d Downloading 385.9MB
 c62c3fc0300d Downloading 385.9MB
 c62c3fc0300d Downloading 385.9MB
 c62c3fc0300d Downloading 385.9MB
 c62c3fc0300d Downloading 385.9MB
 c62c3fc0300d Downloading 385.9MB
 c62c3fc0300d Downloading 385.9MB
 c62c3fc0300d Downloading 385.9MB
 c62c3fc0300d Downloading 385.9MB
 c62c3fc0300d Downloading 385.9MB
 c62c3fc0300d Downloading 385.9MB
 c62c3fc0300d Downloading 385.9MB
 c62c3fc0300d Downloading 385.9MB
 c62c3fc0300d Downloading 385.9MB
 c62c3fc0300d Downloading 385.9MB
 c62c3fc0300d Downloading 385.9MB
 c62c3fc0300d Downloading 385.9MB
 c62c3fc0300d Downloading 385.9MB
 c62c3fc0300d Downloading 385.9MB
 c62c3fc0300d Downloading 385.9MB
 c62c3fc0300d Downloading 385.9MB
 c62c3fc0300d Downloading 385.9MB
 c62c3fc0300d Downloading 385.9MB
 c62c3fc0300d Downloading 385.9MB
 c62c3fc0300d Downloading 385.9MB
 c62c3fc0300d Downloading 385.9MB
 c62c3fc0300d Downloading 385.9MB
 c62c3fc0300d Downloading 385.9MB
 c62c3fc0300d Downloading 385.9MB
 c62c3fc0300d Downloading 385.9MB
 c62c3fc0300d Downloading 385.9MB
 c62c3fc0300d Downloading 385.9MB
 c62c3fc0300d Downloading 385.9MB
 c62c3fc0300d Downloading 385.9MB
 c62c3fc0300d Downloading 385.9MB
 c62c3fc0300d Downloading 385.9MB
 c62c3fc0300d Downloading 385.9MB
 c62c3fc0300d Downloading 385.9MB
 c62c3fc0300d Downloading 385.9MB
 c62c3fc0300d Downloading 385.9MB
 c62c3fc0300d Downloading 385.9MB
 c62c3fc0300d Downloading 385.9MB
 c62c3fc0300d Downloading 385.9MB
 c62c3fc0300d Downloading 385.9MB
 c62c3fc0300d Downloading 385.9MB
 c62c3fc0300d Downloading 385.9MB
 c62c3fc0300d Downloading 385.9MB
 c62c3fc0300d Downloading 385.9MB
 c62c3fc0300d Downloading 385.9MB
 c62c3fc0300d Downloading 385.9MB
 c62c3fc0300d Downloading 385.9MB
 c62c3fc0300d Downloading 386.9MB
 c62c3fc0300d Downloading 386.9MB
 c62c3fc0300d Downloading 386.9MB
 c62c3fc0300d Downloading 386.9MB
 c62c3fc0300d Downloading 386.9MB
 c62c3fc0300d Downloading 386.9MB
 c62c3fc0300d Downloading 386.9MB
 c62c3fc0300d Downloading 386.9MB
 c62c3fc0300d Downloading 386.9MB
 c62c3fc0300d Downloading 386.9MB
 c62c3fc0300d Downloading 386.9MB
 c62c3fc0300d Downloading 386.9MB
 c62c3fc0300d Downloading 386.9MB
 c62c3fc0300d Downloading 386.9MB
 c62c3fc0300d Downloading 386.9MB
 c62c3fc0300d Downloading 386.9MB
 c62c3fc0300d Downloading 386.9MB
 c62c3fc0300d Downloading 386.9MB
 c62c3fc0300d Downloading 386.9MB
 c62c3fc0300d Downloading 386.9MB
 c62c3fc0300d Downloading 386.9MB
 c62c3fc0300d Downloading 386.9MB
 c62c3fc0300d Downloading 386.9MB
 c62c3fc0300d Downloading 386.9MB
 c62c3fc0300d Downloading 386.9MB
 c62c3fc0300d Downloading 386.9MB
 c62c3fc0300d Downloading 386.9MB
 c62c3fc0300d Downloading 386.9MB
 c62c3fc0300d Downloading 386.9MB
 c62c3fc0300d Downloading 386.9MB
 c62c3fc0300d Downloading 386.9MB
 c62c3fc0300d Downloading 386.9MB
 c62c3fc0300d Downloading 386.9MB
 c62c3fc0300d Downloading 386.9MB
 c62c3fc0300d Downloading 388MB
 c62c3fc0300d Downloading 388MB
 c62c3fc0300d Downloading 388MB
 c62c3fc0300d Downloading 388MB
 c62c3fc0300d Downloading 388MB
 c62c3fc0300d Downloading 388MB
 c62c3fc0300d Downloading 388MB
 c62c3fc0300d Downloading 388MB
 c62c3fc0300d Downloading 388MB
 c62c3fc0300d Downloading 388MB
 c62c3fc0300d Downloading 388MB
 c62c3fc0300d Downloading 388MB
 c62c3fc0300d Downloading 388MB
 c62c3fc0300d Downloading 388MB
 c62c3fc0300d Downloading 388MB
 c62c3fc0300d Downloading 388MB
 c62c3fc0300d Downloading 388MB
 c62c3fc0300d Downloading 388MB
 c62c3fc0300d Downloading 388MB
 c62c3fc0300d Downloading 388MB
 c62c3fc0300d Downloading 388MB
 c62c3fc0300d Downloading 388MB
 c62c3fc0300d Downloading 388MB
 c62c3fc0300d Downloading 388MB
 c62c3fc0300d Downloading 388MB
 c62c3fc0300d Downloading 388MB
 c62c3fc0300d Downloading 388MB
 c62c3fc0300d Downloading 388MB
 c62c3fc0300d Downloading 388MB
 c62c3fc0300d Downloading 388MB
 c62c3fc0300d Downloading 388MB
 c62c3fc0300d Downloading 388MB
 c62c3fc0300d Downloading 388MB
 c62c3fc0300d Downloading 388MB
 c62c3fc0300d Downloading 388MB
 c62c3fc0300d Downloading 388MB
 c62c3fc0300d Downloading 388MB
 c62c3fc0300d Downloading 388MB
 c62c3fc0300d Downloading 388MB
 c62c3fc0300d Downloading 389MB
 c62c3fc0300d Downloading 389MB
 c62c3fc0300d Downloading 389MB
 c62c3fc0300d Downloading 389MB
 c62c3fc0300d Downloading 389MB
 c62c3fc0300d Downloading 389MB
 c62c3fc0300d Downloading 389MB
 c62c3fc0300d Downloading 389MB
 c62c3fc0300d Downloading 389MB
 c62c3fc0300d Downloading 389MB
 c62c3fc0300d Downloading 389MB
 c62c3fc0300d Downloading 389MB
 c62c3fc0300d Downloading 389MB
 c62c3fc0300d Downloading 389MB
 c62c3fc0300d Downloading 389MB
 c62c3fc0300d Downloading 389MB
 c62c3fc0300d Downloading 389MB
 c62c3fc0300d Downloading 389MB
 c62c3fc0300d Downloading 389MB
 c62c3fc0300d Downloading 389MB
 c62c3fc0300d Downloading 389MB
 c62c3fc0300d Downloading 389MB
 c62c3fc0300d Downloading 389MB
 c62c3fc0300d Downloading 389MB
 c62c3fc0300d Downloading 389MB
 c62c3fc0300d Downloading 389MB
 c62c3fc0300d Downloading 389MB
 c62c3fc0300d Downloading 389MB
 c62c3fc0300d Downloading 389MB
 c62c3fc0300d Downloading 389MB
 c62c3fc0300d Downloading 390.1MB
 c62c3fc0300d Downloading 390.1MB
 c62c3fc0300d Downloading 390.1MB
 c62c3fc0300d Downloading 390.1MB
 c62c3fc0300d Downloading 390.1MB
 c62c3fc0300d Downloading 390.1MB
 c62c3fc0300d Downloading 390.1MB
 c62c3fc0300d Downloading 390.1MB
 c62c3fc0300d Downloading 390.1MB
 c62c3fc0300d Downloading 390.1MB
 c62c3fc0300d Downloading 390.1MB
 c62c3fc0300d Downloading 390.1MB
 c62c3fc0300d Downloading 390.1MB
 c62c3fc0300d Downloading 390.1MB
 c62c3fc0300d Downloading 390.1MB
 c62c3fc0300d Downloading 390.1MB
 c62c3fc0300d Downloading 390.1MB
 c62c3fc0300d Downloading 390.1MB
 c62c3fc0300d Downloading 390.1MB
 c62c3fc0300d Downloading 390.1MB
 c62c3fc0300d Downloading 390.1MB
 c62c3fc0300d Downloading 390.1MB
 c62c3fc0300d Downloading 390.1MB
 c62c3fc0300d Downloading 390.1MB
 c62c3fc0300d Downloading 390.1MB
 c62c3fc0300d Downloading 390.1MB
 c62c3fc0300d Downloading 390.1MB
 c62c3fc0300d Downloading 390.1MB
 c62c3fc0300d Downloading 391.1MB
 c62c3fc0300d Downloading 391.1MB
 c62c3fc0300d Downloading 391.1MB
 c62c3fc0300d Downloading 391.1MB
 c62c3fc0300d Downloading 391.1MB
 c62c3fc0300d Downloading 391.1MB
 c62c3fc0300d Downloading 391.1MB
 c62c3fc0300d Downloading 391.1MB
 c62c3fc0300d Downloading 391.1MB
 c62c3fc0300d Downloading 391.1MB
 c62c3fc0300d Downloading 391.1MB
 c62c3fc0300d Downloading 391.1MB
 c62c3fc0300d Downloading 391.1MB
 c62c3fc0300d Downloading 391.1MB
 c62c3fc0300d Downloading 391.1MB
 c62c3fc0300d Downloading 391.1MB
 c62c3fc0300d Downloading 391.1MB
 c62c3fc0300d Downloading 391.1MB
 c62c3fc0300d Downloading 391.1MB
 c62c3fc0300d Downloading 391.1MB
 c62c3fc0300d Downloading 391.1MB
 c62c3fc0300d Downloading 391.1MB
 c62c3fc0300d Downloading 391.1MB
 c62c3fc0300d Downloading 391.1MB
 c62c3fc0300d Downloading 391.1MB
 c62c3fc0300d Downloading 391.1MB
 c62c3fc0300d Downloading 391.1MB
 c62c3fc0300d Downloading 392.2MB
 c62c3fc0300d Downloading 392.2MB
 c62c3fc0300d Downloading 392.2MB
 c62c3fc0300d Downloading 392.2MB
 c62c3fc0300d Downloading 392.2MB
 c62c3fc0300d Downloading 392.2MB
 c62c3fc0300d Downloading 392.2MB
 c62c3fc0300d Downloading 392.2MB
 c62c3fc0300d Downloading 392.2MB
 c62c3fc0300d Downloading 392.2MB
 c62c3fc0300d Downloading 392.2MB
 c62c3fc0300d Downloading 392.2MB
 c62c3fc0300d Downloading 392.2MB
 c62c3fc0300d Downloading 392.2MB
 c62c3fc0300d Downloading 392.2MB
 c62c3fc0300d Downloading 392.2MB
 c62c3fc0300d Downloading 392.2MB
 c62c3fc0300d Downloading 392.2MB
 c62c3fc0300d Downloading 392.2MB
 c62c3fc0300d Downloading 392.2MB
 c62c3fc0300d Downloading 392.2MB
 c62c3fc0300d Downloading 392.2MB
 c62c3fc0300d Downloading 392.2MB
 c62c3fc0300d Downloading 392.2MB
 c62c3fc0300d Downloading 392.2MB
 c62c3fc0300d Downloading 392.2MB
 c62c3fc0300d Downloading 392.2MB
 c62c3fc0300d Downloading 392.2MB
 c62c3fc0300d Downloading 392.2MB
 c62c3fc0300d Downloading 392.2MB
 c62c3fc0300d Downloading 392.2MB
 c62c3fc0300d Downloading 392.2MB
 c62c3fc0300d Downloading 392.2MB
 c62c3fc0300d Downloading 392.2MB
 c62c3fc0300d Downloading 392.2MB
 c62c3fc0300d Downloading 392.2MB
 c62c3fc0300d Downloading 392.2MB
 c62c3fc0300d Downloading 392.2MB
 c62c3fc0300d Downloading 392.2MB
 c62c3fc0300d Downloading 392.2MB
 c62c3fc0300d Downloading 392.2MB
 c62c3fc0300d Downloading 392.2MB
 c62c3fc0300d Downloading 392.2MB
 c62c3fc0300d Downloading 392.2MB
 c62c3fc0300d Downloading 392.2MB
 c62c3fc0300d Downloading 392.2MB
 c62c3fc0300d Downloading 392.2MB
 c62c3fc0300d Downloading 392.2MB
 c62c3fc0300d Downloading 392.2MB
 c62c3fc0300d Downloading 392.2MB
 c62c3fc0300d Downloading 392.2MB
 c62c3fc0300d Downloading 392.2MB
 c62c3fc0300d Downloading 392.2MB
 c62c3fc0300d Downloading 392.2MB
 c62c3fc0300d Downloading 392.2MB
 c62c3fc0300d Downloading 392.2MB
 c62c3fc0300d Downloading 392.2MB
 c62c3fc0300d Downloading 392.2MB
 c62c3fc0300d Downloading 392.2MB
 c62c3fc0300d Downloading 392.2MB
 c62c3fc0300d Downloading 393.2MB
 c62c3fc0300d Downloading 393.2MB
 c62c3fc0300d Downloading 393.2MB
 c62c3fc0300d Downloading 393.2MB
 c62c3fc0300d Downloading 393.2MB
 c62c3fc0300d Downloading 393.2MB
 c62c3fc0300d Downloading 393.2MB
 c62c3fc0300d Downloading 393.2MB
 c62c3fc0300d Downloading 393.2MB
 c62c3fc0300d Downloading 393.2MB
 c62c3fc0300d Downloading 393.2MB
 c62c3fc0300d Downloading 393.2MB
 c62c3fc0300d Downloading 393.2MB
 c62c3fc0300d Downloading 393.2MB
 c62c3fc0300d Downloading 393.2MB
 c62c3fc0300d Downloading 393.2MB
 c62c3fc0300d Downloading 393.2MB
 c62c3fc0300d Downloading 393.2MB
 c62c3fc0300d Downloading 393.2MB
 c62c3fc0300d Downloading 393.2MB
 c62c3fc0300d Downloading 393.2MB
 c62c3fc0300d Downloading 393.2MB
 c62c3fc0300d Downloading 393.2MB
 c62c3fc0300d Downloading 393.2MB
 c62c3fc0300d Downloading 393.2MB
 c62c3fc0300d Downloading 393.2MB
 c62c3fc0300d Downloading 393.2MB
 c62c3fc0300d Downloading 393.2MB
 c62c3fc0300d Downloading 393.2MB
 c62c3fc0300d Downloading 393.2MB
 c62c3fc0300d Downloading 393.2MB
 c62c3fc0300d Downloading 393.2MB
 c62c3fc0300d Downloading 393.2MB
 c62c3fc0300d Downloading 393.2MB
 c62c3fc0300d Downloading 394.3MB
 c62c3fc0300d Downloading 394.3MB
 c62c3fc0300d Downloading 394.3MB
 c62c3fc0300d Downloading 394.3MB
 c62c3fc0300d Downloading 394.3MB
 c62c3fc0300d Downloading 394.3MB
 c62c3fc0300d Downloading 394.3MB
 c62c3fc0300d Downloading 394.3MB
 c62c3fc0300d Downloading 394.3MB
 c62c3fc0300d Downloading 394.3MB
 c62c3fc0300d Downloading 394.3MB
 c62c3fc0300d Downloading 394.3MB
 c62c3fc0300d Downloading 394.3MB
 c62c3fc0300d Downloading 394.3MB
 c62c3fc0300d Downloading 394.3MB
 c62c3fc0300d Downloading 394.3MB
 c62c3fc0300d Downloading 394.3MB
 c62c3fc0300d Downloading 394.3MB
 c62c3fc0300d Downloading 394.3MB
 c62c3fc0300d Downloading 394.3MB
 c62c3fc0300d Downloading 394.3MB
 c62c3fc0300d Downloading 394.3MB
 c62c3fc0300d Downloading 394.3MB
 c62c3fc0300d Downloading 394.3MB
 c62c3fc0300d Downloading 394.3MB
 c62c3fc0300d Downloading 394.3MB
 c62c3fc0300d Downloading 394.3MB
 c62c3fc0300d Downloading 394.3MB
 c62c3fc0300d Downloading 394.3MB
 c62c3fc0300d Downloading 394.3MB
 c62c3fc0300d Downloading 394.3MB
 c62c3fc0300d Downloading 394.3MB
 c62c3fc0300d Downloading 394.3MB
 c62c3fc0300d Downloading 394.3MB
 c62c3fc0300d Downloading 394.3MB
 c62c3fc0300d Downloading 394.3MB
 c62c3fc0300d Downloading 394.3MB
 c62c3fc0300d Downloading 395.3MB
 c62c3fc0300d Downloading 395.3MB
 c62c3fc0300d Downloading 395.3MB
 c62c3fc0300d Downloading 395.3MB
 c62c3fc0300d Downloading 395.3MB
 c62c3fc0300d Downloading 395.3MB
 c62c3fc0300d Downloading 395.3MB
 c62c3fc0300d Downloading 395.3MB
 c62c3fc0300d Downloading 395.3MB
 c62c3fc0300d Downloading 395.3MB
 c62c3fc0300d Downloading 395.3MB
 c62c3fc0300d Downloading 395.3MB
 c62c3fc0300d Downloading 395.3MB
 c62c3fc0300d Downloading 395.3MB
 c62c3fc0300d Downloading 395.3MB
 c62c3fc0300d Downloading 395.3MB
 c62c3fc0300d Downloading 395.3MB
 c62c3fc0300d Downloading 395.3MB
 c62c3fc0300d Downloading 395.3MB
 c62c3fc0300d Downloading 395.3MB
 c62c3fc0300d Downloading 395.3MB
 c62c3fc0300d Downloading 395.3MB
 c62c3fc0300d Downloading 395.3MB
 c62c3fc0300d Downloading 395.3MB
 c62c3fc0300d Downloading 395.3MB
 c62c3fc0300d Downloading 395.3MB
 c62c3fc0300d Downloading 395.3MB
 c62c3fc0300d Downloading 395.3MB
 c62c3fc0300d Downloading 395.3MB
 c62c3fc0300d Downloading 395.3MB
 c62c3fc0300d Downloading 395.3MB
 c62c3fc0300d Downloading 395.3MB
 c62c3fc0300d Downloading 395.3MB
 c62c3fc0300d Downloading 395.3MB
 c62c3fc0300d Downloading 395.3MB
 c62c3fc0300d Downloading 395.3MB
 c62c3fc0300d Downloading 395.3MB
 c62c3fc0300d Downloading 395.3MB
 c62c3fc0300d Downloading 395.3MB
 c62c3fc0300d Downloading 395.3MB
 c62c3fc0300d Downloading 395.3MB
 c62c3fc0300d Downloading 395.3MB
 c62c3fc0300d Downloading 395.3MB
 c62c3fc0300d Downloading 395.3MB
 c62c3fc0300d Downloading 395.3MB
 c62c3fc0300d Downloading 395.3MB
 c62c3fc0300d Downloading 395.3MB
 c62c3fc0300d Downloading 395.3MB
 c62c3fc0300d Downloading 395.3MB
 c62c3fc0300d Downloading 395.3MB
 c62c3fc0300d Downloading 396.4MB
 c62c3fc0300d Downloading 396.4MB
 c62c3fc0300d Downloading 396.4MB
 c62c3fc0300d Downloading 396.4MB
 c62c3fc0300d Downloading 396.4MB
 c62c3fc0300d Downloading 396.4MB
 c62c3fc0300d Downloading 396.4MB
 c62c3fc0300d Downloading 396.4MB
 c62c3fc0300d Downloading 396.4MB
 c62c3fc0300d Downloading 396.4MB
 c62c3fc0300d Downloading 396.4MB
 c62c3fc0300d Downloading 396.4MB
 c62c3fc0300d Downloading 396.4MB
 c62c3fc0300d Downloading 396.4MB
 c62c3fc0300d Downloading 396.4MB
 c62c3fc0300d Downloading 396.4MB
 c62c3fc0300d Downloading 396.4MB
 c62c3fc0300d Downloading 396.4MB
 c62c3fc0300d Downloading 396.4MB
 c62c3fc0300d Downloading 396.4MB
 c62c3fc0300d Downloading 396.4MB
 c62c3fc0300d Downloading 396.4MB
 c62c3fc0300d Downloading 396.4MB
 c62c3fc0300d Downloading 396.4MB
 c62c3fc0300d Downloading 396.4MB
 c62c3fc0300d Downloading 396.4MB
 c62c3fc0300d Downloading 396.4MB
 c62c3fc0300d Downloading 396.4MB
 c62c3fc0300d Downloading 396.4MB
 c62c3fc0300d Downloading 396.4MB
 c62c3fc0300d Downloading 396.4MB
 c62c3fc0300d Downloading 396.4MB
 c62c3fc0300d Downloading 396.4MB
 c62c3fc0300d Downloading 396.4MB
 c62c3fc0300d Downloading 396.4MB
 c62c3fc0300d Downloading 396.4MB
 c62c3fc0300d Downloading 396.4MB
 c62c3fc0300d Downloading 397.4MB
 c62c3fc0300d Downloading 397.4MB
 c62c3fc0300d Downloading 397.4MB
 c62c3fc0300d Downloading 397.4MB
 c62c3fc0300d Downloading 397.4MB
 c62c3fc0300d Downloading 397.4MB
 c62c3fc0300d Downloading 397.4MB
 c62c3fc0300d Downloading 397.4MB
 c62c3fc0300d Downloading 397.4MB
 c62c3fc0300d Downloading 397.4MB
 c62c3fc0300d Downloading 397.4MB
 c62c3fc0300d Downloading 397.4MB
 c62c3fc0300d Downloading 397.4MB
 c62c3fc0300d Downloading 397.4MB
 c62c3fc0300d Downloading 397.4MB
 c62c3fc0300d Downloading 397.4MB
 c62c3fc0300d Downloading 397.4MB
 c62c3fc0300d Downloading 397.4MB
 c62c3fc0300d Downloading 397.4MB
 c62c3fc0300d Downloading 397.4MB
 c62c3fc0300d Downloading 397.4MB
 c62c3fc0300d Downloading 397.4MB
 c62c3fc0300d Downloading 397.4MB
 c62c3fc0300d Downloading 397.4MB
 c62c3fc0300d Downloading 397.4MB
 c62c3fc0300d Downloading 397.4MB
 c62c3fc0300d Downloading 397.4MB
 c62c3fc0300d Downloading 397.4MB
 c62c3fc0300d Downloading 397.4MB
 c62c3fc0300d Downloading 397.4MB
 c62c3fc0300d Downloading 397.4MB
 c62c3fc0300d Downloading 397.4MB
 c62c3fc0300d Downloading 397.4MB
 c62c3fc0300d Downloading 397.4MB
 c62c3fc0300d Downloading 397.4MB
 c62c3fc0300d Downloading 397.4MB
 c62c3fc0300d Downloading 397.4MB
 c62c3fc0300d Downloading 397.4MB
 c62c3fc0300d Downloading 397.4MB
 c62c3fc0300d Downloading 397.4MB
 c62c3fc0300d Downloading 398.5MB
 c62c3fc0300d Downloading 398.5MB
 c62c3fc0300d Downloading 398.5MB
 c62c3fc0300d Downloading 398.5MB
 c62c3fc0300d Downloading 398.5MB
 c62c3fc0300d Downloading 398.5MB
 c62c3fc0300d Downloading 398.5MB
 c62c3fc0300d Downloading 398.5MB
 c62c3fc0300d Downloading 398.5MB
 c62c3fc0300d Downloading 398.5MB
 c62c3fc0300d Downloading 398.5MB
 c62c3fc0300d Downloading 398.5MB
 c62c3fc0300d Downloading 398.5MB
 c62c3fc0300d Downloading 398.5MB
 c62c3fc0300d Downloading 398.5MB
 c62c3fc0300d Downloading 398.5MB
 c62c3fc0300d Downloading 398.5MB
 c62c3fc0300d Downloading 398.5MB
 c62c3fc0300d Downloading 398.5MB
 c62c3fc0300d Downloading 398.5MB
 c62c3fc0300d Downloading 398.5MB
 c62c3fc0300d Downloading 398.5MB
 c62c3fc0300d Downloading 398.5MB
 c62c3fc0300d Downloading 398.5MB
 c62c3fc0300d Downloading 398.5MB
 c62c3fc0300d Downloading 398.5MB
 c62c3fc0300d Downloading 398.5MB
 c62c3fc0300d Downloading 398.5MB
 c62c3fc0300d Downloading 398.5MB
 c62c3fc0300d Downloading 398.5MB
 c62c3fc0300d Downloading 398.5MB
 c62c3fc0300d Downloading 398.5MB
 c62c3fc0300d Downloading 398.5MB
 c62c3fc0300d Downloading 399.5MB
 c62c3fc0300d Downloading 399.5MB
 c62c3fc0300d Downloading 399.5MB
 c62c3fc0300d Downloading 399.5MB
 c62c3fc0300d Downloading 399.5MB
 c62c3fc0300d Downloading 399.5MB
 c62c3fc0300d Downloading 399.5MB
 c62c3fc0300d Downloading 399.5MB
 c62c3fc0300d Downloading 399.5MB
 c62c3fc0300d Downloading 399.5MB
 c62c3fc0300d Downloading 399.5MB
 c62c3fc0300d Downloading 399.5MB
 c62c3fc0300d Downloading 399.5MB
 c62c3fc0300d Downloading 399.5MB
 c62c3fc0300d Downloading 399.5MB
 c62c3fc0300d Downloading 399.5MB
 c62c3fc0300d Downloading 399.5MB
 c62c3fc0300d Downloading 399.5MB
 c62c3fc0300d Downloading 399.5MB
 c62c3fc0300d Downloading 399.5MB
 c62c3fc0300d Downloading 399.5MB
 c62c3fc0300d Downloading 399.5MB
 c62c3fc0300d Downloading 399.5MB
 c62c3fc0300d Downloading 399.5MB
 c62c3fc0300d Downloading 399.5MB
 c62c3fc0300d Downloading 399.5MB
 c62c3fc0300d Downloading 399.5MB
 c62c3fc0300d Downloading 399.5MB
 c62c3fc0300d Downloading 399.5MB
 c62c3fc0300d Downloading 399.5MB
 c62c3fc0300d Downloading 399.5MB
 c62c3fc0300d Downloading 399.5MB
 c62c3fc0300d Downloading 399.5MB
 c62c3fc0300d Downloading 399.5MB
 c62c3fc0300d Downloading 399.5MB
 c62c3fc0300d Downloading 399.5MB
 c62c3fc0300d Downloading 399.5MB
 c62c3fc0300d Downloading 399.5MB
 c62c3fc0300d Downloading 399.5MB
 c62c3fc0300d Downloading 399.5MB
 c62c3fc0300d Downloading 399.5MB
 c62c3fc0300d Downloading 399.5MB
 c62c3fc0300d Downloading 399.5MB
 c62c3fc0300d Downloading 400.6MB
 c62c3fc0300d Downloading 400.6MB
 c62c3fc0300d Downloading 400.6MB
 c62c3fc0300d Downloading 400.6MB
 c62c3fc0300d Downloading 400.6MB
 c62c3fc0300d Downloading 400.6MB
 c62c3fc0300d Downloading 400.6MB
 c62c3fc0300d Downloading 400.6MB
 c62c3fc0300d Downloading 400.6MB
 c62c3fc0300d Downloading 400.6MB
 c62c3fc0300d Downloading 400.6MB
 c62c3fc0300d Downloading 400.6MB
 c62c3fc0300d Downloading 400.6MB
 c62c3fc0300d Downloading 400.6MB
 c62c3fc0300d Downloading 400.6MB
 c62c3fc0300d Downloading 400.6MB
 c62c3fc0300d Downloading 400.6MB
 c62c3fc0300d Downloading 400.6MB
 c62c3fc0300d Downloading 400.6MB
 c62c3fc0300d Downloading 400.6MB
 c62c3fc0300d Downloading 400.6MB
 c62c3fc0300d Downloading 400.6MB
 c62c3fc0300d Downloading 400.6MB
 c62c3fc0300d Downloading 400.6MB
 c62c3fc0300d Downloading 400.6MB
 c62c3fc0300d Downloading 401.6MB
 c62c3fc0300d Downloading 401.6MB
 c62c3fc0300d Downloading 401.6MB
 c62c3fc0300d Downloading 401.6MB
 c62c3fc0300d Downloading 401.6MB
 c62c3fc0300d Downloading 401.6MB
 c62c3fc0300d Downloading 401.6MB
 c62c3fc0300d Downloading 401.6MB
 c62c3fc0300d Downloading 401.6MB
 c62c3fc0300d Downloading 401.6MB
 c62c3fc0300d Downloading 401.6MB
 c62c3fc0300d Downloading 401.6MB
 c62c3fc0300d Downloading 401.6MB
 c62c3fc0300d Downloading 401.6MB
 c62c3fc0300d Downloading 401.6MB
 c62c3fc0300d Downloading 401.6MB
 c62c3fc0300d Downloading 401.6MB
 c62c3fc0300d Downloading 401.6MB
 c62c3fc0300d Downloading 401.6MB
 c62c3fc0300d Downloading 401.6MB
 c62c3fc0300d Downloading 401.6MB
 c62c3fc0300d Downloading 401.6MB
 c62c3fc0300d Downloading 401.6MB
 c62c3fc0300d Downloading 401.6MB
 c62c3fc0300d Downloading 401.6MB
 c62c3fc0300d Downloading 401.6MB
 c62c3fc0300d Downloading 401.6MB
 c62c3fc0300d Downloading 401.6MB
 c62c3fc0300d Downloading 401.6MB
 c62c3fc0300d Downloading 401.6MB
 c62c3fc0300d Downloading 402.7MB
 c62c3fc0300d Downloading 402.7MB
 c62c3fc0300d Downloading 402.7MB
 c62c3fc0300d Downloading 402.7MB
 c62c3fc0300d Downloading 402.7MB
 c62c3fc0300d Downloading 402.7MB
 c62c3fc0300d Downloading 402.7MB
 c62c3fc0300d Downloading 402.7MB
 c62c3fc0300d Downloading 402.7MB
 c62c3fc0300d Downloading 402.7MB
 c62c3fc0300d Downloading 402.7MB
 c62c3fc0300d Downloading 402.7MB
 c62c3fc0300d Downloading 402.7MB
 c62c3fc0300d Downloading 402.7MB
 c62c3fc0300d Downloading 402.7MB
 c62c3fc0300d Downloading 402.7MB
 c62c3fc0300d Downloading 402.7MB
 c62c3fc0300d Downloading 402.7MB
 c62c3fc0300d Downloading 402.7MB
 c62c3fc0300d Downloading 402.7MB
 c62c3fc0300d Downloading 402.7MB
 c62c3fc0300d Downloading 402.7MB
 c62c3fc0300d Downloading 402.7MB
 c62c3fc0300d Downloading 402.7MB
 c62c3fc0300d Downloading 402.7MB
 c62c3fc0300d Downloading 402.7MB
 c62c3fc0300d Downloading 402.7MB
 c62c3fc0300d Downloading 402.7MB
 c62c3fc0300d Downloading 402.7MB
 c62c3fc0300d Downloading 402.7MB
 c62c3fc0300d Downloading 402.7MB
 c62c3fc0300d Downloading 402.7MB
 c62c3fc0300d Downloading 402.7MB
 c62c3fc0300d Downloading 402.7MB
 c62c3fc0300d Downloading 402.7MB
 c62c3fc0300d Downloading 402.7MB
 c62c3fc0300d Downloading 403.7MB
 c62c3fc0300d Downloading 403.7MB
 c62c3fc0300d Downloading 403.7MB
 c62c3fc0300d Downloading 403.7MB
 c62c3fc0300d Downloading 403.7MB
 c62c3fc0300d Downloading 403.7MB
 c62c3fc0300d Downloading 403.7MB
 c62c3fc0300d Downloading 403.7MB
 c62c3fc0300d Downloading 403.7MB
 c62c3fc0300d Downloading 403.7MB
 c62c3fc0300d Downloading 403.7MB
 c62c3fc0300d Downloading 403.7MB
 c62c3fc0300d Downloading 403.7MB
 c62c3fc0300d Downloading 403.7MB
 c62c3fc0300d Downloading 403.7MB
 c62c3fc0300d Downloading 403.7MB
 c62c3fc0300d Downloading 403.7MB
 c62c3fc0300d Downloading 403.7MB
 c62c3fc0300d Downloading 403.7MB
 c62c3fc0300d Downloading 403.7MB
 c62c3fc0300d Downloading 403.7MB
 c62c3fc0300d Downloading 403.7MB
 c62c3fc0300d Downloading 403.7MB
 c62c3fc0300d Downloading 403.7MB
 c62c3fc0300d Downloading 403.7MB
 c62c3fc0300d Downloading 403.7MB
 c62c3fc0300d Downloading 403.7MB
 c62c3fc0300d Downloading 403.7MB
 c62c3fc0300d Downloading 403.7MB
 c62c3fc0300d Downloading 403.7MB
 c62c3fc0300d Downloading 403.7MB
 c62c3fc0300d Downloading 403.7MB
 c62c3fc0300d Downloading 403.7MB
 c62c3fc0300d Downloading 403.7MB
 c62c3fc0300d Downloading 403.7MB
 c62c3fc0300d Downloading 403.7MB
 c62c3fc0300d Downloading 403.7MB
 c62c3fc0300d Downloading 403.7MB
 c62c3fc0300d Downloading 403.7MB
 c62c3fc0300d Downloading 404.8MB
 c62c3fc0300d Downloading 404.8MB
 c62c3fc0300d Downloading 404.8MB
 c62c3fc0300d Downloading 404.8MB
 c62c3fc0300d Downloading 404.8MB
 c62c3fc0300d Downloading 404.8MB
 c62c3fc0300d Downloading 404.8MB
 c62c3fc0300d Downloading 404.8MB
 c62c3fc0300d Downloading 404.8MB
 c62c3fc0300d Downloading 404.8MB
 c62c3fc0300d Downloading 404.8MB
 c62c3fc0300d Downloading 404.8MB
 c62c3fc0300d Downloading 404.8MB
 c62c3fc0300d Downloading 404.8MB
 c62c3fc0300d Downloading 404.8MB
 c62c3fc0300d Downloading 404.8MB
 c62c3fc0300d Downloading 404.8MB
 c62c3fc0300d Downloading 404.8MB
 c62c3fc0300d Downloading 404.8MB
 c62c3fc0300d Downloading 404.8MB
 c62c3fc0300d Downloading 404.8MB
 c62c3fc0300d Downloading 404.8MB
 c62c3fc0300d Downloading 404.8MB
 c62c3fc0300d Downloading 404.8MB
 c62c3fc0300d Downloading 404.8MB
 c62c3fc0300d Downloading 404.8MB
 c62c3fc0300d Downloading 404.8MB
 c62c3fc0300d Downloading 405.8MB
 c62c3fc0300d Downloading 405.8MB
 c62c3fc0300d Downloading 405.8MB
 c62c3fc0300d Downloading 405.8MB
 c62c3fc0300d Downloading 405.8MB
 c62c3fc0300d Downloading 405.8MB
 c62c3fc0300d Downloading 405.8MB
 c62c3fc0300d Downloading 405.8MB
 c62c3fc0300d Downloading 405.8MB
 c62c3fc0300d Downloading 405.8MB
 c62c3fc0300d Downloading 405.8MB
 c62c3fc0300d Downloading 405.8MB
 c62c3fc0300d Downloading 405.8MB
 c62c3fc0300d Downloading 405.8MB
 c62c3fc0300d Downloading 405.8MB
 c62c3fc0300d Downloading 405.8MB
 c62c3fc0300d Downloading 405.8MB
 c62c3fc0300d Downloading 405.8MB
 c62c3fc0300d Downloading 405.8MB
 c62c3fc0300d Downloading 405.8MB
 c62c3fc0300d Downloading 405.8MB
 c62c3fc0300d Downloading 405.8MB
 c62c3fc0300d Downloading 405.8MB
 c62c3fc0300d Downloading 405.8MB
 c62c3fc0300d Downloading 405.8MB
 c62c3fc0300d Downloading 405.8MB
 c62c3fc0300d Downloading 405.8MB
 c62c3fc0300d Downloading 405.8MB
 c62c3fc0300d Downloading 405.8MB
 c62c3fc0300d Downloading 405.8MB
 c62c3fc0300d Downloading 405.8MB
 c62c3fc0300d Downloading 405.8MB
 c62c3fc0300d Downloading 405.8MB
 c62c3fc0300d Downloading 405.8MB
 c62c3fc0300d Downloading 405.8MB
 c62c3fc0300d Downloading 405.8MB
 c62c3fc0300d Downloading 405.8MB
 c62c3fc0300d Downloading 405.8MB
 c62c3fc0300d Downloading 405.8MB
 c62c3fc0300d Downloading 406.8MB
 c62c3fc0300d Downloading 406.8MB
 c62c3fc0300d Downloading 406.8MB
 c62c3fc0300d Downloading 406.8MB
 c62c3fc0300d Downloading 406.8MB
 c62c3fc0300d Downloading 406.8MB
 c62c3fc0300d Downloading 406.8MB
 c62c3fc0300d Downloading 406.8MB
 c62c3fc0300d Downloading 406.8MB
 c62c3fc0300d Downloading 406.8MB
 c62c3fc0300d Downloading 406.8MB
 c62c3fc0300d Downloading 406.8MB
 c62c3fc0300d Downloading 406.8MB
 c62c3fc0300d Downloading 406.8MB
 c62c3fc0300d Downloading 406.8MB
 c62c3fc0300d Downloading 406.8MB
 c62c3fc0300d Downloading 406.8MB
 c62c3fc0300d Downloading 406.8MB
 c62c3fc0300d Downloading 406.8MB
 c62c3fc0300d Downloading 406.8MB
 c62c3fc0300d Downloading 406.8MB
 c62c3fc0300d Downloading 406.8MB
 c62c3fc0300d Downloading 406.8MB
 c62c3fc0300d Downloading 406.8MB
 c62c3fc0300d Downloading 406.8MB
 c62c3fc0300d Downloading 406.8MB
 c62c3fc0300d Downloading 406.8MB
 c62c3fc0300d Downloading 406.8MB
 c62c3fc0300d Downloading 406.8MB
 c62c3fc0300d Downloading 407.9MB
 c62c3fc0300d Downloading 407.9MB
 c62c3fc0300d Downloading 407.9MB
 c62c3fc0300d Downloading 407.9MB
 c62c3fc0300d Downloading 407.9MB
 c62c3fc0300d Downloading 407.9MB
 c62c3fc0300d Downloading 407.9MB
 c62c3fc0300d Downloading 407.9MB
 c62c3fc0300d Downloading 407.9MB
 c62c3fc0300d Downloading 407.9MB
 c62c3fc0300d Downloading 407.9MB
 c62c3fc0300d Downloading 407.9MB
 c62c3fc0300d Downloading 407.9MB
 c62c3fc0300d Downloading 407.9MB
 c62c3fc0300d Downloading 407.9MB
 c62c3fc0300d Downloading 407.9MB
 c62c3fc0300d Downloading 407.9MB
 c62c3fc0300d Downloading 407.9MB
 c62c3fc0300d Downloading 407.9MB
 c62c3fc0300d Downloading 407.9MB
 c62c3fc0300d Downloading 407.9MB
 c62c3fc0300d Downloading 407.9MB
 c62c3fc0300d Downloading 407.9MB
 c62c3fc0300d Downloading 407.9MB
 c62c3fc0300d Downloading 407.9MB
 c62c3fc0300d Downloading 407.9MB
 c62c3fc0300d Downloading 407.9MB
 c62c3fc0300d Downloading 407.9MB
 c62c3fc0300d Downloading 407.9MB
 c62c3fc0300d Downloading 407.9MB
 c62c3fc0300d Downloading 407.9MB
 c62c3fc0300d Downloading 407.9MB
 c62c3fc0300d Downloading 407.9MB
 c62c3fc0300d Downloading 408.9MB
 c62c3fc0300d Downloading 408.9MB
 c62c3fc0300d Downloading 408.9MB
 c62c3fc0300d Downloading 408.9MB
 c62c3fc0300d Downloading 408.9MB
 c62c3fc0300d Downloading 408.9MB
 c62c3fc0300d Downloading 408.9MB
 c62c3fc0300d Downloading 408.9MB
 c62c3fc0300d Downloading 408.9MB
 c62c3fc0300d Downloading 408.9MB
 c62c3fc0300d Downloading 408.9MB
 c62c3fc0300d Downloading 408.9MB
 c62c3fc0300d Downloading 408.9MB
 c62c3fc0300d Downloading 408.9MB
 c62c3fc0300d Downloading 408.9MB
 c62c3fc0300d Downloading 408.9MB
 c62c3fc0300d Downloading 408.9MB
 c62c3fc0300d Downloading 408.9MB
 c62c3fc0300d Downloading 408.9MB
 c62c3fc0300d Downloading 408.9MB
 c62c3fc0300d Downloading 408.9MB
 c62c3fc0300d Downloading 408.9MB
 c62c3fc0300d Downloading 408.9MB
 c62c3fc0300d Downloading 408.9MB
 c62c3fc0300d Downloading 408.9MB
 c62c3fc0300d Downloading 408.9MB
 c62c3fc0300d Downloading 408.9MB
 c62c3fc0300d Downloading 408.9MB
 c62c3fc0300d Downloading 408.9MB
 c62c3fc0300d Downloading 408.9MB
 c62c3fc0300d Downloading 408.9MB
 c62c3fc0300d Downloading 408.9MB
 c62c3fc0300d Downloading 408.9MB
 c62c3fc0300d Downloading 410MB
 c62c3fc0300d Downloading 410MB
 c62c3fc0300d Downloading 410MB
 c62c3fc0300d Downloading 410MB
 c62c3fc0300d Downloading 410MB
 c62c3fc0300d Downloading 410MB
 c62c3fc0300d Downloading 410MB
 c62c3fc0300d Downloading 410MB
 c62c3fc0300d Downloading 410MB
 c62c3fc0300d Downloading 410MB
 c62c3fc0300d Downloading 410MB
 c62c3fc0300d Downloading 410MB
 c62c3fc0300d Downloading 410MB
 c62c3fc0300d Downloading 410MB
 c62c3fc0300d Downloading 410MB
 c62c3fc0300d Downloading 410MB
 c62c3fc0300d Downloading 410MB
 c62c3fc0300d Downloading 410MB
 c62c3fc0300d Downloading 410MB
 c62c3fc0300d Downloading 410MB
 c62c3fc0300d Downloading 410MB
 c62c3fc0300d Downloading 410MB
 c62c3fc0300d Downloading 410MB
 c62c3fc0300d Downloading 410MB
 c62c3fc0300d Downloading 410MB
 c62c3fc0300d Downloading 410MB
 c62c3fc0300d Downloading 410MB
 c62c3fc0300d Downloading 410MB
 c62c3fc0300d Downloading 411MB
 c62c3fc0300d Downloading 411MB
 c62c3fc0300d Downloading 411MB
 c62c3fc0300d Downloading 411MB
 c62c3fc0300d Downloading 411MB
 c62c3fc0300d Downloading 411MB
 c62c3fc0300d Downloading 411MB
 c62c3fc0300d Downloading 411MB
 c62c3fc0300d Downloading 411MB
 c62c3fc0300d Downloading 411MB
 c62c3fc0300d Downloading 411MB
 c62c3fc0300d Downloading 411MB
 c62c3fc0300d Downloading 411MB
 c62c3fc0300d Downloading 411MB
 c62c3fc0300d Downloading 411MB
 c62c3fc0300d Downloading 411MB
 c62c3fc0300d Downloading 412.1MB
 c62c3fc0300d Downloading 412.1MB
 c62c3fc0300d Downloading 412.1MB
 c62c3fc0300d Downloading 412.1MB
 c62c3fc0300d Downloading 412.1MB
 c62c3fc0300d Downloading 412.1MB
 c62c3fc0300d Downloading 412.1MB
 c62c3fc0300d Downloading 412.1MB
 c62c3fc0300d Downloading 412.1MB
 c62c3fc0300d Downloading 412.1MB
 c62c3fc0300d Downloading 412.1MB
 c62c3fc0300d Downloading 412.1MB
 c62c3fc0300d Downloading 412.1MB
 c62c3fc0300d Downloading 412.1MB
 c62c3fc0300d Downloading 412.1MB
 c62c3fc0300d Downloading 412.1MB
 c62c3fc0300d Downloading 412.1MB
 c62c3fc0300d Downloading 412.1MB
 c62c3fc0300d Downloading 412.1MB
 c62c3fc0300d Downloading 412.1MB
 c62c3fc0300d Downloading 412.1MB
 c62c3fc0300d Downloading 412.1MB
 c62c3fc0300d Downloading 413.1MB
 c62c3fc0300d Downloading 413.1MB
 c62c3fc0300d Downloading 413.1MB
 c62c3fc0300d Downloading 413.1MB
 c62c3fc0300d Downloading 413.1MB
 c62c3fc0300d Downloading 413.1MB
 c62c3fc0300d Downloading 413.1MB
 c62c3fc0300d Downloading 413.1MB
 c62c3fc0300d Downloading 413.1MB
 c62c3fc0300d Downloading 413.1MB
 c62c3fc0300d Downloading 413.1MB
 c62c3fc0300d Downloading 413.1MB
 c62c3fc0300d Downloading 413.1MB
 c62c3fc0300d Downloading 413.1MB
 c62c3fc0300d Downloading 413.1MB
 c62c3fc0300d Downloading 413.1MB
 c62c3fc0300d Downloading 413.1MB
 c62c3fc0300d Downloading 413.1MB
 c62c3fc0300d Downloading 413.1MB
 c62c3fc0300d Downloading 413.1MB
 c62c3fc0300d Downloading 413.1MB
 c62c3fc0300d Downloading 413.1MB
 c62c3fc0300d Downloading 413.1MB
 c62c3fc0300d Downloading 413.1MB
 c62c3fc0300d Downloading 413.1MB
 c62c3fc0300d Downloading 413.1MB
 c62c3fc0300d Downloading 413.1MB
 c62c3fc0300d Downloading 413.1MB
 c62c3fc0300d Downloading 413.1MB
 c62c3fc0300d Downloading 414.2MB
 c62c3fc0300d Downloading 414.2MB
 c62c3fc0300d Downloading 414.2MB
 c62c3fc0300d Downloading 414.2MB
 c62c3fc0300d Downloading 414.2MB
 c62c3fc0300d Downloading 414.2MB
 c62c3fc0300d Downloading 414.2MB
 c62c3fc0300d Downloading 414.2MB
 c62c3fc0300d Downloading 414.2MB
 c62c3fc0300d Downloading 414.2MB
 c62c3fc0300d Downloading 414.2MB
 c62c3fc0300d Downloading 414.2MB
 c62c3fc0300d Downloading 414.2MB
 c62c3fc0300d Downloading 414.2MB
 c62c3fc0300d Downloading 414.2MB
 c62c3fc0300d Downloading 414.2MB
 c62c3fc0300d Downloading 414.2MB
 c62c3fc0300d Downloading 414.2MB
 c62c3fc0300d Downloading 414.2MB
 c62c3fc0300d Downloading 414.2MB
 c62c3fc0300d Downloading 414.2MB
 c62c3fc0300d Downloading 414.2MB
 c62c3fc0300d Downloading 414.2MB
 c62c3fc0300d Downloading 414.2MB
 c62c3fc0300d Downloading 414.2MB
 c62c3fc0300d Downloading 414.2MB
 c62c3fc0300d Downloading 414.2MB
 c62c3fc0300d Downloading 414.2MB
 c62c3fc0300d Downloading 414.2MB
 c62c3fc0300d Downloading 414.2MB
 c62c3fc0300d Downloading 414.2MB
 c62c3fc0300d Downloading 414.2MB
 c62c3fc0300d Downloading 414.2MB
 c62c3fc0300d Downloading 414.2MB
 c62c3fc0300d Downloading 414.2MB
 c62c3fc0300d Downloading 414.2MB
 c62c3fc0300d Downloading 414.2MB
 c62c3fc0300d Downloading 415.2MB
 c62c3fc0300d Downloading 415.2MB
 c62c3fc0300d Downloading 415.2MB
 c62c3fc0300d Downloading 415.2MB
 c62c3fc0300d Downloading 415.2MB
 c62c3fc0300d Downloading 415.2MB
 c62c3fc0300d Downloading 415.2MB
 c62c3fc0300d Downloading 415.2MB
 c62c3fc0300d Downloading 415.2MB
 c62c3fc0300d Downloading 415.2MB
 c62c3fc0300d Downloading 415.2MB
 c62c3fc0300d Downloading 415.2MB
 c62c3fc0300d Downloading 415.2MB
 c62c3fc0300d Downloading 415.2MB
 c62c3fc0300d Downloading 415.2MB
 c62c3fc0300d Downloading 415.2MB
 c62c3fc0300d Downloading 415.2MB
 c62c3fc0300d Downloading 415.2MB
 c62c3fc0300d Downloading 415.2MB
 c62c3fc0300d Downloading 415.2MB
 c62c3fc0300d Downloading 415.2MB
 c62c3fc0300d Downloading 415.2MB
 c62c3fc0300d Downloading 415.2MB
 c62c3fc0300d Downloading 415.2MB
 c62c3fc0300d Downloading 415.2MB
 c62c3fc0300d Downloading 415.2MB
 c62c3fc0300d Downloading 415.2MB
 c62c3fc0300d Downloading 415.2MB
 c62c3fc0300d Downloading 415.2MB
 c62c3fc0300d Downloading 415.2MB
 c62c3fc0300d Downloading 415.2MB
 c62c3fc0300d Downloading 415.2MB
 c62c3fc0300d Downloading 415.2MB
 c62c3fc0300d Downloading 415.2MB
 c62c3fc0300d Downloading 415.2MB
 c62c3fc0300d Downloading 415.2MB
 c62c3fc0300d Downloading 415.2MB
 c62c3fc0300d Downloading 416.3MB
 c62c3fc0300d Downloading 416.3MB
 c62c3fc0300d Downloading 416.3MB
 c62c3fc0300d Downloading 416.3MB
 c62c3fc0300d Downloading 416.3MB
 c62c3fc0300d Downloading 416.3MB
 c62c3fc0300d Downloading 416.3MB
 c62c3fc0300d Downloading 416.3MB
 c62c3fc0300d Downloading 416.3MB
 c62c3fc0300d Downloading 416.3MB
 c62c3fc0300d Downloading 416.3MB
 c62c3fc0300d Downloading 416.3MB
 c62c3fc0300d Downloading 416.3MB
 c62c3fc0300d Downloading 416.3MB
 c62c3fc0300d Downloading 416.3MB
 c62c3fc0300d Downloading 416.3MB
 c62c3fc0300d Downloading 416.3MB
 c62c3fc0300d Downloading 416.3MB
 c62c3fc0300d Downloading 416.3MB
 c62c3fc0300d Downloading 416.3MB
 c62c3fc0300d Downloading 416.3MB
 c62c3fc0300d Downloading 416.3MB
 c62c3fc0300d Downloading 416.3MB
 c62c3fc0300d Downloading 416.3MB
 c62c3fc0300d Downloading 416.3MB
 c62c3fc0300d Downloading 416.3MB
 c62c3fc0300d Downloading 416.3MB
 c62c3fc0300d Downloading 416.3MB
 c62c3fc0300d Downloading 416.3MB
 c62c3fc0300d Downloading 416.3MB
 c62c3fc0300d Downloading 416.3MB
 c62c3fc0300d Downloading 416.3MB
 c62c3fc0300d Downloading 416.3MB
 c62c3fc0300d Downloading 416.3MB
 c62c3fc0300d Downloading 416.3MB
 c62c3fc0300d Downloading 416.3MB
 c62c3fc0300d Downloading 416.3MB
 c62c3fc0300d Downloading 416.3MB
 c62c3fc0300d Downloading 416.3MB
 c62c3fc0300d Downloading 416.3MB
 c62c3fc0300d Downloading 417.3MB
 c62c3fc0300d Downloading 417.3MB
 c62c3fc0300d Downloading 417.3MB
 c62c3fc0300d Downloading 417.3MB
 c62c3fc0300d Downloading 417.3MB
 c62c3fc0300d Downloading 417.3MB
 c62c3fc0300d Downloading 417.3MB
 c62c3fc0300d Downloading 417.3MB
 c62c3fc0300d Downloading 417.3MB
 c62c3fc0300d Downloading 417.3MB
 c62c3fc0300d Downloading 417.3MB
 c62c3fc0300d Downloading 417.3MB
 c62c3fc0300d Downloading 417.3MB
 c62c3fc0300d Downloading 417.3MB
 c62c3fc0300d Downloading 417.3MB
 c62c3fc0300d Downloading 417.3MB
 c62c3fc0300d Downloading 418.4MB
 c62c3fc0300d Downloading 418.4MB
 c62c3fc0300d Downloading 418.4MB
 c62c3fc0300d Downloading 418.4MB
 c62c3fc0300d Downloading 418.4MB
 c62c3fc0300d Downloading 418.4MB
 c62c3fc0300d Downloading 418.4MB
 c62c3fc0300d Downloading 418.4MB
 c62c3fc0300d Downloading 418.4MB
 c62c3fc0300d Downloading 418.4MB
 c62c3fc0300d Downloading 418.4MB
 c62c3fc0300d Downloading 418.4MB
 c62c3fc0300d Downloading 418.4MB
 c62c3fc0300d Downloading 418.4MB
 c62c3fc0300d Downloading 418.4MB
 c62c3fc0300d Downloading 418.4MB
 c62c3fc0300d Downloading 418.4MB
 c62c3fc0300d Downloading 418.4MB
 c62c3fc0300d Downloading 418.4MB
 c62c3fc0300d Downloading 418.4MB
 c62c3fc0300d Downloading 418.4MB
 c62c3fc0300d Downloading 418.4MB
 c62c3fc0300d Downloading 418.4MB
 c62c3fc0300d Downloading 418.4MB
 c62c3fc0300d Downloading 418.4MB
 c62c3fc0300d Downloading 419.4MB
 c62c3fc0300d Downloading 419.4MB
 c62c3fc0300d Downloading 419.4MB
 c62c3fc0300d Downloading 419.4MB
 c62c3fc0300d Downloading 419.4MB
 c62c3fc0300d Downloading 419.4MB
 c62c3fc0300d Downloading 419.4MB
 c62c3fc0300d Downloading 419.4MB
 c62c3fc0300d Downloading 419.4MB
 c62c3fc0300d Downloading 419.4MB
 c62c3fc0300d Downloading 419.4MB
 c62c3fc0300d Downloading 419.4MB
 c62c3fc0300d Downloading 419.4MB
 c62c3fc0300d Downloading 419.4MB
 c62c3fc0300d Downloading 419.4MB
 c62c3fc0300d Downloading 419.4MB
 c62c3fc0300d Downloading 419.4MB
 c62c3fc0300d Downloading 419.4MB
 c62c3fc0300d Downloading 419.4MB
 c62c3fc0300d Downloading 419.4MB
 c62c3fc0300d Downloading 419.4MB
 c62c3fc0300d Downloading 420.5MB
 c62c3fc0300d Downloading 420.5MB
 c62c3fc0300d Downloading 420.5MB
 c62c3fc0300d Downloading 420.5MB
 c62c3fc0300d Downloading 420.5MB
 c62c3fc0300d Downloading 420.5MB
 c62c3fc0300d Downloading 420.5MB
 c62c3fc0300d Downloading 420.5MB
 c62c3fc0300d Downloading 420.5MB
 c62c3fc0300d Downloading 420.5MB
 c62c3fc0300d Downloading 420.5MB
 c62c3fc0300d Downloading 420.5MB
 c62c3fc0300d Downloading 420.5MB
 c62c3fc0300d Downloading 420.5MB
 c62c3fc0300d Downloading 420.5MB
 c62c3fc0300d Downloading 420.5MB
 c62c3fc0300d Downloading 420.5MB
 c62c3fc0300d Downloading 420.5MB
 c62c3fc0300d Downloading 420.5MB
 c62c3fc0300d Downloading 420.5MB
 c62c3fc0300d Downloading 420.5MB
 c62c3fc0300d Downloading 420.5MB
 c62c3fc0300d Downloading 420.5MB
 c62c3fc0300d Downloading 420.5MB
 c62c3fc0300d Downloading 420.5MB
 c62c3fc0300d Downloading 420.5MB
 c62c3fc0300d Downloading 420.5MB
 c62c3fc0300d Downloading 420.5MB
 c62c3fc0300d Downloading 420.5MB
 c62c3fc0300d Downloading 420.5MB
 c62c3fc0300d Downloading 420.5MB
 c62c3fc0300d Downloading 421.5MB
 c62c3fc0300d Downloading 421.5MB
 c62c3fc0300d Downloading 421.5MB
 c62c3fc0300d Downloading 421.5MB
 c62c3fc0300d Downloading 421.5MB
 c62c3fc0300d Downloading 421.5MB
 c62c3fc0300d Downloading 421.5MB
 c62c3fc0300d Downloading 421.5MB
 c62c3fc0300d Downloading 421.5MB
 c62c3fc0300d Downloading 421.5MB
 c62c3fc0300d Downloading 421.5MB
 c62c3fc0300d Downloading 421.5MB
 c62c3fc0300d Downloading 421.5MB
 c62c3fc0300d Downloading 421.5MB
 c62c3fc0300d Downloading 421.5MB
 c62c3fc0300d Downloading 421.5MB
 c62c3fc0300d Downloading 421.5MB
 c62c3fc0300d Downloading 421.5MB
 c62c3fc0300d Downloading 421.5MB
 c62c3fc0300d Downloading 421.5MB
 c62c3fc0300d Downloading 421.5MB
 c62c3fc0300d Downloading 421.5MB
 c62c3fc0300d Downloading 421.5MB
 c62c3fc0300d Downloading 421.5MB
 c62c3fc0300d Downloading 421.5MB
 c62c3fc0300d Downloading 421.5MB
 c62c3fc0300d Downloading 421.5MB
 c62c3fc0300d Downloading 421.5MB
 c62c3fc0300d Downloading 422.6MB
 c62c3fc0300d Downloading 422.6MB
 c62c3fc0300d Downloading 422.6MB
 c62c3fc0300d Downloading 422.6MB
 c62c3fc0300d Downloading 422.6MB
 c62c3fc0300d Downloading 422.6MB
 c62c3fc0300d Downloading 422.6MB
 c62c3fc0300d Downloading 422.6MB
 c62c3fc0300d Downloading 422.6MB
 c62c3fc0300d Downloading 422.6MB
 c62c3fc0300d Downloading 422.6MB
 c62c3fc0300d Downloading 422.6MB
 c62c3fc0300d Downloading 422.6MB
 c62c3fc0300d Downloading 422.6MB
 c62c3fc0300d Downloading 422.6MB
 c62c3fc0300d Downloading 422.6MB
 c62c3fc0300d Downloading 422.6MB
 c62c3fc0300d Downloading 422.6MB
 c62c3fc0300d Downloading 422.6MB
 c62c3fc0300d Downloading 422.6MB
 c62c3fc0300d Downloading 422.6MB
 c62c3fc0300d Downloading 423.6MB
 c62c3fc0300d Downloading 423.6MB
 c62c3fc0300d Downloading 423.6MB
 c62c3fc0300d Downloading 423.6MB
 c62c3fc0300d Downloading 423.6MB
 c62c3fc0300d Downloading 423.6MB
 c62c3fc0300d Downloading 423.6MB
 c62c3fc0300d Downloading 423.6MB
 c62c3fc0300d Downloading 423.6MB
 c62c3fc0300d Downloading 423.6MB
 c62c3fc0300d Downloading 423.6MB
 c62c3fc0300d Downloading 423.6MB
 c62c3fc0300d Downloading 423.6MB
 c62c3fc0300d Downloading 423.6MB
 c62c3fc0300d Downloading 423.6MB
 c62c3fc0300d Downloading 423.6MB
 c62c3fc0300d Downloading 423.6MB
 c62c3fc0300d Downloading 424.7MB
 c62c3fc0300d Downloading 424.7MB
 c62c3fc0300d Downloading 424.7MB
 c62c3fc0300d Downloading 424.7MB
 c62c3fc0300d Downloading 424.7MB
 c62c3fc0300d Downloading 424.7MB
 c62c3fc0300d Downloading 424.7MB
 c62c3fc0300d Downloading 424.7MB
 c62c3fc0300d Downloading 424.7MB
 c62c3fc0300d Downloading 424.7MB
 c62c3fc0300d Downloading 424.7MB
 c62c3fc0300d Downloading 424.7MB
 c62c3fc0300d Downloading 424.7MB
 c62c3fc0300d Downloading 424.7MB
 c62c3fc0300d Downloading 424.7MB
 c62c3fc0300d Downloading 424.7MB
 c62c3fc0300d Downloading 424.7MB
 c62c3fc0300d Downloading 424.7MB
 c62c3fc0300d Downloading 424.7MB
 c62c3fc0300d Downloading 424.7MB
 c62c3fc0300d Downloading 424.7MB
 c62c3fc0300d Downloading 424.7MB
 c62c3fc0300d Downloading 424.7MB
 c62c3fc0300d Downloading 424.7MB
 c62c3fc0300d Downloading 424.7MB
 c62c3fc0300d Downloading 424.7MB
 c62c3fc0300d Downloading 424.7MB
 c62c3fc0300d Downloading 425.7MB
 c62c3fc0300d Downloading 425.7MB
 c62c3fc0300d Downloading 425.7MB
 c62c3fc0300d Downloading 425.7MB
 c62c3fc0300d Downloading 425.7MB
 c62c3fc0300d Downloading 425.7MB
 c62c3fc0300d Downloading 425.7MB
 c62c3fc0300d Downloading 425.7MB
 c62c3fc0300d Downloading 425.7MB
 c62c3fc0300d Downloading 425.7MB
 c62c3fc0300d Downloading 425.7MB
 c62c3fc0300d Downloading 425.7MB
 c62c3fc0300d Downloading 425.7MB
 c62c3fc0300d Downloading 425.7MB
 c62c3fc0300d Downloading 425.7MB
 c62c3fc0300d Downloading 425.7MB
 c62c3fc0300d Downloading 425.7MB
 c62c3fc0300d Downloading 425.7MB
 c62c3fc0300d Downloading 425.7MB
 c62c3fc0300d Downloading 425.7MB
 c62c3fc0300d Downloading 425.7MB
 c62c3fc0300d Downloading 425.7MB
 c62c3fc0300d Downloading 425.7MB
 c62c3fc0300d Downloading 425.7MB
 c62c3fc0300d Downloading 425.7MB
 c62c3fc0300d Downloading 425.7MB
 c62c3fc0300d Downloading 426.8MB
 c62c3fc0300d Downloading 426.8MB
 c62c3fc0300d Downloading 426.8MB
 c62c3fc0300d Downloading 426.8MB
 c62c3fc0300d Downloading 426.8MB
 c62c3fc0300d Downloading 426.8MB
 c62c3fc0300d Downloading 426.8MB
 c62c3fc0300d Downloading 426.8MB
 c62c3fc0300d Downloading 426.8MB
 c62c3fc0300d Downloading 426.8MB
 c62c3fc0300d Downloading 426.8MB
 c62c3fc0300d Downloading 426.8MB
 c62c3fc0300d Downloading 426.8MB
 c62c3fc0300d Downloading 426.8MB
 c62c3fc0300d Downloading 426.8MB
 c62c3fc0300d Downloading 426.8MB
 c62c3fc0300d Downloading 426.8MB
 c62c3fc0300d Downloading 426.8MB
 c62c3fc0300d Downloading 427.8MB
 c62c3fc0300d Downloading 427.8MB
 c62c3fc0300d Downloading 427.8MB
 c62c3fc0300d Downloading 427.8MB
 c62c3fc0300d Downloading 427.8MB
 c62c3fc0300d Downloading 427.8MB
 c62c3fc0300d Downloading 427.8MB
 c62c3fc0300d Downloading 427.8MB
 c62c3fc0300d Downloading 427.8MB
 c62c3fc0300d Downloading 428.9MB
 c62c3fc0300d Downloading 428.9MB
 c62c3fc0300d Downloading 428.9MB
 c62c3fc0300d Downloading 428.9MB
 c62c3fc0300d Downloading 428.9MB
 c62c3fc0300d Downloading 428.9MB
 c62c3fc0300d Downloading 428.9MB
 c62c3fc0300d Downloading 428.9MB
 c62c3fc0300d Downloading 428.9MB
 c62c3fc0300d Downloading 428.9MB
 c62c3fc0300d Downloading 428.9MB
 c62c3fc0300d Downloading 428.9MB
 c62c3fc0300d Downloading 428.9MB
 c62c3fc0300d Downloading 428.9MB
 c62c3fc0300d Downloading 428.9MB
 c62c3fc0300d Downloading 428.9MB
 c62c3fc0300d Downloading 428.9MB
 c62c3fc0300d Downloading 428.9MB
 c62c3fc0300d Downloading 429.9MB
 c62c3fc0300d Downloading 429.9MB
 c62c3fc0300d Downloading 429.9MB
 c62c3fc0300d Downloading 429.9MB
 c62c3fc0300d Downloading 429.9MB
 c62c3fc0300d Downloading 429.9MB
 c62c3fc0300d Downloading 429.9MB
 c62c3fc0300d Downloading 429.9MB
 c62c3fc0300d Downloading 429.9MB
 c62c3fc0300d Downloading 429.9MB
 c62c3fc0300d Downloading 429.9MB
 c62c3fc0300d Downloading 429.9MB
 c62c3fc0300d Downloading 429.9MB
 c62c3fc0300d Downloading 429.9MB
 c62c3fc0300d Downloading 429.9MB
 c62c3fc0300d Downloading 429.9MB
 c62c3fc0300d Downloading 429.9MB
 c62c3fc0300d Downloading 429.9MB
 c62c3fc0300d Downloading 429.9MB
 c62c3fc0300d Downloading 429.9MB
 c62c3fc0300d Downloading 429.9MB
 c62c3fc0300d Downloading 429.9MB
 c62c3fc0300d Downloading 429.9MB
 c62c3fc0300d Downloading 429.9MB
 c62c3fc0300d Downloading 429.9MB
 c62c3fc0300d Downloading 429.9MB
 c62c3fc0300d Downloading 429.9MB
 c62c3fc0300d Downloading 429.9MB
 c62c3fc0300d Downloading 429.9MB
 c62c3fc0300d Downloading 429.9MB
 c62c3fc0300d Downloading 429.9MB
 c62c3fc0300d Downloading 429.9MB
 c62c3fc0300d Downloading 429.9MB
 c62c3fc0300d Downloading 429.9MB
 c62c3fc0300d Downloading 429.9MB
 c62c3fc0300d Downloading 431MB
 c62c3fc0300d Download complete 0B
 c62c3fc0300d Extracting 1B
 c62c3fc0300d Extracting 1B
 c62c3fc0300d Extracting 1B
 c62c3fc0300d Extracting 1B
 c62c3fc0300d Extracting 1B
 c62c3fc0300d Extracting 1B
 c62c3fc0300d Extracting 1B
 c62c3fc0300d Extracting 1B
 c62c3fc0300d Extracting 1B
 c62c3fc0300d Extracting 1B
 c62c3fc0300d Extracting 1B
 c62c3fc0300d Extracting 2B
 c62c3fc0300d Extracting 2B
 c62c3fc0300d Extracting 2B
 c62c3fc0300d Extracting 2B
 c62c3fc0300d Extracting 2B
 c62c3fc0300d Extracting 2B
 c62c3fc0300d Extracting 2B
 c62c3fc0300d Extracting 2B
 c62c3fc0300d Extracting 2B
 c62c3fc0300d Extracting 3B
 c62c3fc0300d Extracting 3B
 c62c3fc0300d Extracting 3B
 c62c3fc0300d Extracting 3B
 c62c3fc0300d Extracting 3B
 c62c3fc0300d Extracting 3B
 c62c3fc0300d Extracting 3B
 c62c3fc0300d Extracting 3B
 c62c3fc0300d Extracting 3B
 c62c3fc0300d Extracting 4B
 c62c3fc0300d Extracting 4B
 c62c3fc0300d Extracting 4B
 c62c3fc0300d Extracting 4B
 c62c3fc0300d Extracting 4B
 c62c3fc0300d Extracting 4B
 c62c3fc0300d Extracting 4B
 c62c3fc0300d Extracting 4B
 c62c3fc0300d Extracting 4B
 c62c3fc0300d Extracting 4B
 c62c3fc0300d Extracting 4B
 c62c3fc0300d Extracting 5B
 c62c3fc0300d Extracting 5B
 c62c3fc0300d Extracting 5B
 c62c3fc0300d Extracting 5B
 c62c3fc0300d Extracting 5B
 c62c3fc0300d Extracting 5B
 c62c3fc0300d Extracting 5B
 c62c3fc0300d Extracting 5B
 c62c3fc0300d Extracting 5B
 c62c3fc0300d Extracting 5B
 c62c3fc0300d Extracting 5B
 c62c3fc0300d Extracting 6B
 c62c3fc0300d Extracting 6B
 c62c3fc0300d Extracting 6B
 c62c3fc0300d Extracting 6B
 c62c3fc0300d Extracting 6B
 c62c3fc0300d Extracting 6B
 c62c3fc0300d Extracting 6B
 c62c3fc0300d Extracting 6B
 c62c3fc0300d Extracting 6B
 c62c3fc0300d Extracting 6B
 c62c3fc0300d Extracting 7B
 c62c3fc0300d Extracting 7B
 c62c3fc0300d Extracting 7B
 c62c3fc0300d Extracting 7B
 c62c3fc0300d Extracting 7B
 c62c3fc0300d Extracting 7B
 c62c3fc0300d Extracting 7B
 c62c3fc0300d Extracting 7B
 c62c3fc0300d Extracting 7B
 c62c3fc0300d Extracting 8B
 c62c3fc0300d Extracting 8B
 c62c3fc0300d Extracting 8B
 c62c3fc0300d Extracting 8B
 c62c3fc0300d Extracting 8B
 c62c3fc0300d Extracting 8B
 c62c3fc0300d Extracting 8B
 c62c3fc0300d Extracting 8B
 c62c3fc0300d Extracting 8B
 c62c3fc0300d Extracting 8B
 c62c3fc0300d Extracting 9B
 c62c3fc0300d Extracting 9B
 c62c3fc0300d Extracting 9B
 c62c3fc0300d Extracting 9B
 c62c3fc0300d Extracting 9B
 c62c3fc0300d Extracting 9B
 c62c3fc0300d Extracting 9B
 c62c3fc0300d Extracting 9B
 c62c3fc0300d Extracting 9B
 c62c3fc0300d Extracting 9B
 c62c3fc0300d Extracting 10B
 c62c3fc0300d Extracting 10B
 c62c3fc0300d Extracting 10B
 c62c3fc0300d Extracting 10B
 c62c3fc0300d Extracting 10B
 c62c3fc0300d Extracting 10B
 c62c3fc0300d Extracting 10B
 c62c3fc0300d Extracting 10B
 c62c3fc0300d Extracting 10B
 c62c3fc0300d Extracting 10B
 c62c3fc0300d Extracting 11B
 c62c3fc0300d Extracting 11B
 c62c3fc0300d Extracting 11B
 c62c3fc0300d Extracting 11B
 c62c3fc0300d Extracting 11B
 c62c3fc0300d Extracting 11B
 c62c3fc0300d Extracting 11B
 c62c3fc0300d Extracting 11B
 c62c3fc0300d Extracting 11B
 c62c3fc0300d Extracting 11B
 c62c3fc0300d Extracting 12B
 c62c3fc0300d Extracting 12B
 c62c3fc0300d Extracting 12B
 c62c3fc0300d Extracting 12B
 c62c3fc0300d Extracting 12B
 c62c3fc0300d Extracting 12B
 c62c3fc0300d Extracting 12B
 c62c3fc0300d Extracting 12B
 c62c3fc0300d Extracting 12B
 c62c3fc0300d Extracting 13B
 c62c3fc0300d Extracting 13B
 c62c3fc0300d Extracting 13B
 c62c3fc0300d Extracting 13B
 c62c3fc0300d Extracting 13B
 c62c3fc0300d Extracting 13B
 c62c3fc0300d Extracting 13B
 c62c3fc0300d Extracting 13B
 c62c3fc0300d Extracting 13B
 c62c3fc0300d Extracting 14B
 c62c3fc0300d Extracting 14B
 c62c3fc0300d Extracting 14B
 c62c3fc0300d Extracting 14B
 c62c3fc0300d Extracting 14B
 c62c3fc0300d Extracting 14B
 c62c3fc0300d Extracting 14B
 c62c3fc0300d Extracting 14B
 c62c3fc0300d Extracting 14B
 c62c3fc0300d Extracting 14B
 c62c3fc0300d Extracting 15B
 c62c3fc0300d Extracting 15B
 c62c3fc0300d Extracting 15B
 c62c3fc0300d Extracting 15B
 c62c3fc0300d Extracting 15B
 c62c3fc0300d Extracting 15B
 c62c3fc0300d Extracting 15B
 c62c3fc0300d Extracting 15B
 c62c3fc0300d Extracting 15B
 c62c3fc0300d Extracting 15B
 c62c3fc0300d Extracting 16B
 c62c3fc0300d Extracting 16B
 c62c3fc0300d Extracting 16B
 c62c3fc0300d Extracting 16B
 c62c3fc0300d Extracting 16B
 c62c3fc0300d Extracting 16B
 c62c3fc0300d Extracting 16B
 c62c3fc0300d Extracting 16B
 c62c3fc0300d Extracting 16B
 c62c3fc0300d Extracting 16B
 c62c3fc0300d Extracting 17B
 c62c3fc0300d Extracting 17B
 c62c3fc0300d Extracting 17B
 c62c3fc0300d Extracting 17B
 c62c3fc0300d Extracting 17B
 c62c3fc0300d Extracting 17B
 c62c3fc0300d Extracting 17B
 c62c3fc0300d Extracting 17B
 c62c3fc0300d Extracting 17B
 c62c3fc0300d Extracting 17B
 c62c3fc0300d Extracting 18B
 c62c3fc0300d Extracting 18B
 c62c3fc0300d Extracting 18B
 c62c3fc0300d Extracting 18B
 c62c3fc0300d Extracting 18B
 c62c3fc0300d Extracting 18B
 c62c3fc0300d Extracting 18B
 c62c3fc0300d Extracting 18B
 c62c3fc0300d Extracting 18B
 c62c3fc0300d Extracting 18B
 c62c3fc0300d Extracting 19B
 c62c3fc0300d Extracting 19B
 c62c3fc0300d Extracting 19B
 c62c3fc0300d Extracting 19B
 c62c3fc0300d Extracting 19B
 c62c3fc0300d Extracting 19B
 c62c3fc0300d Extracting 20B
 c62c3fc0300d Extracting 20B
 c62c3fc0300d Extracting 20B
 c62c3fc0300d Extracting 21B
 c62c3fc0300d Extracting 21B
 c62c3fc0300d Extracting 21B
 c62c3fc0300d Extracting 21B
 c62c3fc0300d Extracting 21B
 c62c3fc0300d Extracting 21B
 c62c3fc0300d Extracting 21B
 c62c3fc0300d Extracting 21B
 c62c3fc0300d Extracting 21B
 c62c3fc0300d Extracting 21B
 c62c3fc0300d Extracting 22B
 c62c3fc0300d Extracting 22B
 c62c3fc0300d Extracting 22B
 c62c3fc0300d Extracting 22B
 c62c3fc0300d Extracting 22B
 c62c3fc0300d Extracting 22B
 c62c3fc0300d Extracting 22B
 c62c3fc0300d Extracting 22B
 c62c3fc0300d Extracting 22B
 c62c3fc0300d Extracting 22B
 c62c3fc0300d Extracting 23B
 c62c3fc0300d Extracting 23B
 c62c3fc0300d Extracting 23B
 c62c3fc0300d Extracting 23B
 c62c3fc0300d Extracting 23B
 c62c3fc0300d Extracting 23B
 c62c3fc0300d Extracting 23B
 c62c3fc0300d Extracting 23B
 c62c3fc0300d Extracting 23B
 c62c3fc0300d Extracting 23B
 c62c3fc0300d Extracting 24B
 c62c3fc0300d Extracting 24B
 c62c3fc0300d Extracting 24B
 c62c3fc0300d Extracting 24B
 c62c3fc0300d Extracting 24B
 c62c3fc0300d Extracting 24B
 c62c3fc0300d Extracting 24B
 c62c3fc0300d Extracting 24B
 c62c3fc0300d Extracting 24B
 c62c3fc0300d Extracting 24B
 c62c3fc0300d Extracting 25B
 c62c3fc0300d Extracting 25B
 c62c3fc0300d Extracting 25B
 c62c3fc0300d Extracting 25B
 c62c3fc0300d Extracting 25B
 c62c3fc0300d Extracting 25B
 c62c3fc0300d Extracting 25B
 c62c3fc0300d Extracting 25B
 c62c3fc0300d Extracting 25B
 c62c3fc0300d Extracting 25B
 c62c3fc0300d Extracting 26B
 c62c3fc0300d Extracting 26B
 c62c3fc0300d Extracting 26B
 c62c3fc0300d Extracting 26B
 c62c3fc0300d Extracting 26B
 c62c3fc0300d Extracting 26B
 c62c3fc0300d Extracting 26B
 c62c3fc0300d Extracting 26B
 c62c3fc0300d Extracting 26B
 c62c3fc0300d Extracting 26B
 c62c3fc0300d Extracting 27B
 c62c3fc0300d Extracting 27B
 c62c3fc0300d Extracting 27B
 c62c3fc0300d Extracting 27B
 c62c3fc0300d Extracting 27B
 c62c3fc0300d Extracting 27B
 c62c3fc0300d Extracting 27B
 c62c3fc0300d Extracting 27B
 c62c3fc0300d Extracting 28B
 c62c3fc0300d Extracting 28B
 c62c3fc0300d Extracting 28B
 c62c3fc0300d Extracting 28B
 c62c3fc0300d Extracting 28B
 c62c3fc0300d Extracting 28B
 c62c3fc0300d Extracting 28B
 c62c3fc0300d Extracting 28B
 c62c3fc0300d Extracting 28B
 c62c3fc0300d Extracting 28B
 c62c3fc0300d Extracting 28B
 c62c3fc0300d Extracting 29B
 c62c3fc0300d Extracting 29B
 c62c3fc0300d Extracting 29B
 c62c3fc0300d Extracting 29B
 c62c3fc0300d Extracting 29B
 c62c3fc0300d Extracting 29B
 c62c3fc0300d Extracting 29B
 c62c3fc0300d Extracting 29B
 c62c3fc0300d Extracting 29B
 c62c3fc0300d Extracting 29B
 c62c3fc0300d Extracting 30B
 c62c3fc0300d Extracting 30B
 c62c3fc0300d Extracting 30B
 c62c3fc0300d Extracting 30B
 c62c3fc0300d Extracting 30B
 c62c3fc0300d Extracting 30B
 c62c3fc0300d Extracting 30B
 c62c3fc0300d Extracting 30B
 c62c3fc0300d Extracting 30B
 c62c3fc0300d Extracting 30B
 c62c3fc0300d Extracting 31B
 c62c3fc0300d Extracting 31B
 c62c3fc0300d Extracting 31B
 c62c3fc0300d Extracting 31B
 c62c3fc0300d Extracting 31B
 c62c3fc0300d Extracting 31B
 c62c3fc0300d Extracting 31B
 c62c3fc0300d Extracting 31B
 c62c3fc0300d Extracting 31B
 c62c3fc0300d Extracting 31B
 c62c3fc0300d Extracting 32B
 c62c3fc0300d Extracting 32B
 c62c3fc0300d Extracting 32B
 c62c3fc0300d Extracting 32B
 c62c3fc0300d Extracting 32B
 c62c3fc0300d Extracting 32B
 c62c3fc0300d Extracting 32B
 c62c3fc0300d Extracting 32B
 c62c3fc0300d Extracting 32B
 c62c3fc0300d Extracting 32B
 c62c3fc0300d Extracting 33B
 c62c3fc0300d Extracting 33B
 c62c3fc0300d Extracting 33B
 c62c3fc0300d Extracting 33B
 c62c3fc0300d Extracting 33B
 c62c3fc0300d Extracting 33B
 c62c3fc0300d Extracting 33B
 c62c3fc0300d Extracting 33B
 c62c3fc0300d Extracting 33B
 c62c3fc0300d Extracting 33B
 c62c3fc0300d Extracting 34B
 c62c3fc0300d Extracting 34B
 c62c3fc0300d Extracting 34B
 c62c3fc0300d Extracting 34B
 c62c3fc0300d Extracting 34B
 c62c3fc0300d Extracting 34B
 c62c3fc0300d Extracting 34B
 c62c3fc0300d Extracting 34B
 c62c3fc0300d Extracting 34B
 c62c3fc0300d Extracting 34B
 c62c3fc0300d Extracting 35B
 c62c3fc0300d Extracting 35B
 c62c3fc0300d Extracting 35B
 c62c3fc0300d Extracting 35B
 c62c3fc0300d Extracting 35B
 c62c3fc0300d Extracting 35B
 c62c3fc0300d Extracting 35B
 c62c3fc0300d Extracting 35B
 c62c3fc0300d Extracting 35B
 c62c3fc0300d Extracting 35B
 c62c3fc0300d Extracting 36B
 c62c3fc0300d Extracting 36B
 c62c3fc0300d Extracting 36B
 c62c3fc0300d Extracting 36B
 c62c3fc0300d Extracting 36B
 c62c3fc0300d Extracting 36B
 c62c3fc0300d Extracting 36B
 c62c3fc0300d Extracting 36B
 c62c3fc0300d Extracting 36B
 c62c3fc0300d Extracting 36B
 c62c3fc0300d Extracting 36B
 c62c3fc0300d Extracting 37B
 c62c3fc0300d Extracting 37B
 c62c3fc0300d Extracting 37B
 c62c3fc0300d Extracting 37B
 c62c3fc0300d Extracting 37B
 c62c3fc0300d Extracting 37B
 c62c3fc0300d Extracting 37B
 c62c3fc0300d Extracting 37B
 c62c3fc0300d Extracting 37B
 c62c3fc0300d Extracting 38B
 c62c3fc0300d Extracting 38B
 c62c3fc0300d Extracting 38B
 c62c3fc0300d Extracting 38B
 c62c3fc0300d Extracting 38B
 c62c3fc0300d Extracting 38B
 c62c3fc0300d Extracting 38B
 c62c3fc0300d Extracting 38B
 c62c3fc0300d Extracting 38B
 c62c3fc0300d Extracting 38B
 c62c3fc0300d Extracting 39B
 c62c3fc0300d Extracting 39B
 c62c3fc0300d Extracting 39B
 c62c3fc0300d Extracting 39B
 c62c3fc0300d Extracting 39B
 c62c3fc0300d Extracting 39B
 c62c3fc0300d Extracting 39B
 c62c3fc0300d Extracting 39B
 c62c3fc0300d Extracting 39B
 c62c3fc0300d Extracting 39B
 c62c3fc0300d Extracting 40B
 c62c3fc0300d Extracting 40B
 c62c3fc0300d Extracting 40B
 c62c3fc0300d Extracting 40B
 c62c3fc0300d Extracting 40B
 c62c3fc0300d Extracting 40B
 c62c3fc0300d Extracting 40B
 c62c3fc0300d Extracting 40B
 c62c3fc0300d Extracting 40B
 c62c3fc0300d Extracting 40B
 c62c3fc0300d Extracting 41B
 c62c3fc0300d Extracting 41B
 c62c3fc0300d Extracting 41B
 c62c3fc0300d Extracting 41B
 c62c3fc0300d Extracting 41B
 c62c3fc0300d Extracting 41B
 c62c3fc0300d Extracting 41B
 c62c3fc0300d Extracting 41B
 c62c3fc0300d Extracting 41B
 c62c3fc0300d Extracting 41B
 c62c3fc0300d Extracting 42B
 c62c3fc0300d Extracting 42B
 c62c3fc0300d Extracting 42B
 c62c3fc0300d Extracting 42B
 c62c3fc0300d Extracting 42B
 c62c3fc0300d Extracting 42B
 c62c3fc0300d Extracting 42B
 c62c3fc0300d Extracting 42B
 c62c3fc0300d Extracting 42B
 c62c3fc0300d Extracting 42B
 c62c3fc0300d Extracting 43B
 c62c3fc0300d Extracting 43B
 c62c3fc0300d Extracting 43B
 c62c3fc0300d Extracting 43B
 c62c3fc0300d Extracting 43B
 c62c3fc0300d Extracting 43B
 c62c3fc0300d Extracting 43B
 c62c3fc0300d Extracting 43B
 c62c3fc0300d Extracting 43B
 c62c3fc0300d Extracting 43B
 c62c3fc0300d Extracting 44B
 c62c3fc0300d Extracting 44B
 c62c3fc0300d Extracting 44B
 c62c3fc0300d Extracting 44B
 c62c3fc0300d Extracting 44B
 c62c3fc0300d Extracting 44B
 c62c3fc0300d Extracting 44B
 c62c3fc0300d Extracting 44B
 c62c3fc0300d Extracting 44B
 c62c3fc0300d Extracting 44B
 c62c3fc0300d Extracting 45B
 c62c3fc0300d Extracting 45B
 c62c3fc0300d Extracting 45B
 c62c3fc0300d Extracting 45B
 c62c3fc0300d Extracting 45B
 c62c3fc0300d Extracting 45B
 c62c3fc0300d Extracting 45B
 c62c3fc0300d Extracting 45B
 c62c3fc0300d Extracting 45B
 c62c3fc0300d Extracting 45B
 c62c3fc0300d Extracting 45B
 c62c3fc0300d Extracting 46B
 c62c3fc0300d Extracting 46B
 c62c3fc0300d Extracting 46B
 c62c3fc0300d Extracting 46B
 c62c3fc0300d Extracting 46B
 c62c3fc0300d Extracting 46B
 c62c3fc0300d Extracting 46B
 c62c3fc0300d Extracting 46B
 c62c3fc0300d Extracting 46B
 c62c3fc0300d Extracting 47B
 c62c3fc0300d Extracting 47B
 c62c3fc0300d Extracting 47B
 c62c3fc0300d Extracting 47B
 c62c3fc0300d Extracting 47B
 c62c3fc0300d Extracting 47B
 c62c3fc0300d Extracting 47B
 c62c3fc0300d Extracting 47B
 c62c3fc0300d Extracting 47B
 c62c3fc0300d Extracting 47B
 c62c3fc0300d Extracting 47B
 c62c3fc0300d Extracting 48B
 c62c3fc0300d Extracting 48B
 c62c3fc0300d Extracting 48B
 c62c3fc0300d Extracting 48B
 c62c3fc0300d Extracting 48B
 c62c3fc0300d Extracting 48B
 c62c3fc0300d Extracting 48B
 c62c3fc0300d Extracting 48B
 c62c3fc0300d Extracting 48B
 c62c3fc0300d Extracting 49B
 c62c3fc0300d Extracting 49B
 c62c3fc0300d Extracting 49B
 c62c3fc0300d Extracting 49B
 c62c3fc0300d Extracting 49B
 c62c3fc0300d Extracting 49B
 c62c3fc0300d Extracting 49B
 c62c3fc0300d Extracting 49B
 c62c3fc0300d Extracting 49B
 c62c3fc0300d Extracting 49B
 c62c3fc0300d Extracting 50B
 c62c3fc0300d Extracting 50B
 c62c3fc0300d Extracting 50B
 c62c3fc0300d Extracting 50B
 c62c3fc0300d Extracting 50B
 c62c3fc0300d Extracting 50B
 c62c3fc0300d Extracting 50B
 c62c3fc0300d Extracting 50B
 c62c3fc0300d Extracting 50B
 c62c3fc0300d Extracting 50B
 c62c3fc0300d Extracting 51B
 c62c3fc0300d Extracting 51B
 c62c3fc0300d Extracting 51B
 c62c3fc0300d Extracting 51B
 c62c3fc0300d Extracting 51B
 c62c3fc0300d Extracting 51B
 c62c3fc0300d Extracting 51B
 c62c3fc0300d Extracting 51B
 c62c3fc0300d Extracting 51B
 c62c3fc0300d Extracting 51B
 c62c3fc0300d Extracting 52B
 c62c3fc0300d Extracting 52B
 c62c3fc0300d Extracting 52B
 c62c3fc0300d Extracting 52B
 c62c3fc0300d Extracting 52B
 c62c3fc0300d Extracting 52B
 57f13386bc1b Pull complete 0B
 c62c3fc0300d Pull complete 0B
 dcc7b800eec9 Extracting 1B
 dcc7b800eec9 Extracting 1B
 dcc7b800eec9 Extracting 1B
 dcc7b800eec9 Extracting 1B
 dcc7b800eec9 Extracting 1B
 dcc7b800eec9 Extracting 1B
 dcc7b800eec9 Extracting 1B
 dcc7b800eec9 Extracting 1B
 dcc7b800eec9 Extracting 1B
 dcc7b800eec9 Extracting 1B
 dcc7b800eec9 Extracting 1B
 dcc7b800eec9 Extracting 2B
 dcc7b800eec9 Extracting 2B
 dcc7b800eec9 Extracting 2B
 dcc7b800eec9 Extracting 2B
 dcc7b800eec9 Extracting 2B
 dcc7b800eec9 Extracting 2B
 dcc7b800eec9 Extracting 2B
 dcc7b800eec9 Extracting 2B
 dcc7b800eec9 Extracting 2B
 dcc7b800eec9 Extracting 2B
 dcc7b800eec9 Extracting 3B
 dcc7b800eec9 Extracting 3B
 dcc7b800eec9 Extracting 3B
 dcc7b800eec9 Extracting 3B
 dcc7b800eec9 Extracting 3B
 dcc7b800eec9 Extracting 3B
 dcc7b800eec9 Extracting 3B
 dcc7b800eec9 Extracting 3B
 dcc7b800eec9 Extracting 3B
 dcc7b800eec9 Extracting 3B
 dcc7b800eec9 Extracting 4B
 dcc7b800eec9 Extracting 4B
 dcc7b800eec9 Extracting 4B
 dcc7b800eec9 Extracting 4B
 dcc7b800eec9 Extracting 4B
 dcc7b800eec9 Extracting 4B
 dcc7b800eec9 Extracting 4B
 dcc7b800eec9 Extracting 4B
 dcc7b800eec9 Extracting 4B
 dcc7b800eec9 Extracting 4B
 dcc7b800eec9 Extracting 5B
 dcc7b800eec9 Extracting 5B
 dcc7b800eec9 Extracting 5B
 dcc7b800eec9 Extracting 5B
 dcc7b800eec9 Extracting 5B
 dcc7b800eec9 Extracting 5B
 dcc7b800eec9 Extracting 5B
 dcc7b800eec9 Extracting 5B
 dcc7b800eec9 Extracting 5B
 dcc7b800eec9 Extracting 5B
 dcc7b800eec9 Extracting 6B
 dcc7b800eec9 Extracting 6B
 dcc7b800eec9 Extracting 6B
 dcc7b800eec9 Extracting 6B
 dcc7b800eec9 Extracting 6B
 dcc7b800eec9 Extracting 6B
 dcc7b800eec9 Extracting 6B
 dcc7b800eec9 Extracting 6B
 dcc7b800eec9 Extracting 6B
 dcc7b800eec9 Extracting 6B
 dcc7b800eec9 Extracting 7B
 dcc7b800eec9 Extracting 7B
 dcc7b800eec9 Extracting 7B
 dcc7b800eec9 Extracting 7B
 dcc7b800eec9 Extracting 7B
 dcc7b800eec9 Extracting 7B
 dcc7b800eec9 Extracting 7B
 dcc7b800eec9 Extracting 7B
 dcc7b800eec9 Extracting 7B
 dcc7b800eec9 Extracting 8B
 dcc7b800eec9 Extracting 8B
 dcc7b800eec9 Extracting 8B
 dcc7b800eec9 Extracting 8B
 dcc7b800eec9 Extracting 8B
 dcc7b800eec9 Extracting 8B
 dcc7b800eec9 Extracting 8B
 dcc7b800eec9 Extracting 8B
 dcc7b800eec9 Extracting 8B
 dcc7b800eec9 Extracting 8B
 dcc7b800eec9 Extracting 9B
 dcc7b800eec9 Extracting 9B
 dcc7b800eec9 Extracting 9B
 dcc7b800eec9 Extracting 9B
 dcc7b800eec9 Extracting 9B
 dcc7b800eec9 Extracting 9B
 dcc7b800eec9 Extracting 9B
 dcc7b800eec9 Extracting 9B
 dcc7b800eec9 Extracting 9B
 dcc7b800eec9 Extracting 9B
 dcc7b800eec9 Extracting 10B
 dcc7b800eec9 Extracting 10B
 dcc7b800eec9 Extracting 10B
 dcc7b800eec9 Extracting 10B
 dcc7b800eec9 Extracting 10B
 dcc7b800eec9 Extracting 10B
 dcc7b800eec9 Extracting 10B
 dcc7b800eec9 Extracting 10B
 dcc7b800eec9 Extracting 10B
 dcc7b800eec9 Extracting 10B
 dcc7b800eec9 Extracting 11B
 dcc7b800eec9 Extracting 11B
 dcc7b800eec9 Extracting 11B
 dcc7b800eec9 Extracting 11B
 dcc7b800eec9 Extracting 11B
 dcc7b800eec9 Extracting 11B
 dcc7b800eec9 Extracting 11B
 dcc7b800eec9 Extracting 11B
 dcc7b800eec9 Extracting 11B
 dcc7b800eec9 Extracting 11B
 dcc7b800eec9 Extracting 12B
 dcc7b800eec9 Extracting 12B
 dcc7b800eec9 Extracting 12B
 dcc7b800eec9 Extracting 12B
 dcc7b800eec9 Extracting 12B
 dcc7b800eec9 Extracting 12B
 dcc7b800eec9 Extracting 12B
 dcc7b800eec9 Extracting 12B
 dcc7b800eec9 Extracting 12B
 dcc7b800eec9 Extracting 12B
 dcc7b800eec9 Extracting 13B
 dcc7b800eec9 Extracting 13B
 dcc7b800eec9 Extracting 13B
 dcc7b800eec9 Extracting 13B
 dcc7b800eec9 Extracting 13B
 dcc7b800eec9 Extracting 13B
 dcc7b800eec9 Extracting 13B
 dcc7b800eec9 Extracting 13B
 dcc7b800eec9 Extracting 13B
 dcc7b800eec9 Extracting 14B
 dcc7b800eec9 Extracting 14B
 dcc7b800eec9 Extracting 14B
 dcc7b800eec9 Extracting 14B
 dcc7b800eec9 Extracting 14B
 dcc7b800eec9 Extracting 14B
 dcc7b800eec9 Extracting 14B
 dcc7b800eec9 Extracting 14B
 dcc7b800eec9 Extracting 14B
 dcc7b800eec9 Extracting 14B
 dcc7b800eec9 Extracting 14B
 dcc7b800eec9 Extracting 15B
 dcc7b800eec9 Extracting 15B
 dcc7b800eec9 Extracting 15B
 dcc7b800eec9 Extracting 15B
 dcc7b800eec9 Extracting 15B
 dcc7b800eec9 Extracting 15B
 dcc7b800eec9 Extracting 15B
 dcc7b800eec9 Extracting 15B
 dcc7b800eec9 Extracting 15B
 dcc7b800eec9 Extracting 15B
 dcc7b800eec9 Extracting 16B
 dcc7b800eec9 Extracting 16B
 dcc7b800eec9 Extracting 16B
 dcc7b800eec9 Extracting 16B
 dcc7b800eec9 Extracting 16B
 dcc7b800eec9 Extracting 16B
 dcc7b800eec9 Pull complete 0B
 Image mcr.microsoft.com/azure-sql-edge Pulled 
